Data,Mandante,Hor/Res,Visitante,Liga,Fase,Unnamed: 6,Torneio,Campo
2026-07-11 00:00:00,Porto Velho Miners,00:00:0000:00,São Raimundo C. Cavaliers,Superliga D1,,,superliga-2026,
2026-07-11 00:00:00,Tubarões do Cerrado,24 - 00,Goiás FA,Superliga D1,,,superliga-2026,
2026-07-18 00:00:00,Brown Spiders,00:00:0000:00,Londrina Bristlebacks,Superliga D1,,,superliga-2026,
2026-07-18 09:00:00,Bravos FA,25 - 26,Santa Maria Soldiers,Superliga D1,,,superliga-2026,
2026-07-18 10:00:00,Curitiba Phoenix,06 - 18,Brasília Pilots,Superliga Feminina,,,superliga-2026,
2026-07-18 10:00:00,Erechim Coroados,28 - 07,Bears FA,Superliga D2,,,superliga-2026,
2026-07-18 10:00:00,Chape FA,00 - 32,Cascavel Olympians,Superliga D2,,,superliga-2026,
2026-07-18 10:00:00,Vikings FA,40 - 10,Corinthians Steamrollers,Superliga D2,,,superliga-2026,
2026-07-18 11:00:00,Lusa Jaguars,00 - 26,Curitiba Silverhawks,Superliga Feminina,,,superliga-2026,
2026-07-18 14:00:00,João Pessoa Espectros,11 - 28,Recife Mariners,Superliga D1,,,superliga-2026,
2026-07-18 14:00:00,Ocelots FA,54 - 00,Flamengo Imperadores,Superliga D1,,,superliga-2026,
2026-07-18 14:00:00,Guarulhos Rhynos,30 - 14,Vasco Almirantes,Superliga D1,,,superliga-2026,
2026-07-18 14:00:00,Juventude FA,00 - 21,T-Rex,Superliga D1,,,superliga-2026,
2026-07-18 14:00:00,Coritiba Crocodiles,28 - 00,Istepôs FA,Superliga D1,,,superliga-2026,
2026-07-18 15:00:00,Cuiabá Arsenal,07 - 41,Rondonópolis Hawks,Superliga D1,,,superliga-2026,
2026-07-18 16:00:00,Caruaru Wolves,14 - 41,Cavalaria 2 de Julho,Superliga D1,,,superliga-2026,
2026-07-19 09:00:00,Caucaia Sabres,06 - 34,Fortaleza Tritões,Superliga D1,,,superliga-2026,
2026-07-19 10:00:00,Spartans Football,00 - 31,Locomotiva FA,Superliga D1,,,superliga-2026,
2026-07-19 14:00:00,Spartans Football 2,14:00:0014:00,Caniballs Football,Superliga D2,,,superliga-2026,
2026-08-01 00:00:00,Manaus FA,00:00:0000:00,São Raimundo C. Cavaliers,Superliga D1,,,superliga-2026,
2026-08-01 00:00:00,Vasco Almirantes,00:00:0000:00,Spartans Football,Superliga D1,,,superliga-2026,
2026-08-01 00:00:00,Londrina Bristlebacks,00:00:0000:00,Coritiba Crocodiles,Superliga D1,,,superliga-2026,
2026-08-01 14:00:00,Locomotiva FA,48 - 00,Ocelots FA,Superliga D1,,,superliga-2026,
2026-08-01 14:00:00,Cuiabá Arsenal,00 - 14,Goiás FA,Superliga D1,,,superliga-2026,
2026-08-01 14:00:00,Coritiba Crocodiles B,14 - 09,JEC Gladiators,Superliga D2,,,superliga-2026,
2026-08-01 14:00:00,Tritões FA,19 - 20,Macaé Oilers,Superliga D2,,,superliga-2026,
2026-08-01 14:00:00,Arapongas Golden Phoenix,28 - 06,Maringá Pyros,Superliga D2,,,superliga-2026,
2026-08-01 14:30:00,Galo FA,55 - 00,Flamengo Imperadores,Superliga D1,,,superliga-2026,
2026-08-01 15:45:00,T-Rex,40 - 07,Santa Maria Soldiers,Superliga D1,,,superliga-2026,
2026-08-01 18:00:00,Corinthians Steamrollers,12 - 23,Caniballs Football,Superliga D2,,,superliga-2026,
2026-08-01 18:30:00,Cruzeiro FA,06 - 00,Gama Leões de Judá,Superliga D2,,,superliga-2026,
2026-08-02 00:00:00,Underdogs FA,00:00:0000:00,Bears FA,Superliga D2,,,superliga-2026,
2026-08-02 09:00:00,Tubarões do Cerrado,06 - 43,Rondonópolis Hawks,Superliga D1,,,superliga-2026,
2026-08-02 09:00:00,Brown Spiders 2,20 - 08,Curitiba Lions,Superliga D2,,,superliga-2026,
2026-08-02 10:00:00,Cavalaria 2 de Julho,50 - 15,Fortaleza Tritões,Superliga D1,,,superliga-2026,
2026-08-02 10:00:00,Tatuapé Monsters,33 - 35,Vikings FA,Superliga D2,,,superliga-2026,
2026-08-02 14:00:00,Recife Mariners,55 - 07,Caucaia Sabres,Superliga D1,,,superliga-2026,
2026-08-02 14:00:00,João Pessoa Espectros,20 - 36,Caruaru Wolves,Superliga D1,,,superliga-2026,
2026-08-02 14:00:00,Juventude FA,28 - 13,Bravos FA,Superliga D1,,,superliga-2026,
2026-08-02 14:00:00,Calvary Cavaliers,14 - 32,Ponta Grossa Phantoms,Superliga D2,,,superliga-2026,
No data available i,No data available in table,No data available in table,No data available in table,No data available in table,No data available in table,No data available in table,superliga-2026,
2026-07-11 00:00:00,Porto Velho Miners,00:00:0000:00,São Raimundo C. Cavaliers,Superliga D1,,,superliga-2026,
2026-07-11 00:00:00,Tubarões do Cerrado,24 - 00,Goiás FA,Superliga D1,,,superliga-2026,
2026-07-18 00:00:00,Brown Spiders,00:00:0000:00,Londrina Bristlebacks,Superliga D1,,,superliga-2026,
2026-07-18 09:00:00,Bravos FA,25 - 26,Santa Maria Soldiers,Superliga D1,,,superliga-2026,
2026-07-18 10:00:00,Curitiba Phoenix,06 - 18,Brasília Pilots,Superliga Feminina,,,superliga-2026,
2026-07-18 10:00:00,Erechim Coroados,28 - 07,Bears FA,Superliga D2,,,superliga-2026,
2026-07-18 10:00:00,Chape FA,00 - 32,Cascavel Olympians,Superliga D2,,,superliga-2026,
2026-07-18 10:00:00,Vikings FA,40 - 10,Corinthians Steamrollers,Superliga D2,,,superliga-2026,
2026-07-18 11:00:00,Lusa Jaguars,00 - 26,Curitiba Silverhawks,Superliga Feminina,,,superliga-2026,
2026-07-18 14:00:00,João Pessoa Espectros,11 - 28,Recife Mariners,Superliga D1,,,superliga-2026,
2026-07-18 14:00:00,Ocelots FA,54 - 00,Flamengo Imperadores,Superliga D1,,,superliga-2026,
2026-07-18 14:00:00,Guarulhos Rhynos,30 - 14,Vasco Almirantes,Superliga D1,,,superliga-2026,
2026-07-18 14:00:00,Juventude FA,00 - 21,T-Rex,Superliga D1,,,superliga-2026,
2026-07-18 14:00:00,Coritiba Crocodiles,28 - 00,Istepôs FA,Superliga D1,,,superliga-2026,
2026-07-18 15:00:00,Cuiabá Arsenal,07 - 41,Rondonópolis Hawks,Superliga D1,,,superliga-2026,
2026-07-18 16:00:00,Caruaru Wolves,14 - 41,Cavalaria 2 de Julho,Superliga D1,,,superliga-2026,
2026-07-19 09:00:00,Caucaia Sabres,06 - 34,Fortaleza Tritões,Superliga D1,,,superliga-2026,
2026-07-19 10:00:00,Spartans Football,00 - 31,Locomotiva FA,Superliga D1,,,superliga-2026,
2026-07-19 14:00:00,Spartans Football 2,14:00:0014:00,Caniballs Football,Superliga D2,,,superliga-2026,
2026-08-01 00:00:00,Manaus FA,00:00:0000:00,São Raimundo C. Cavaliers,Superliga D1,,,superliga-2026,
2026-08-01 00:00:00,Vasco Almirantes,00:00:0000:00,Spartans Football,Superliga D1,,,superliga-2026,
2026-08-01 00:00:00,Londrina Bristlebacks,00:00:0000:00,Coritiba Crocodiles,Superliga D1,,,superliga-2026,
2026-08-01 14:00:00,Locomotiva FA,48 - 00,Ocelots FA,Superliga D1,,,superliga-2026,
2026-08-01 14:00:00,Cuiabá Arsenal,00 - 14,Goiás FA,Superliga D1,,,superliga-2026,
2026-08-01 14:00:00,Coritiba Crocodiles B,14 - 09,JEC Gladiators,Superliga D2,,,superliga-2026,
2026-08-01 14:00:00,Tritões FA,19 - 20,Macaé Oilers,Superliga D2,,,superliga-2026,
2026-08-01 14:00:00,Arapongas Golden Phoenix,28 - 06,Maringá Pyros,Superliga D2,,,superliga-2026,
2026-08-01 14:30:00,Galo FA,55 - 00,Flamengo Imperadores,Superliga D1,,,superliga-2026,
2026-08-01 15:45:00,T-Rex,40 - 07,Santa Maria Soldiers,Superliga D1,,,superliga-2026,
2026-08-01 18:00:00,Corinthians Steamrollers,12 - 23,Caniballs Football,Superliga D2,,,superliga-2026,
2026-08-01 18:30:00,Cruzeiro FA,06 - 00,Gama Leões de Judá,Superliga D2,,,superliga-2026,
2026-08-02 00:00:00,Underdogs FA,00:00:0000:00,Bears FA,Superliga D2,,,superliga-2026,
2026-08-02 09:00:00,Tubarões do Cerrado,06 - 43,Rondonópolis Hawks,Superliga D1,,,superliga-2026,
2026-08-02 09:00:00,Brown Spiders 2,20 - 08,Curitiba Lions,Superliga D2,,,superliga-2026,
2026-08-02 10:00:00,Cavalaria 2 de Julho,50 - 15,Fortaleza Tritões,Superliga D1,,,superliga-2026,
2026-08-02 10:00:00,Tatuapé Monsters,33 - 35,Vikings FA,Superliga D2,,,superliga-2026,
2026-08-02 14:00:00,Recife Mariners,55 - 07,Caucaia Sabres,Superliga D1,,,superliga-2026,
2026-08-02 14:00:00,João Pessoa Espectros,20 - 36,Caruaru Wolves,Superliga D1,,,superliga-2026,
2026-08-02 14:00:00,Juventude FA,28 - 13,Bravos FA,Superliga D1,,,superliga-2026,
2026-08-02 14:00:00,Calvary Cavaliers,14 - 32,Ponta Grossa Phantoms,Superliga D2,,,superliga-2026,
No data available i,No data available in table,No data available in table,No data available in table,No data available in table,No data available in table,No data available in table,superliga-2026,
2026-07-11 00:00:00,Porto Velho Miners,00:00:0000:00,São Raimundo C. Cavaliers,Superliga D1,,,superliga-2026,
2026-07-11 00:00:00,Tubarões do Cerrado,24 - 00,Goiás FA,Superliga D1,,,superliga-2026,
2026-07-18 00:00:00,Brown Spiders,00:00:0000:00,Londrina Bristlebacks,Superliga D1,,,superliga-2026,
2026-07-18 09:00:00,Bravos FA,25 - 26,Santa Maria Soldiers,Superliga D1,,,superliga-2026,
2026-07-18 10:00:00,Curitiba Phoenix,06 - 18,Brasília Pilots,Superliga Feminina,,,superliga-2026,
2026-07-18 10:00:00,Erechim Coroados,28 - 07,Bears FA,Superliga D2,,,superliga-2026,
2026-07-18 10:00:00,Chape FA,00 - 32,Cascavel Olympians,Superliga D2,,,superliga-2026,
2026-07-18 10:00:00,Vikings FA,40 - 10,Corinthians Steamrollers,Superliga D2,,,superliga-2026,
2026-07-18 11:00:00,Lusa Jaguars,00 - 26,Curitiba Silverhawks,Superliga Feminina,,,superliga-2026,
2026-07-18 14:00:00,João Pessoa Espectros,11 - 28,Recife Mariners,Superliga D1,,,superliga-2026,
2026-07-18 14:00:00,Ocelots FA,54 - 00,Flamengo Imperadores,Superliga D1,,,superliga-2026,
2026-07-18 14:00:00,Guarulhos Rhynos,30 - 14,Vasco Almirantes,Superliga D1,,,superliga-2026,
2026-07-18 14:00:00,Juventude FA,00 - 21,T-Rex,Superliga D1,,,superliga-2026,
2026-07-18 14:00:00,Coritiba Crocodiles,28 - 00,Istepôs FA,Superliga D1,,,superliga-2026,
2026-07-18 15:00:00,Cuiabá Arsenal,07 - 41,Rondonópolis Hawks,Superliga D1,,,superliga-2026,
2026-07-18 16:00:00,Caruaru Wolves,14 - 41,Cavalaria 2 de Julho,Superliga D1,,,superliga-2026,
2026-07-19 09:00:00,Caucaia Sabres,06 - 34,Fortaleza Tritões,Superliga D1,,,superliga-2026,
2026-07-19 10:00:00,Spartans Football,00 - 31,Locomotiva FA,Superliga D1,,,superliga-2026,
2026-07-19 14:00:00,Spartans Football 2,14:00:0014:00,Caniballs Football,Superliga D2,,,superliga-2026,
2026-08-01 00:00:00,Manaus FA,00:00:0000:00,São Raimundo C. Cavaliers,Superliga D1,,,superliga-2026,
2026-08-01 00:00:00,Vasco Almirantes,00:00:0000:00,Spartans Football,Superliga D1,,,superliga-2026,
2026-08-01 00:00:00,Londrina Bristlebacks,00:00:0000:00,Coritiba Crocodiles,Superliga D1,,,superliga-2026,
2026-08-01 14:00:00,Locomotiva FA,48 - 00,Ocelots FA,Superliga D1,,,superliga-2026,
2026-08-01 14:00:00,Cuiabá Arsenal,00 - 14,Goiás FA,Superliga D1,,,superliga-2026,
2026-08-01 14:00:00,Coritiba Crocodiles B,14 - 09,JEC Gladiators,Superliga D2,,,superliga-2026,
2026-08-01 14:00:00,Tritões FA,19 - 20,Macaé Oilers,Superliga D2,,,superliga-2026,
2026-08-01 14:00:00,Arapongas Golden Phoenix,28 - 06,Maringá Pyros,Superliga D2,,,superliga-2026,
2026-08-01 14:30:00,Galo FA,55 - 00,Flamengo Imperadores,Superliga D1,,,superliga-2026,
2026-08-01 15:45:00,T-Rex,40 - 07,Santa Maria Soldiers,Superliga D1,,,superliga-2026,
2026-08-01 18:00:00,Corinthians Steamrollers,12 - 23,Caniballs Football,Superliga D2,,,superliga-2026,
2026-08-01 18:30:00,Cruzeiro FA,06 - 00,Gama Leões de Judá,Superliga D2,,,superliga-2026,
2026-08-02 00:00:00,Underdogs FA,00:00:0000:00,Bears FA,Superliga D2,,,superliga-2026,
2026-08-02 09:00:00,Tubarões do Cerrado,06 - 43,Rondonópolis Hawks,Superliga D1,,,superliga-2026,
2026-08-02 09:00:00,Brown Spiders 2,20 - 08,Curitiba Lions,Superliga D2,,,superliga-2026,
2026-08-02 10:00:00,Cavalaria 2 de Julho,50 - 15,Fortaleza Tritões,Superliga D1,,,superliga-2026,
2026-08-02 10:00:00,Tatuapé Monsters,33 - 35,Vikings FA,Superliga D2,,,superliga-2026,
2026-08-02 14:00:00,Recife Mariners,55 - 07,Caucaia Sabres,Superliga D1,,,superliga-2026,
2026-08-02 14:00:00,João Pessoa Espectros,20 - 36,Caruaru Wolves,Superliga D1,,,superliga-2026,
2026-08-02 14:00:00,Juventude FA,28 - 13,Bravos FA,Superliga D1,,,superliga-2026,
2026-08-02 14:00:00,Calvary Cavaliers,14 - 32,Ponta Grossa Phantoms,Superliga D2,,,superliga-2026,
No data available i,No data available in table,No data available in table,No data available in table,No data available in table,No data available in table,No data available in table,superliga-2026,
2026-08-02 14:30:00,Cascavel Olympians,21 - 06,Francisco Beltrão Red Feet,Superliga D2,,,superliga-2026,
2026-08-09 00:00:00,Brasília Pilots,00:00:0000:00,Lusa Jaguars,Superliga Feminina,,,superliga-2026,
2026-08-15 00:00:00,Curitiba Silverhawks,00:00:0000:00,Curitiba Phoenix,Superliga Feminina,,,superliga-2026,
2026-08-22 00:00:00,Manaus FA,00:00:0000:00,Porto Velho Miners,Superliga D1,,,superliga-2026,
2026-08-22 00:00:00,Tubarões do Cerrado,00:00:0000:00,Cuiabá Arsenal,Superliga D1,,,superliga-2026,
2026-08-22 00:00:00,Rondonópolis Hawks,00:00:0000:00,Goiás FA,Superliga D1,,,superliga-2026,
2026-08-22 00:00:00,Fortaleza Tritões,00:00:0000:00,Caruaru Wolves,Superliga D1,,,superliga-2026,
2026-08-22 00:00:00,Caucaia Sabres,00:00:0000:00,João Pessoa Espectros,Superliga D1,,,superliga-2026,
2026-08-22 00:00:00,Recife Mariners,00:00:0000:00,Cavalaria 2 de Julho,Superliga D1,,,superliga-2026,
2026-08-22 00:00:00,Spartans Football,00:00:0000:00,Guarulhos Rhynos,Superliga D1,,,superliga-2026,
2026-08-22 00:00:00,Vasco Almirantes,00:00:0000:00,Galo FA,Superliga D1,,,superliga-2026,
2026-08-22 00:00:00,Coritiba Crocodiles,00:00:0000:00,Brown Spiders,Superliga D1,,,superliga-2026,
2026-08-22 00:00:00,Santa Maria Soldiers,00:00:0000:00,Juventude FA,Superliga D1,,,superliga-2026,
2026-08-22 00:00:00,Bravos FA,00:00:0000:00,T-Rex,Superliga D1,,,superliga-2026,
2026-08-22 00:00:00,Istepôs FA,00:00:0000:00,Londrina Bristlebacks,Superliga D1,,,superliga-2026,
2026-08-22 00:00:00,Coritiba Crocodiles B,00:00:0000:00,Brown Spiders 2,Superliga D2,,,superliga-2026,
2026-08-22 00:00:00,Arapongas Golden Phoenix,00:00:0000:00,Calvary Cavaliers,Superliga D2,,,superliga-2026,
2026-08-22 00:00:00,Francisco Beltrão Red Feet,00:00:0000:00,Chape FA,Superliga D2,,,superliga-2026,
2026-08-22 00:00:00,JEC Gladiators,00:00:0000:00,Curitiba Lions,Superliga D2,,,superliga-2026,
2026-08-22 00:00:00,Maringá Pyros,00:00:0000:00,Ponta Grossa Phantoms,Superliga D2,,,superliga-2026,
2026-08-22 00:00:00,Spartans Football 2,00:00:0000:00,Tatuapé Monsters,Superliga D2,,,superliga-2026,
2026-08-22 00:00:00,Ponte Preta Gorilas,00:00:0000:00,Taubaté Football,Superliga D2,,,superliga-2026,
2026-08-22 00:00:00,Caniballs Football,00:00:0000:00,Vikings FA,Superliga D2,,,superliga-2026,
2026-08-23 00:00:00,Underdogs FA,00:00:0000:00,Erechim Coroados,Superliga D2,,,superliga-2026,
2026-09-05 00:00:00,São Raimundo C. Cavaliers,00:00:0000:00,Manaus FA,Superliga D1,,,superliga-2026,
2026-09-05 00:00:00,Ocelots FA,00:00:0000:00,Spartans Football,Superliga D1,,,superliga-2026,
2026-09-05 00:00:00,Galo FA,00:00:0000:00,Guarulhos Rhynos,Superliga D1,,,superliga-2026,
2026-09-05 00:00:00,Flamengo Imperadores,00:00:0000:00,Locomotiva FA,Superliga D1,,,superliga-2026,
2026-09-05 00:00:00,Cascavel Olympians,00:00:0000:00,Francisco Beltrão Red Feet,Superliga D2,,,superliga-2026,
2026-09-06 00:00:00,Bears FA,00:00:0000:00,Underdogs FA,Superliga D2,,,superliga-2026,
2026-09-12 00:00:00,Fortaleza Tritões,00:00:0000:00,Recife Mariners,Superliga D1,,,superliga-2026,
2026-09-12 00:00:00,Caruaru Wolves,00:00:0000:00,Caucaia Sabres,Superliga D1,,,superliga-2026,
2026-09-12 00:00:00,Cavalaria 2 de Julho,00:00:0000:00,João Pessoa Espectros,Superliga D1,,,superliga-2026,
2026-09-12 00:00:00,T-Rex,00:00:0000:00,Coritiba Crocodiles,Superliga D1,,,superliga-2026,
2026-09-12 00:00:00,Londrina Bristlebacks,00:00:0000:00,Juventude FA,Superliga D1,,,superliga-2026,
2026-09-12 00:00:00,Santa Maria Soldiers,00:00:0000:00,Brown Spiders,Superliga D1,,,superliga-2026,
2026-09-12 00:00:00,Istepôs FA,00:00:0000:00,Bravos FA,Superliga D1,,,superliga-2026,
2026-09-12 00:00:00,Ponta Grossa Phantoms,00:00:0000:00,Arapongas Golden Phoenix,Superliga D2,,,superliga-2026,
2026-09-12 00:00:00,Brown Spiders 2,00:00:0000:00,JEC Gladiators,Superliga D2,,,superliga-2026,
2026-09-12 00:00:00,Calvary Cavaliers,00:00:0000:00,Maringá Pyros,Superliga D2,,,superliga-2026,
No data available i,No data available in table,No data available in table,No data available in table,No data available in table,No data available in table,No data available in table,superliga-2026,
2026-03-28 14:00:00,Uberlândia Lobos,18 - 13,Cruzeiro FA,,,,campeonato-mineiro-2026,
2026-04-11 14:00:00,Cruzeiro FA,14:00:0014:00,Vasco Almirantes,,,,campeonato-mineiro-2026,
2026-04-12 14:00:00,Uberlândia Lobos,14 - 29,Tubarões do Cerrado,,,,campeonato-mineiro-2026,
2026-04-25 14:00:00,Uberlândia Lobos,12 - 40,Vasco Almirantes,,,,campeonato-mineiro-2026,
2026-04-25 14:00:00,Cruzeiro FA,00 - 12,Tubarões do Cerrado,,,,campeonato-mineiro-2026,
2026-05-16 14:00:00,Uberlândia Lobos,14 - 09,Cruzeiro FA,,,,campeonato-mineiro-2026,
2026-05-16 14:00:00,Uberlândia Lobos,14 - 09,Cruzeiro FA,,,,campeonato-mineiro-2026,
2026-06-13 10:00:08,Vasco Almirantes,18 - 17,Tubarões do Cerrado,,,,campeonato-mineiro-2026,
2026-05-16 14:00:00,Uberlândia Lobos,14 - 09,Cruzeiro FA,,,,campeonato-mineiro-2026,
2026-06-13 10:00:08,Vasco Almirantes,18 - 17,Tubarões do Cerrado,,,,campeonato-mineiro-2026,
2026-06-13 14:00:00,Locomotiva FA,48 - 00,Cruzeiro FA,,,,campeonato-mineiro-2026,
2026-05-16 14:00:00,Uberlândia Lobos,14 - 09,Cruzeiro FA,,,,campeonato-mineiro-2026,
2026-06-13 10:00:08,Vasco Almirantes,18 - 17,Tubarões do Cerrado,,,,campeonato-mineiro-2026,
2026-06-13 14:00:00,Locomotiva FA,48 - 00,Cruzeiro FA,,,,campeonato-mineiro-2026,
2026-06-14 14:00:00,Galo FA,60 - 00,Uberlândia Lobos,,,,campeonato-mineiro-2026,
2026-05-16 14:00:00,Uberlândia Lobos,14 - 09,Cruzeiro FA,,,,campeonato-mineiro-2026,
2026-06-13 10:00:08,Vasco Almirantes,18 - 17,Tubarões do Cerrado,,,,campeonato-mineiro-2026,
2026-06-13 14:00:00,Locomotiva FA,48 - 00,Cruzeiro FA,,,,campeonato-mineiro-2026,
2026-06-14 14:00:00,Galo FA,60 - 00,Uberlândia Lobos,,,,campeonato-mineiro-2026,
2026-06-28 15:00:00,Locomotiva FA,36 - 03,Galo FA,,,,campeonato-mineiro-2026,
2026-03-15 10:00:00,Moura Lacerda Dragons,25 - 06,Corinthians Steamrollers,SPFL Diamante,,,spfl-2026,
2026-03-15 10:00:00,São José Jets,14 - 00,Krakens Football,SPFL Ouro,,,spfl-2026,
2026-03-15 10:00:00,Assis Captains,00 - 38,Franca Carrascos,SPFL Ouro,,,spfl-2026,
2026-03-15 14:00:00,Guarulhos Rhynos,49 - 00,Tatuapé Monsters,SPFL Diamante,,,spfl-2026,
2026-03-15 14:00:00,Vikings Berserker,21 - 51,Caniballs Football,SPFL Ouro,,,spfl-2026,
2026-03-15 14:00:00,Avaré Lions,07 - 20,Guarás FA,SPFL Ouro,,,spfl-2026,
2026-03-22 10:00:00,Black Panthers Football,06 - 30,Spartans Football 2,SPFL Prata,,,spfl-2026,
2026-03-22 10:00:00,Caraguá Ghostship,18 - 00,Corinthians Steamrollers 2,SPFL Prata,,,spfl-2026,
2026-03-22 14:00:00,Ocelots FA,37 - 00,Guarani Indians,SPFL Diamante,,,spfl-2026,
2026-03-22 14:00:00,Vikings FA,07 - 14,Spartans Football,SPFL Diamante,,,spfl-2026,
2026-03-22 14:00:00,Jacareí Red Wolves,00 - 36,Ponte Preta Gorilas,SPFL Prata,,,spfl-2026,
2026-03-29 10:00:00,Taubaté Football,43 - 07,Vikings Berserker,SPFL Ouro,,,spfl-2026,
2026-03-29 10:00:00,Guarás FA,07 - 28,Franca Carrascos,SPFL Ouro,,,spfl-2026,
2026-03-29 10:00:00,Guarulhos Rhynos 2,00 - 06,Piracicaba Cane Cutters,SPFL Prata,,,spfl-2026,
2026-03-29 14:00:00,Guarulhos Rhynos,42 - 00,Corinthians Steamrollers,SPFL Diamante,,,spfl-2026,
2026-03-29 14:00:00,Moura Lacerda Dragons,40 - 07,Tatuapé Monsters,SPFL Diamante,,,spfl-2026,
2026-03-29 14:00:00,São José Jets,21 - 14,Caniballs Football,SPFL Ouro,,,spfl-2026,
2026-03-29 14:00:00,Avaré Lions,06 - 42,Empyreo Leme Lizards,SPFL Ouro,,,spfl-2026,
2026-04-05 10:00:00,Vikings FA,38 - 14,Guarani Indians,SPFL Diamante,,,spfl-2026,
2026-04-05 14:00:00,Ocelots FA,07 - 42,Spartans Football,SPFL Diamante,,,spfl-2026,
2026-04-12 10:00:00,Guarulhos Rhynos,09 - 10,Moura Lacerda Dragons,SPFL Diamante,,,spfl-2026,
2026-04-12 10:00:00,Krakens Football,42 - 06,Vikings Berserker,SPFL Ouro,,,spfl-2026,
2026-04-12 14:00:00,Assis Captains,20 - 38,Avaré Lions,SPFL Ouro,,,spfl-2026,
2026-04-12 14:00:00,Guarás FA,00 - 38,Empyreo Leme Lizards,SPFL Ouro,,,spfl-2026,
2026-04-12 14:00:00,Taubaté Football,07 - 03,São José Jets,SPFL Ouro,,,spfl-2026,
2026-04-19 10:00:00,Black Panthers Football,07 - 33,Guarulhos Rhynos 2,SPFL Prata,,,spfl-2026,
2026-04-19 10:00:00,Caraguá Ghostship,24 - 25,Ponte Preta Gorilas,SPFL Prata,,,spfl-2026,
2026-04-19 10:00:00,Spartans Football 2,15 - 14,Piracicaba Cane Cutters,SPFL Prata,,,spfl-2026,
2026-04-19 14:00:00,Corinthians Steamrollers,10 - 43,Tatuapé Monsters,SPFL Diamante,,,spfl-2026,
2026-04-19 14:00:00,Ocelots FA,25 - 18,Vikings FA,SPFL Diamante,,,spfl-2026,
2026-04-19 14:00:00,Spartans Football,49 - 00,Guarani Indians,SPFL Diamante,,,spfl-2026,
2026-04-26 10:00:00,Assis Captains,13 - 40,Guarás FA,SPFL Ouro,,,spfl-2026,
2026-04-26 14:00:00,Krakens Football,00 - 31,Caniballs Football,SPFL Ouro,,,spfl-2026,
2026-04-26 14:00:00,Avaré Lions,14 - 23,Franca Carrascos,SPFL Ouro,,,spfl-2026,
2026-05-03 14:00:00,Caraguá Ghostship,29 - 00,Jacareí Red Wolves,SPFL Prata,,,spfl-2026,
2026-05-03 14:00:00,Corinthians Steamrollers 2,00 - 25,Ponte Preta Gorilas,SPFL Prata,,,spfl-2026,
2026-05-09 14:00:00,Franca Carrascos,13 - 27,Empyreo Leme Lizards,SPFL Ouro,,,spfl-2026,
2026-05-17 10:00:00,Taubaté Football,20 - 14,Caniballs Football,SPFL Ouro,,,spfl-2026,
2026-05-17 10:00:00,Spartans Football 2,10:00:0010:00,Guarulhos Rhynos 2,SPFL Prata,,,spfl-2026,
2026-05-17 14:00:00,São José Jets,45 - 18,Vikings Berserker,SPFL Ouro,,,spfl-2026,
2026-05-31 10:00:37,Corinthians Steamrollers 2,32 - 12,Black Panthers Football,,,,spfl-2026,
2026-05-31 10:00:37,Corinthians Steamrollers 2,32 - 12,Black Panthers Football,,,,spfl-2026,
2026-05-31 14:00:41,Guarulhos Rhynos 2,24 - 12,Caraguá Ghostship,,,,spfl-2026,
2026-05-31 10:00:37,Corinthians Steamrollers 2,32 - 12,Black Panthers Football,,,,spfl-2026,
2026-05-31 14:00:41,Guarulhos Rhynos 2,24 - 12,Caraguá Ghostship,,,,spfl-2026,
2026-06-21 10:00:11,Guarulhos Rhynos 2,14 - 21,Ponte Preta Gorilas,,,,spfl-2026,
2026-05-31 10:00:37,Corinthians Steamrollers 2,32 - 12,Black Panthers Football,,,,spfl-2026,
2026-05-31 14:00:41,Guarulhos Rhynos 2,24 - 12,Caraguá Ghostship,,,,spfl-2026,
2026-06-21 10:00:11,Guarulhos Rhynos 2,14 - 21,Ponte Preta Gorilas,,,,spfl-2026,
2026-06-21 14:00:15,Piracicaba Cane Cutters,06 - 00,Corinthians Steamrollers 2,,,,spfl-2026,
2026-05-31 10:00:37,Corinthians Steamrollers 2,32 - 12,Black Panthers Football,,,,spfl-2026,
2026-05-31 14:00:41,Guarulhos Rhynos 2,24 - 12,Caraguá Ghostship,,,,spfl-2026,
2026-06-21 10:00:11,Guarulhos Rhynos 2,14 - 21,Ponte Preta Gorilas,,,,spfl-2026,
2026-06-21 14:00:15,Piracicaba Cane Cutters,06 - 00,Corinthians Steamrollers 2,,,,spfl-2026,
2026-07-12 10:00:47,Piracicaba Cane Cutters,09 - 06,Ponte Preta Gorilas,,,,spfl-2026,
2026-05-31 10:00:37,Corinthians Steamrollers 2,32 - 12,Black Panthers Football,,,,spfl-2026,
2026-05-31 14:00:41,Guarulhos Rhynos 2,24 - 12,Caraguá Ghostship,,,,spfl-2026,
2026-06-21 10:00:11,Guarulhos Rhynos 2,14 - 21,Ponte Preta Gorilas,,,,spfl-2026,
2026-06-21 14:00:15,Piracicaba Cane Cutters,06 - 00,Corinthians Steamrollers 2,,,,spfl-2026,
2026-07-12 10:00:47,Piracicaba Cane Cutters,09 - 06,Ponte Preta Gorilas,,,,spfl-2026,
2026-06-14 10:00:25,São José Jets,49 - 00,Guarás FA,,,,spfl-2026,
2026-05-31 10:00:37,Corinthians Steamrollers 2,32 - 12,Black Panthers Football,,,,spfl-2026,
2026-05-31 14:00:41,Guarulhos Rhynos 2,24 - 12,Caraguá Ghostship,,,,spfl-2026,
2026-06-21 10:00:11,Guarulhos Rhynos 2,14 - 21,Ponte Preta Gorilas,,,,spfl-2026,
2026-06-21 14:00:15,Piracicaba Cane Cutters,06 - 00,Corinthians Steamrollers 2,,,,spfl-2026,
2026-07-12 10:00:47,Piracicaba Cane Cutters,09 - 06,Ponte Preta Gorilas,,,,spfl-2026,
2026-06-14 10:00:25,São José Jets,49 - 00,Guarás FA,,,,spfl-2026,
2026-06-14 14:00:34,Franca Carrascos,08 - 28,Caniballs Football,,,,spfl-2026,
2026-05-31 10:00:37,Corinthians Steamrollers 2,32 - 12,Black Panthers Football,,,,spfl-2026,
2026-05-31 14:00:41,Guarulhos Rhynos 2,24 - 12,Caraguá Ghostship,,,,spfl-2026,
2026-06-21 10:00:11,Guarulhos Rhynos 2,14 - 21,Ponte Preta Gorilas,,,,spfl-2026,
2026-06-21 14:00:15,Piracicaba Cane Cutters,06 - 00,Corinthians Steamrollers 2,,,,spfl-2026,
2026-07-12 10:00:47,Piracicaba Cane Cutters,09 - 06,Ponte Preta Gorilas,,,,spfl-2026,
2026-06-14 10:00:25,São José Jets,49 - 00,Guarás FA,,,,spfl-2026,
2026-06-14 14:00:34,Franca Carrascos,08 - 28,Caniballs Football,,,,spfl-2026,
2026-06-21 10:00:04,Taubaté Football,19 - 06,Caniballs Football,,,,spfl-2026,
2026-05-31 10:00:37,Corinthians Steamrollers 2,32 - 12,Black Panthers Football,,,,spfl-2026,
2026-05-31 14:00:41,Guarulhos Rhynos 2,24 - 12,Caraguá Ghostship,,,,spfl-2026,
2026-06-21 10:00:11,Guarulhos Rhynos 2,14 - 21,Ponte Preta Gorilas,,,,spfl-2026,
2026-06-21 14:00:15,Piracicaba Cane Cutters,06 - 00,Corinthians Steamrollers 2,,,,spfl-2026,
2026-07-12 10:00:47,Piracicaba Cane Cutters,09 - 06,Ponte Preta Gorilas,,,,spfl-2026,
2026-06-14 10:00:25,São José Jets,49 - 00,Guarás FA,,,,spfl-2026,
2026-06-14 14:00:34,Franca Carrascos,08 - 28,Caniballs Football,,,,spfl-2026,
2026-06-21 10:00:04,Taubaté Football,19 - 06,Caniballs Football,,,,spfl-2026,
2026-06-28 10:00:11,Empyreo Leme Lizards,27 - 22,São José Jets,,,,spfl-2026,
2026-05-31 10:00:37,Corinthians Steamrollers 2,32 - 12,Black Panthers Football,,,,spfl-2026,
2026-05-31 14:00:41,Guarulhos Rhynos 2,24 - 12,Caraguá Ghostship,,,,spfl-2026,
2026-06-21 10:00:11,Guarulhos Rhynos 2,14 - 21,Ponte Preta Gorilas,,,,spfl-2026,
2026-06-21 14:00:15,Piracicaba Cane Cutters,06 - 00,Corinthians Steamrollers 2,,,,spfl-2026,
2026-07-12 10:00:47,Piracicaba Cane Cutters,09 - 06,Ponte Preta Gorilas,,,,spfl-2026,
2026-06-14 10:00:25,São José Jets,49 - 00,Guarás FA,,,,spfl-2026,
2026-06-14 14:00:34,Franca Carrascos,08 - 28,Caniballs Football,,,,spfl-2026,
2026-06-21 10:00:04,Taubaté Football,19 - 06,Caniballs Football,,,,spfl-2026,
2026-06-28 10:00:11,Empyreo Leme Lizards,27 - 22,São José Jets,,,,spfl-2026,
2026-07-12 14:00:55,Empyreo Leme Lizards,09 - 27,Taubaté Football,,,,spfl-2026,
2026-05-31 10:00:37,Corinthians Steamrollers 2,32 - 12,Black Panthers Football,,,,spfl-2026,
2026-05-31 14:00:41,Guarulhos Rhynos 2,24 - 12,Caraguá Ghostship,,,,spfl-2026,
2026-06-21 10:00:11,Guarulhos Rhynos 2,14 - 21,Ponte Preta Gorilas,,,,spfl-2026,
2026-06-21 14:00:15,Piracicaba Cane Cutters,06 - 00,Corinthians Steamrollers 2,,,,spfl-2026,
2026-07-12 10:00:47,Piracicaba Cane Cutters,09 - 06,Ponte Preta Gorilas,,,,spfl-2026,
2026-06-14 10:00:25,São José Jets,49 - 00,Guarás FA,,,,spfl-2026,
2026-06-14 14:00:34,Franca Carrascos,08 - 28,Caniballs Football,,,,spfl-2026,
2026-06-21 10:00:04,Taubaté Football,19 - 06,Caniballs Football,,,,spfl-2026,
2026-06-28 10:00:11,Empyreo Leme Lizards,27 - 22,São José Jets,,,,spfl-2026,
2026-07-12 14:00:55,Empyreo Leme Lizards,09 - 27,Taubaté Football,,,,spfl-2026,
2026-05-03 12:30:50,Guarulhos Rhynos,29 - 16,Vikings FA,,,,spfl-2026,
2026-05-31 10:00:37,Corinthians Steamrollers 2,32 - 12,Black Panthers Football,,,,spfl-2026,
2026-05-31 14:00:41,Guarulhos Rhynos 2,24 - 12,Caraguá Ghostship,,,,spfl-2026,
2026-06-21 10:00:11,Guarulhos Rhynos 2,14 - 21,Ponte Preta Gorilas,,,,spfl-2026,
2026-06-21 14:00:15,Piracicaba Cane Cutters,06 - 00,Corinthians Steamrollers 2,,,,spfl-2026,
2026-07-12 10:00:47,Piracicaba Cane Cutters,09 - 06,Ponte Preta Gorilas,,,,spfl-2026,
2026-06-14 10:00:25,São José Jets,49 - 00,Guarás FA,,,,spfl-2026,
2026-06-14 14:00:34,Franca Carrascos,08 - 28,Caniballs Football,,,,spfl-2026,
2026-06-21 10:00:04,Taubaté Football,19 - 06,Caniballs Football,,,,spfl-2026,
2026-06-28 10:00:11,Empyreo Leme Lizards,27 - 22,São José Jets,,,,spfl-2026,
2026-07-12 14:00:55,Empyreo Leme Lizards,09 - 27,Taubaté Football,,,,spfl-2026,
2026-05-03 12:30:50,Guarulhos Rhynos,29 - 16,Vikings FA,,,,spfl-2026,
2026-05-03 16:30:48,Tatuapé Monsters,14 - 35,Ocelots FA,,,,spfl-2026,
2026-05-31 10:00:37,Corinthians Steamrollers 2,32 - 12,Black Panthers Football,,,,spfl-2026,
2026-05-31 14:00:41,Guarulhos Rhynos 2,24 - 12,Caraguá Ghostship,,,,spfl-2026,
2026-06-21 10:00:11,Guarulhos Rhynos 2,14 - 21,Ponte Preta Gorilas,,,,spfl-2026,
2026-06-21 14:00:15,Piracicaba Cane Cutters,06 - 00,Corinthians Steamrollers 2,,,,spfl-2026,
2026-07-12 10:00:47,Piracicaba Cane Cutters,09 - 06,Ponte Preta Gorilas,,,,spfl-2026,
2026-06-14 10:00:25,São José Jets,49 - 00,Guarás FA,,,,spfl-2026,
2026-06-14 14:00:34,Franca Carrascos,08 - 28,Caniballs Football,,,,spfl-2026,
2026-06-21 10:00:04,Taubaté Football,19 - 06,Caniballs Football,,,,spfl-2026,
2026-06-28 10:00:11,Empyreo Leme Lizards,27 - 22,São José Jets,,,,spfl-2026,
2026-07-12 14:00:55,Empyreo Leme Lizards,09 - 27,Taubaté Football,,,,spfl-2026,
2026-05-03 12:30:50,Guarulhos Rhynos,29 - 16,Vikings FA,,,,spfl-2026,
2026-05-03 16:30:48,Tatuapé Monsters,14 - 35,Ocelots FA,,,,spfl-2026,
2026-05-24 10:00:24,Moura Lacerda Dragons,40 - 07,Ocelots FA,,,,spfl-2026,
2026-05-31 10:00:37,Corinthians Steamrollers 2,32 - 12,Black Panthers Football,,,,spfl-2026,
2026-05-31 14:00:41,Guarulhos Rhynos 2,24 - 12,Caraguá Ghostship,,,,spfl-2026,
2026-06-21 10:00:11,Guarulhos Rhynos 2,14 - 21,Ponte Preta Gorilas,,,,spfl-2026,
2026-06-21 14:00:15,Piracicaba Cane Cutters,06 - 00,Corinthians Steamrollers 2,,,,spfl-2026,
2026-07-12 10:00:47,Piracicaba Cane Cutters,09 - 06,Ponte Preta Gorilas,,,,spfl-2026,
2026-06-14 10:00:25,São José Jets,49 - 00,Guarás FA,,,,spfl-2026,
2026-06-14 14:00:34,Franca Carrascos,08 - 28,Caniballs Football,,,,spfl-2026,
2026-06-21 10:00:04,Taubaté Football,19 - 06,Caniballs Football,,,,spfl-2026,
2026-06-28 10:00:11,Empyreo Leme Lizards,27 - 22,São José Jets,,,,spfl-2026,
2026-07-12 14:00:55,Empyreo Leme Lizards,09 - 27,Taubaté Football,,,,spfl-2026,
2026-05-03 12:30:50,Guarulhos Rhynos,29 - 16,Vikings FA,,,,spfl-2026,
2026-05-03 16:30:48,Tatuapé Monsters,14 - 35,Ocelots FA,,,,spfl-2026,
2026-05-24 10:00:24,Moura Lacerda Dragons,40 - 07,Ocelots FA,,,,spfl-2026,
2026-05-24 14:00:45,Spartans Football,19 - 20,Guarulhos Rhynos,,,,spfl-2026,
2026-05-31 10:00:37,Corinthians Steamrollers 2,32 - 12,Black Panthers Football,,,,spfl-2026,
2026-05-31 14:00:41,Guarulhos Rhynos 2,24 - 12,Caraguá Ghostship,,,,spfl-2026,
2026-06-21 10:00:11,Guarulhos Rhynos 2,14 - 21,Ponte Preta Gorilas,,,,spfl-2026,
2026-06-21 14:00:15,Piracicaba Cane Cutters,06 - 00,Corinthians Steamrollers 2,,,,spfl-2026,
2026-07-12 10:00:47,Piracicaba Cane Cutters,09 - 06,Ponte Preta Gorilas,,,,spfl-2026,
2026-06-14 10:00:25,São José Jets,49 - 00,Guarás FA,,,,spfl-2026,
2026-06-14 14:00:34,Franca Carrascos,08 - 28,Caniballs Football,,,,spfl-2026,
2026-06-21 10:00:04,Taubaté Football,19 - 06,Caniballs Football,,,,spfl-2026,
2026-06-28 10:00:11,Empyreo Leme Lizards,27 - 22,São José Jets,,,,spfl-2026,
2026-07-12 14:00:55,Empyreo Leme Lizards,09 - 27,Taubaté Football,,,,spfl-2026,
2026-05-03 12:30:50,Guarulhos Rhynos,29 - 16,Vikings FA,,,,spfl-2026,
2026-05-03 16:30:48,Tatuapé Monsters,14 - 35,Ocelots FA,,,,spfl-2026,
2026-05-24 10:00:24,Moura Lacerda Dragons,40 - 07,Ocelots FA,,,,spfl-2026,
2026-05-24 14:00:45,Spartans Football,19 - 20,Guarulhos Rhynos,,,,spfl-2026,
2026-06-07 14:00:50,Moura Lacerda Dragons,34 - 21,Guarulhos Rhynos,,,,spfl-2026,
2026-03-15 10:00:00,Moura Lacerda Dragons,25 - 06,Corinthians Steamrollers,SPFL Diamante,,,spfl-2026,
2026-03-15 10:00:00,São José Jets,14 - 00,Krakens Football,SPFL Ouro,,,spfl-2026,
2026-03-15 10:00:00,Assis Captains,00 - 38,Franca Carrascos,SPFL Ouro,,,spfl-2026,
2026-03-15 14:00:00,Guarulhos Rhynos,49 - 00,Tatuapé Monsters,SPFL Diamante,,,spfl-2026,
2026-03-15 14:00:00,Vikings Berserker,21 - 51,Caniballs Football,SPFL Ouro,,,spfl-2026,
2026-03-15 14:00:00,Avaré Lions,07 - 20,Guarás FA,SPFL Ouro,,,spfl-2026,
2026-03-22 10:00:00,Black Panthers Football,06 - 30,Spartans Football 2,SPFL Prata,,,spfl-2026,
2026-03-22 10:00:00,Caraguá Ghostship,18 - 00,Corinthians Steamrollers 2,SPFL Prata,,,spfl-2026,
2026-03-22 14:00:00,Ocelots FA,37 - 00,Guarani Indians,SPFL Diamante,,,spfl-2026,
2026-03-22 14:00:00,Vikings FA,07 - 14,Spartans Football,SPFL Diamante,,,spfl-2026,
2026-03-22 14:00:00,Jacareí Red Wolves,00 - 36,Ponte Preta Gorilas,SPFL Prata,,,spfl-2026,
2026-03-29 10:00:00,Taubaté Football,43 - 07,Vikings Berserker,SPFL Ouro,,,spfl-2026,
2026-03-29 10:00:00,Guarás FA,07 - 28,Franca Carrascos,SPFL Ouro,,,spfl-2026,
2026-03-29 10:00:00,Guarulhos Rhynos 2,00 - 06,Piracicaba Cane Cutters,SPFL Prata,,,spfl-2026,
2026-03-29 14:00:00,Guarulhos Rhynos,42 - 00,Corinthians Steamrollers,SPFL Diamante,,,spfl-2026,
2026-03-29 14:00:00,Moura Lacerda Dragons,40 - 07,Tatuapé Monsters,SPFL Diamante,,,spfl-2026,
2026-03-29 14:00:00,São José Jets,21 - 14,Caniballs Football,SPFL Ouro,,,spfl-2026,
2026-03-29 14:00:00,Avaré Lions,06 - 42,Empyreo Leme Lizards,SPFL Ouro,,,spfl-2026,
2026-04-05 10:00:00,Vikings FA,38 - 14,Guarani Indians,SPFL Diamante,,,spfl-2026,
2026-04-05 14:00:00,Ocelots FA,07 - 42,Spartans Football,SPFL Diamante,,,spfl-2026,
2026-04-12 10:00:00,Guarulhos Rhynos,09 - 10,Moura Lacerda Dragons,SPFL Diamante,,,spfl-2026,
2026-04-12 10:00:00,Krakens Football,42 - 06,Vikings Berserker,SPFL Ouro,,,spfl-2026,
2026-04-12 14:00:00,Assis Captains,20 - 38,Avaré Lions,SPFL Ouro,,,spfl-2026,
2026-04-12 14:00:00,Guarás FA,00 - 38,Empyreo Leme Lizards,SPFL Ouro,,,spfl-2026,
2026-04-12 14:00:00,Taubaté Football,07 - 03,São José Jets,SPFL Ouro,,,spfl-2026,
2026-04-19 10:00:00,Black Panthers Football,07 - 33,Guarulhos Rhynos 2,SPFL Prata,,,spfl-2026,
2026-04-19 10:00:00,Caraguá Ghostship,24 - 25,Ponte Preta Gorilas,SPFL Prata,,,spfl-2026,
2026-04-19 10:00:00,Spartans Football 2,15 - 14,Piracicaba Cane Cutters,SPFL Prata,,,spfl-2026,
2026-04-19 14:00:00,Corinthians Steamrollers,10 - 43,Tatuapé Monsters,SPFL Diamante,,,spfl-2026,
2026-04-19 14:00:00,Ocelots FA,25 - 18,Vikings FA,SPFL Diamante,,,spfl-2026,
2026-04-19 14:00:00,Spartans Football,49 - 00,Guarani Indians,SPFL Diamante,,,spfl-2026,
2026-04-26 10:00:00,Assis Captains,13 - 40,Guarás FA,SPFL Ouro,,,spfl-2026,
2026-04-26 14:00:00,Krakens Football,00 - 31,Caniballs Football,SPFL Ouro,,,spfl-2026,
2026-04-26 14:00:00,Avaré Lions,14 - 23,Franca Carrascos,SPFL Ouro,,,spfl-2026,
2026-05-03 14:00:00,Caraguá Ghostship,29 - 00,Jacareí Red Wolves,SPFL Prata,,,spfl-2026,
2026-05-03 14:00:00,Corinthians Steamrollers 2,00 - 25,Ponte Preta Gorilas,SPFL Prata,,,spfl-2026,
2026-05-09 14:00:00,Franca Carrascos,13 - 27,Empyreo Leme Lizards,SPFL Ouro,,,spfl-2026,
2026-05-17 10:00:00,Taubaté Football,20 - 14,Caniballs Football,SPFL Ouro,,,spfl-2026,
2026-05-17 10:00:00,Spartans Football 2,10:00:0010:00,Guarulhos Rhynos 2,SPFL Prata,,,spfl-2026,
2026-05-17 14:00:00,São José Jets,45 - 18,Vikings Berserker,SPFL Ouro,,,spfl-2026,
2026-05-31 10:00:37,Corinthians Steamrollers 2,32 - 12,Black Panthers Football,,,,spfl-2026,
2026-05-31 10:00:37,Corinthians Steamrollers 2,32 - 12,Black Panthers Football,,,,spfl-2026,
2026-05-31 14:00:41,Guarulhos Rhynos 2,24 - 12,Caraguá Ghostship,,,,spfl-2026,
2026-05-31 10:00:37,Corinthians Steamrollers 2,32 - 12,Black Panthers Football,,,,spfl-2026,
2026-05-31 14:00:41,Guarulhos Rhynos 2,24 - 12,Caraguá Ghostship,,,,spfl-2026,
2026-06-21 10:00:11,Guarulhos Rhynos 2,14 - 21,Ponte Preta Gorilas,,,,spfl-2026,
2026-05-31 10:00:37,Corinthians Steamrollers 2,32 - 12,Black Panthers Football,,,,spfl-2026,
2026-05-31 14:00:41,Guarulhos Rhynos 2,24 - 12,Caraguá Ghostship,,,,spfl-2026,
2026-06-21 10:00:11,Guarulhos Rhynos 2,14 - 21,Ponte Preta Gorilas,,,,spfl-2026,
2026-06-21 14:00:15,Piracicaba Cane Cutters,06 - 00,Corinthians Steamrollers 2,,,,spfl-2026,
2026-05-31 10:00:37,Corinthians Steamrollers 2,32 - 12,Black Panthers Football,,,,spfl-2026,
2026-05-31 14:00:41,Guarulhos Rhynos 2,24 - 12,Caraguá Ghostship,,,,spfl-2026,
2026-06-21 10:00:11,Guarulhos Rhynos 2,14 - 21,Ponte Preta Gorilas,,,,spfl-2026,
2026-06-21 14:00:15,Piracicaba Cane Cutters,06 - 00,Corinthians Steamrollers 2,,,,spfl-2026,
2026-07-12 10:00:47,Piracicaba Cane Cutters,09 - 06,Ponte Preta Gorilas,,,,spfl-2026,
2026-05-31 10:00:37,Corinthians Steamrollers 2,32 - 12,Black Panthers Football,,,,spfl-2026,
2026-05-31 14:00:41,Guarulhos Rhynos 2,24 - 12,Caraguá Ghostship,,,,spfl-2026,
2026-06-21 10:00:11,Guarulhos Rhynos 2,14 - 21,Ponte Preta Gorilas,,,,spfl-2026,
2026-06-21 14:00:15,Piracicaba Cane Cutters,06 - 00,Corinthians Steamrollers 2,,,,spfl-2026,
2026-07-12 10:00:47,Piracicaba Cane Cutters,09 - 06,Ponte Preta Gorilas,,,,spfl-2026,
2026-06-14 10:00:25,São José Jets,49 - 00,Guarás FA,,,,spfl-2026,
2026-05-31 10:00:37,Corinthians Steamrollers 2,32 - 12,Black Panthers Football,,,,spfl-2026,
2026-05-31 14:00:41,Guarulhos Rhynos 2,24 - 12,Caraguá Ghostship,,,,spfl-2026,
2026-06-21 10:00:11,Guarulhos Rhynos 2,14 - 21,Ponte Preta Gorilas,,,,spfl-2026,
2026-06-21 14:00:15,Piracicaba Cane Cutters,06 - 00,Corinthians Steamrollers 2,,,,spfl-2026,
2026-07-12 10:00:47,Piracicaba Cane Cutters,09 - 06,Ponte Preta Gorilas,,,,spfl-2026,
2026-06-14 10:00:25,São José Jets,49 - 00,Guarás FA,,,,spfl-2026,
2026-06-14 14:00:34,Franca Carrascos,08 - 28,Caniballs Football,,,,spfl-2026,
2026-05-31 10:00:37,Corinthians Steamrollers 2,32 - 12,Black Panthers Football,,,,spfl-2026,
2026-05-31 14:00:41,Guarulhos Rhynos 2,24 - 12,Caraguá Ghostship,,,,spfl-2026,
2026-06-21 10:00:11,Guarulhos Rhynos 2,14 - 21,Ponte Preta Gorilas,,,,spfl-2026,
2026-06-21 14:00:15,Piracicaba Cane Cutters,06 - 00,Corinthians Steamrollers 2,,,,spfl-2026,
2026-07-12 10:00:47,Piracicaba Cane Cutters,09 - 06,Ponte Preta Gorilas,,,,spfl-2026,
2026-06-14 10:00:25,São José Jets,49 - 00,Guarás FA,,,,spfl-2026,
2026-06-14 14:00:34,Franca Carrascos,08 - 28,Caniballs Football,,,,spfl-2026,
2026-06-21 10:00:04,Taubaté Football,19 - 06,Caniballs Football,,,,spfl-2026,
2026-05-31 10:00:37,Corinthians Steamrollers 2,32 - 12,Black Panthers Football,,,,spfl-2026,
2026-05-31 14:00:41,Guarulhos Rhynos 2,24 - 12,Caraguá Ghostship,,,,spfl-2026,
2026-06-21 10:00:11,Guarulhos Rhynos 2,14 - 21,Ponte Preta Gorilas,,,,spfl-2026,
2026-06-21 14:00:15,Piracicaba Cane Cutters,06 - 00,Corinthians Steamrollers 2,,,,spfl-2026,
2026-07-12 10:00:47,Piracicaba Cane Cutters,09 - 06,Ponte Preta Gorilas,,,,spfl-2026,
2026-06-14 10:00:25,São José Jets,49 - 00,Guarás FA,,,,spfl-2026,
2026-06-14 14:00:34,Franca Carrascos,08 - 28,Caniballs Football,,,,spfl-2026,
2026-06-21 10:00:04,Taubaté Football,19 - 06,Caniballs Football,,,,spfl-2026,
2026-06-28 10:00:11,Empyreo Leme Lizards,27 - 22,São José Jets,,,,spfl-2026,
2026-05-31 10:00:37,Corinthians Steamrollers 2,32 - 12,Black Panthers Football,,,,spfl-2026,
2026-05-31 14:00:41,Guarulhos Rhynos 2,24 - 12,Caraguá Ghostship,,,,spfl-2026,
2026-06-21 10:00:11,Guarulhos Rhynos 2,14 - 21,Ponte Preta Gorilas,,,,spfl-2026,
2026-06-21 14:00:15,Piracicaba Cane Cutters,06 - 00,Corinthians Steamrollers 2,,,,spfl-2026,
2026-07-12 10:00:47,Piracicaba Cane Cutters,09 - 06,Ponte Preta Gorilas,,,,spfl-2026,
2026-06-14 10:00:25,São José Jets,49 - 00,Guarás FA,,,,spfl-2026,
2026-06-14 14:00:34,Franca Carrascos,08 - 28,Caniballs Football,,,,spfl-2026,
2026-06-21 10:00:04,Taubaté Football,19 - 06,Caniballs Football,,,,spfl-2026,
2026-06-28 10:00:11,Empyreo Leme Lizards,27 - 22,São José Jets,,,,spfl-2026,
2026-07-12 14:00:55,Empyreo Leme Lizards,09 - 27,Taubaté Football,,,,spfl-2026,
2026-05-31 10:00:37,Corinthians Steamrollers 2,32 - 12,Black Panthers Football,,,,spfl-2026,
2026-05-31 14:00:41,Guarulhos Rhynos 2,24 - 12,Caraguá Ghostship,,,,spfl-2026,
2026-06-21 10:00:11,Guarulhos Rhynos 2,14 - 21,Ponte Preta Gorilas,,,,spfl-2026,
2026-06-21 14:00:15,Piracicaba Cane Cutters,06 - 00,Corinthians Steamrollers 2,,,,spfl-2026,
2026-07-12 10:00:47,Piracicaba Cane Cutters,09 - 06,Ponte Preta Gorilas,,,,spfl-2026,
2026-06-14 10:00:25,São José Jets,49 - 00,Guarás FA,,,,spfl-2026,
2026-06-14 14:00:34,Franca Carrascos,08 - 28,Caniballs Football,,,,spfl-2026,
2026-06-21 10:00:04,Taubaté Football,19 - 06,Caniballs Football,,,,spfl-2026,
2026-06-28 10:00:11,Empyreo Leme Lizards,27 - 22,São José Jets,,,,spfl-2026,
2026-07-12 14:00:55,Empyreo Leme Lizards,09 - 27,Taubaté Football,,,,spfl-2026,
2026-05-03 12:30:50,Guarulhos Rhynos,29 - 16,Vikings FA,,,,spfl-2026,
2026-05-31 10:00:37,Corinthians Steamrollers 2,32 - 12,Black Panthers Football,,,,spfl-2026,
2026-05-31 14:00:41,Guarulhos Rhynos 2,24 - 12,Caraguá Ghostship,,,,spfl-2026,
2026-06-21 10:00:11,Guarulhos Rhynos 2,14 - 21,Ponte Preta Gorilas,,,,spfl-2026,
2026-06-21 14:00:15,Piracicaba Cane Cutters,06 - 00,Corinthians Steamrollers 2,,,,spfl-2026,
2026-07-12 10:00:47,Piracicaba Cane Cutters,09 - 06,Ponte Preta Gorilas,,,,spfl-2026,
2026-06-14 10:00:25,São José Jets,49 - 00,Guarás FA,,,,spfl-2026,
2026-06-14 14:00:34,Franca Carrascos,08 - 28,Caniballs Football,,,,spfl-2026,
2026-06-21 10:00:04,Taubaté Football,19 - 06,Caniballs Football,,,,spfl-2026,
2026-06-28 10:00:11,Empyreo Leme Lizards,27 - 22,São José Jets,,,,spfl-2026,
2026-07-12 14:00:55,Empyreo Leme Lizards,09 - 27,Taubaté Football,,,,spfl-2026,
2026-05-03 12:30:50,Guarulhos Rhynos,29 - 16,Vikings FA,,,,spfl-2026,
2026-05-03 16:30:48,Tatuapé Monsters,14 - 35,Ocelots FA,,,,spfl-2026,
2026-05-31 10:00:37,Corinthians Steamrollers 2,32 - 12,Black Panthers Football,,,,spfl-2026,
2026-05-31 14:00:41,Guarulhos Rhynos 2,24 - 12,Caraguá Ghostship,,,,spfl-2026,
2026-06-21 10:00:11,Guarulhos Rhynos 2,14 - 21,Ponte Preta Gorilas,,,,spfl-2026,
2026-06-21 14:00:15,Piracicaba Cane Cutters,06 - 00,Corinthians Steamrollers 2,,,,spfl-2026,
2026-07-12 10:00:47,Piracicaba Cane Cutters,09 - 06,Ponte Preta Gorilas,,,,spfl-2026,
2026-06-14 10:00:25,São José Jets,49 - 00,Guarás FA,,,,spfl-2026,
2026-06-14 14:00:34,Franca Carrascos,08 - 28,Caniballs Football,,,,spfl-2026,
2026-06-21 10:00:04,Taubaté Football,19 - 06,Caniballs Football,,,,spfl-2026,
2026-06-28 10:00:11,Empyreo Leme Lizards,27 - 22,São José Jets,,,,spfl-2026,
2026-07-12 14:00:55,Empyreo Leme Lizards,09 - 27,Taubaté Football,,,,spfl-2026,
2026-05-03 12:30:50,Guarulhos Rhynos,29 - 16,Vikings FA,,,,spfl-2026,
2026-05-03 16:30:48,Tatuapé Monsters,14 - 35,Ocelots FA,,,,spfl-2026,
2026-05-24 10:00:24,Moura Lacerda Dragons,40 - 07,Ocelots FA,,,,spfl-2026,
2026-05-31 10:00:37,Corinthians Steamrollers 2,32 - 12,Black Panthers Football,,,,spfl-2026,
2026-05-31 14:00:41,Guarulhos Rhynos 2,24 - 12,Caraguá Ghostship,,,,spfl-2026,
2026-06-21 10:00:11,Guarulhos Rhynos 2,14 - 21,Ponte Preta Gorilas,,,,spfl-2026,
2026-06-21 14:00:15,Piracicaba Cane Cutters,06 - 00,Corinthians Steamrollers 2,,,,spfl-2026,
2026-07-12 10:00:47,Piracicaba Cane Cutters,09 - 06,Ponte Preta Gorilas,,,,spfl-2026,
2026-06-14 10:00:25,São José Jets,49 - 00,Guarás FA,,,,spfl-2026,
2026-06-14 14:00:34,Franca Carrascos,08 - 28,Caniballs Football,,,,spfl-2026,
2026-06-21 10:00:04,Taubaté Football,19 - 06,Caniballs Football,,,,spfl-2026,
2026-06-28 10:00:11,Empyreo Leme Lizards,27 - 22,São José Jets,,,,spfl-2026,
2026-07-12 14:00:55,Empyreo Leme Lizards,09 - 27,Taubaté Football,,,,spfl-2026,
2026-05-03 12:30:50,Guarulhos Rhynos,29 - 16,Vikings FA,,,,spfl-2026,
2026-05-03 16:30:48,Tatuapé Monsters,14 - 35,Ocelots FA,,,,spfl-2026,
2026-05-24 10:00:24,Moura Lacerda Dragons,40 - 07,Ocelots FA,,,,spfl-2026,
2026-05-24 14:00:45,Spartans Football,19 - 20,Guarulhos Rhynos,,,,spfl-2026,
2026-05-31 10:00:37,Corinthians Steamrollers 2,32 - 12,Black Panthers Football,,,,spfl-2026,
2026-05-31 14:00:41,Guarulhos Rhynos 2,24 - 12,Caraguá Ghostship,,,,spfl-2026,
2026-06-21 10:00:11,Guarulhos Rhynos 2,14 - 21,Ponte Preta Gorilas,,,,spfl-2026,
2026-06-21 14:00:15,Piracicaba Cane Cutters,06 - 00,Corinthians Steamrollers 2,,,,spfl-2026,
2026-07-12 10:00:47,Piracicaba Cane Cutters,09 - 06,Ponte Preta Gorilas,,,,spfl-2026,
2026-06-14 10:00:25,São José Jets,49 - 00,Guarás FA,,,,spfl-2026,
2026-06-14 14:00:34,Franca Carrascos,08 - 28,Caniballs Football,,,,spfl-2026,
2026-06-21 10:00:04,Taubaté Football,19 - 06,Caniballs Football,,,,spfl-2026,
2026-06-28 10:00:11,Empyreo Leme Lizards,27 - 22,São José Jets,,,,spfl-2026,
2026-07-12 14:00:55,Empyreo Leme Lizards,09 - 27,Taubaté Football,,,,spfl-2026,
2026-05-03 12:30:50,Guarulhos Rhynos,29 - 16,Vikings FA,,,,spfl-2026,
2026-05-03 16:30:48,Tatuapé Monsters,14 - 35,Ocelots FA,,,,spfl-2026,
2026-05-24 10:00:24,Moura Lacerda Dragons,40 - 07,Ocelots FA,,,,spfl-2026,
2026-05-24 14:00:45,Spartans Football,19 - 20,Guarulhos Rhynos,,,,spfl-2026,
2026-06-07 14:00:50,Moura Lacerda Dragons,34 - 21,Guarulhos Rhynos,,,,spfl-2026,
2026-03-15 10:00:00,Moura Lacerda Dragons,25 - 06,Corinthians Steamrollers,SPFL Diamante,,,spfl-2026,
2026-03-15 10:00:00,São José Jets,14 - 00,Krakens Football,SPFL Ouro,,,spfl-2026,
2026-03-15 10:00:00,Assis Captains,00 - 38,Franca Carrascos,SPFL Ouro,,,spfl-2026,
2026-03-15 14:00:00,Guarulhos Rhynos,49 - 00,Tatuapé Monsters,SPFL Diamante,,,spfl-2026,
2026-03-15 14:00:00,Vikings Berserker,21 - 51,Caniballs Football,SPFL Ouro,,,spfl-2026,
2026-03-15 14:00:00,Avaré Lions,07 - 20,Guarás FA,SPFL Ouro,,,spfl-2026,
2026-03-22 10:00:00,Black Panthers Football,06 - 30,Spartans Football 2,SPFL Prata,,,spfl-2026,
2026-03-22 10:00:00,Caraguá Ghostship,18 - 00,Corinthians Steamrollers 2,SPFL Prata,,,spfl-2026,
2026-03-22 14:00:00,Ocelots FA,37 - 00,Guarani Indians,SPFL Diamante,,,spfl-2026,
2026-03-22 14:00:00,Vikings FA,07 - 14,Spartans Football,SPFL Diamante,,,spfl-2026,
2026-03-22 14:00:00,Jacareí Red Wolves,00 - 36,Ponte Preta Gorilas,SPFL Prata,,,spfl-2026,
2026-03-29 10:00:00,Taubaté Football,43 - 07,Vikings Berserker,SPFL Ouro,,,spfl-2026,
2026-03-29 10:00:00,Guarás FA,07 - 28,Franca Carrascos,SPFL Ouro,,,spfl-2026,
2026-03-29 10:00:00,Guarulhos Rhynos 2,00 - 06,Piracicaba Cane Cutters,SPFL Prata,,,spfl-2026,
2026-03-29 14:00:00,Guarulhos Rhynos,42 - 00,Corinthians Steamrollers,SPFL Diamante,,,spfl-2026,
2026-03-29 14:00:00,Moura Lacerda Dragons,40 - 07,Tatuapé Monsters,SPFL Diamante,,,spfl-2026,
2026-03-29 14:00:00,São José Jets,21 - 14,Caniballs Football,SPFL Ouro,,,spfl-2026,
2026-03-29 14:00:00,Avaré Lions,06 - 42,Empyreo Leme Lizards,SPFL Ouro,,,spfl-2026,
2026-04-05 10:00:00,Vikings FA,38 - 14,Guarani Indians,SPFL Diamante,,,spfl-2026,
2026-04-05 14:00:00,Ocelots FA,07 - 42,Spartans Football,SPFL Diamante,,,spfl-2026,
2026-04-12 10:00:00,Guarulhos Rhynos,09 - 10,Moura Lacerda Dragons,SPFL Diamante,,,spfl-2026,
2026-04-12 10:00:00,Krakens Football,42 - 06,Vikings Berserker,SPFL Ouro,,,spfl-2026,
2026-04-12 14:00:00,Assis Captains,20 - 38,Avaré Lions,SPFL Ouro,,,spfl-2026,
2026-04-12 14:00:00,Guarás FA,00 - 38,Empyreo Leme Lizards,SPFL Ouro,,,spfl-2026,
2026-04-12 14:00:00,Taubaté Football,07 - 03,São José Jets,SPFL Ouro,,,spfl-2026,
2026-04-19 10:00:00,Black Panthers Football,07 - 33,Guarulhos Rhynos 2,SPFL Prata,,,spfl-2026,
2026-04-19 10:00:00,Caraguá Ghostship,24 - 25,Ponte Preta Gorilas,SPFL Prata,,,spfl-2026,
2026-04-19 10:00:00,Spartans Football 2,15 - 14,Piracicaba Cane Cutters,SPFL Prata,,,spfl-2026,
2026-04-19 14:00:00,Corinthians Steamrollers,10 - 43,Tatuapé Monsters,SPFL Diamante,,,spfl-2026,
2026-04-19 14:00:00,Ocelots FA,25 - 18,Vikings FA,SPFL Diamante,,,spfl-2026,
2026-04-19 14:00:00,Spartans Football,49 - 00,Guarani Indians,SPFL Diamante,,,spfl-2026,
2026-04-26 10:00:00,Assis Captains,13 - 40,Guarás FA,SPFL Ouro,,,spfl-2026,
2026-04-26 14:00:00,Krakens Football,00 - 31,Caniballs Football,SPFL Ouro,,,spfl-2026,
2026-04-26 14:00:00,Avaré Lions,14 - 23,Franca Carrascos,SPFL Ouro,,,spfl-2026,
2026-05-03 14:00:00,Caraguá Ghostship,29 - 00,Jacareí Red Wolves,SPFL Prata,,,spfl-2026,
2026-05-03 14:00:00,Corinthians Steamrollers 2,00 - 25,Ponte Preta Gorilas,SPFL Prata,,,spfl-2026,
2026-05-09 14:00:00,Franca Carrascos,13 - 27,Empyreo Leme Lizards,SPFL Ouro,,,spfl-2026,
2026-05-17 10:00:00,Taubaté Football,20 - 14,Caniballs Football,SPFL Ouro,,,spfl-2026,
2026-05-17 10:00:00,Spartans Football 2,10:00:0010:00,Guarulhos Rhynos 2,SPFL Prata,,,spfl-2026,
2026-05-17 14:00:00,São José Jets,45 - 18,Vikings Berserker,SPFL Ouro,,,spfl-2026,
2026-05-31 10:00:37,Corinthians Steamrollers 2,32 - 12,Black Panthers Football,,,,spfl-2026,
2026-05-31 10:00:37,Corinthians Steamrollers 2,32 - 12,Black Panthers Football,,,,spfl-2026,
2026-05-31 14:00:41,Guarulhos Rhynos 2,24 - 12,Caraguá Ghostship,,,,spfl-2026,
2026-05-31 10:00:37,Corinthians Steamrollers 2,32 - 12,Black Panthers Football,,,,spfl-2026,
2026-05-31 14:00:41,Guarulhos Rhynos 2,24 - 12,Caraguá Ghostship,,,,spfl-2026,
2026-06-21 10:00:11,Guarulhos Rhynos 2,14 - 21,Ponte Preta Gorilas,,,,spfl-2026,
2026-05-31 10:00:37,Corinthians Steamrollers 2,32 - 12,Black Panthers Football,,,,spfl-2026,
2026-05-31 14:00:41,Guarulhos Rhynos 2,24 - 12,Caraguá Ghostship,,,,spfl-2026,
2026-06-21 10:00:11,Guarulhos Rhynos 2,14 - 21,Ponte Preta Gorilas,,,,spfl-2026,
2026-06-21 14:00:15,Piracicaba Cane Cutters,06 - 00,Corinthians Steamrollers 2,,,,spfl-2026,
2026-05-31 10:00:37,Corinthians Steamrollers 2,32 - 12,Black Panthers Football,,,,spfl-2026,
2026-05-31 14:00:41,Guarulhos Rhynos 2,24 - 12,Caraguá Ghostship,,,,spfl-2026,
2026-06-21 10:00:11,Guarulhos Rhynos 2,14 - 21,Ponte Preta Gorilas,,,,spfl-2026,
2026-06-21 14:00:15,Piracicaba Cane Cutters,06 - 00,Corinthians Steamrollers 2,,,,spfl-2026,
2026-07-12 10:00:47,Piracicaba Cane Cutters,09 - 06,Ponte Preta Gorilas,,,,spfl-2026,
2026-05-31 10:00:37,Corinthians Steamrollers 2,32 - 12,Black Panthers Football,,,,spfl-2026,
2026-05-31 14:00:41,Guarulhos Rhynos 2,24 - 12,Caraguá Ghostship,,,,spfl-2026,
2026-06-21 10:00:11,Guarulhos Rhynos 2,14 - 21,Ponte Preta Gorilas,,,,spfl-2026,
2026-06-21 14:00:15,Piracicaba Cane Cutters,06 - 00,Corinthians Steamrollers 2,,,,spfl-2026,
2026-07-12 10:00:47,Piracicaba Cane Cutters,09 - 06,Ponte Preta Gorilas,,,,spfl-2026,
2026-06-14 10:00:25,São José Jets,49 - 00,Guarás FA,,,,spfl-2026,
2026-05-31 10:00:37,Corinthians Steamrollers 2,32 - 12,Black Panthers Football,,,,spfl-2026,
2026-05-31 14:00:41,Guarulhos Rhynos 2,24 - 12,Caraguá Ghostship,,,,spfl-2026,
2026-06-21 10:00:11,Guarulhos Rhynos 2,14 - 21,Ponte Preta Gorilas,,,,spfl-2026,
2026-06-21 14:00:15,Piracicaba Cane Cutters,06 - 00,Corinthians Steamrollers 2,,,,spfl-2026,
2026-07-12 10:00:47,Piracicaba Cane Cutters,09 - 06,Ponte Preta Gorilas,,,,spfl-2026,
2026-06-14 10:00:25,São José Jets,49 - 00,Guarás FA,,,,spfl-2026,
2026-06-14 14:00:34,Franca Carrascos,08 - 28,Caniballs Football,,,,spfl-2026,
2026-05-31 10:00:37,Corinthians Steamrollers 2,32 - 12,Black Panthers Football,,,,spfl-2026,
2026-05-31 14:00:41,Guarulhos Rhynos 2,24 - 12,Caraguá Ghostship,,,,spfl-2026,
2026-06-21 10:00:11,Guarulhos Rhynos 2,14 - 21,Ponte Preta Gorilas,,,,spfl-2026,
2026-06-21 14:00:15,Piracicaba Cane Cutters,06 - 00,Corinthians Steamrollers 2,,,,spfl-2026,
2026-07-12 10:00:47,Piracicaba Cane Cutters,09 - 06,Ponte Preta Gorilas,,,,spfl-2026,
2026-06-14 10:00:25,São José Jets,49 - 00,Guarás FA,,,,spfl-2026,
2026-06-14 14:00:34,Franca Carrascos,08 - 28,Caniballs Football,,,,spfl-2026,
2026-06-21 10:00:04,Taubaté Football,19 - 06,Caniballs Football,,,,spfl-2026,
2026-05-31 10:00:37,Corinthians Steamrollers 2,32 - 12,Black Panthers Football,,,,spfl-2026,
2026-05-31 14:00:41,Guarulhos Rhynos 2,24 - 12,Caraguá Ghostship,,,,spfl-2026,
2026-06-21 10:00:11,Guarulhos Rhynos 2,14 - 21,Ponte Preta Gorilas,,,,spfl-2026,
2026-06-21 14:00:15,Piracicaba Cane Cutters,06 - 00,Corinthians Steamrollers 2,,,,spfl-2026,
2026-07-12 10:00:47,Piracicaba Cane Cutters,09 - 06,Ponte Preta Gorilas,,,,spfl-2026,
2026-06-14 10:00:25,São José Jets,49 - 00,Guarás FA,,,,spfl-2026,
2026-06-14 14:00:34,Franca Carrascos,08 - 28,Caniballs Football,,,,spfl-2026,
2026-06-21 10:00:04,Taubaté Football,19 - 06,Caniballs Football,,,,spfl-2026,
2026-06-28 10:00:11,Empyreo Leme Lizards,27 - 22,São José Jets,,,,spfl-2026,
2026-05-31 10:00:37,Corinthians Steamrollers 2,32 - 12,Black Panthers Football,,,,spfl-2026,
2026-05-31 14:00:41,Guarulhos Rhynos 2,24 - 12,Caraguá Ghostship,,,,spfl-2026,
2026-06-21 10:00:11,Guarulhos Rhynos 2,14 - 21,Ponte Preta Gorilas,,,,spfl-2026,
2026-06-21 14:00:15,Piracicaba Cane Cutters,06 - 00,Corinthians Steamrollers 2,,,,spfl-2026,
2026-07-12 10:00:47,Piracicaba Cane Cutters,09 - 06,Ponte Preta Gorilas,,,,spfl-2026,
2026-06-14 10:00:25,São José Jets,49 - 00,Guarás FA,,,,spfl-2026,
2026-06-14 14:00:34,Franca Carrascos,08 - 28,Caniballs Football,,,,spfl-2026,
2026-06-21 10:00:04,Taubaté Football,19 - 06,Caniballs Football,,,,spfl-2026,
2026-06-28 10:00:11,Empyreo Leme Lizards,27 - 22,São José Jets,,,,spfl-2026,
2026-07-12 14:00:55,Empyreo Leme Lizards,09 - 27,Taubaté Football,,,,spfl-2026,
2026-05-31 10:00:37,Corinthians Steamrollers 2,32 - 12,Black Panthers Football,,,,spfl-2026,
2026-05-31 14:00:41,Guarulhos Rhynos 2,24 - 12,Caraguá Ghostship,,,,spfl-2026,
2026-06-21 10:00:11,Guarulhos Rhynos 2,14 - 21,Ponte Preta Gorilas,,,,spfl-2026,
2026-06-21 14:00:15,Piracicaba Cane Cutters,06 - 00,Corinthians Steamrollers 2,,,,spfl-2026,
2026-07-12 10:00:47,Piracicaba Cane Cutters,09 - 06,Ponte Preta Gorilas,,,,spfl-2026,
2026-06-14 10:00:25,São José Jets,49 - 00,Guarás FA,,,,spfl-2026,
2026-06-14 14:00:34,Franca Carrascos,08 - 28,Caniballs Football,,,,spfl-2026,
2026-06-21 10:00:04,Taubaté Football,19 - 06,Caniballs Football,,,,spfl-2026,
2026-06-28 10:00:11,Empyreo Leme Lizards,27 - 22,São José Jets,,,,spfl-2026,
2026-07-12 14:00:55,Empyreo Leme Lizards,09 - 27,Taubaté Football,,,,spfl-2026,
2026-05-03 12:30:50,Guarulhos Rhynos,29 - 16,Vikings FA,,,,spfl-2026,
2026-05-31 10:00:37,Corinthians Steamrollers 2,32 - 12,Black Panthers Football,,,,spfl-2026,
2026-05-31 14:00:41,Guarulhos Rhynos 2,24 - 12,Caraguá Ghostship,,,,spfl-2026,
2026-06-21 10:00:11,Guarulhos Rhynos 2,14 - 21,Ponte Preta Gorilas,,,,spfl-2026,
2026-06-21 14:00:15,Piracicaba Cane Cutters,06 - 00,Corinthians Steamrollers 2,,,,spfl-2026,
2026-07-12 10:00:47,Piracicaba Cane Cutters,09 - 06,Ponte Preta Gorilas,,,,spfl-2026,
2026-06-14 10:00:25,São José Jets,49 - 00,Guarás FA,,,,spfl-2026,
2026-06-14 14:00:34,Franca Carrascos,08 - 28,Caniballs Football,,,,spfl-2026,
2026-06-21 10:00:04,Taubaté Football,19 - 06,Caniballs Football,,,,spfl-2026,
2026-06-28 10:00:11,Empyreo Leme Lizards,27 - 22,São José Jets,,,,spfl-2026,
2026-07-12 14:00:55,Empyreo Leme Lizards,09 - 27,Taubaté Football,,,,spfl-2026,
2026-05-03 12:30:50,Guarulhos Rhynos,29 - 16,Vikings FA,,,,spfl-2026,
2026-05-03 16:30:48,Tatuapé Monsters,14 - 35,Ocelots FA,,,,spfl-2026,
2026-05-31 10:00:37,Corinthians Steamrollers 2,32 - 12,Black Panthers Football,,,,spfl-2026,
2026-05-31 14:00:41,Guarulhos Rhynos 2,24 - 12,Caraguá Ghostship,,,,spfl-2026,
2026-06-21 10:00:11,Guarulhos Rhynos 2,14 - 21,Ponte Preta Gorilas,,,,spfl-2026,
2026-06-21 14:00:15,Piracicaba Cane Cutters,06 - 00,Corinthians Steamrollers 2,,,,spfl-2026,
2026-07-12 10:00:47,Piracicaba Cane Cutters,09 - 06,Ponte Preta Gorilas,,,,spfl-2026,
2026-06-14 10:00:25,São José Jets,49 - 00,Guarás FA,,,,spfl-2026,
2026-06-14 14:00:34,Franca Carrascos,08 - 28,Caniballs Football,,,,spfl-2026,
2026-06-21 10:00:04,Taubaté Football,19 - 06,Caniballs Football,,,,spfl-2026,
2026-06-28 10:00:11,Empyreo Leme Lizards,27 - 22,São José Jets,,,,spfl-2026,
2026-07-12 14:00:55,Empyreo Leme Lizards,09 - 27,Taubaté Football,,,,spfl-2026,
2026-05-03 12:30:50,Guarulhos Rhynos,29 - 16,Vikings FA,,,,spfl-2026,
2026-05-03 16:30:48,Tatuapé Monsters,14 - 35,Ocelots FA,,,,spfl-2026,
2026-05-24 10:00:24,Moura Lacerda Dragons,40 - 07,Ocelots FA,,,,spfl-2026,
2026-05-31 10:00:37,Corinthians Steamrollers 2,32 - 12,Black Panthers Football,,,,spfl-2026,
2026-05-31 14:00:41,Guarulhos Rhynos 2,24 - 12,Caraguá Ghostship,,,,spfl-2026,
2026-06-21 10:00:11,Guarulhos Rhynos 2,14 - 21,Ponte Preta Gorilas,,,,spfl-2026,
2026-06-21 14:00:15,Piracicaba Cane Cutters,06 - 00,Corinthians Steamrollers 2,,,,spfl-2026,
2026-07-12 10:00:47,Piracicaba Cane Cutters,09 - 06,Ponte Preta Gorilas,,,,spfl-2026,
2026-06-14 10:00:25,São José Jets,49 - 00,Guarás FA,,,,spfl-2026,
2026-06-14 14:00:34,Franca Carrascos,08 - 28,Caniballs Football,,,,spfl-2026,
2026-06-21 10:00:04,Taubaté Football,19 - 06,Caniballs Football,,,,spfl-2026,
2026-06-28 10:00:11,Empyreo Leme Lizards,27 - 22,São José Jets,,,,spfl-2026,
2026-07-12 14:00:55,Empyreo Leme Lizards,09 - 27,Taubaté Football,,,,spfl-2026,
2026-05-03 12:30:50,Guarulhos Rhynos,29 - 16,Vikings FA,,,,spfl-2026,
2026-05-03 16:30:48,Tatuapé Monsters,14 - 35,Ocelots FA,,,,spfl-2026,
2026-05-24 10:00:24,Moura Lacerda Dragons,40 - 07,Ocelots FA,,,,spfl-2026,
2026-05-24 14:00:45,Spartans Football,19 - 20,Guarulhos Rhynos,,,,spfl-2026,
2026-05-31 10:00:37,Corinthians Steamrollers 2,32 - 12,Black Panthers Football,,,,spfl-2026,
2026-05-31 14:00:41,Guarulhos Rhynos 2,24 - 12,Caraguá Ghostship,,,,spfl-2026,
2026-06-21 10:00:11,Guarulhos Rhynos 2,14 - 21,Ponte Preta Gorilas,,,,spfl-2026,
2026-06-21 14:00:15,Piracicaba Cane Cutters,06 - 00,Corinthians Steamrollers 2,,,,spfl-2026,
2026-07-12 10:00:47,Piracicaba Cane Cutters,09 - 06,Ponte Preta Gorilas,,,,spfl-2026,
2026-06-14 10:00:25,São José Jets,49 - 00,Guarás FA,,,,spfl-2026,
2026-06-14 14:00:34,Franca Carrascos,08 - 28,Caniballs Football,,,,spfl-2026,
2026-06-21 10:00:04,Taubaté Football,19 - 06,Caniballs Football,,,,spfl-2026,
2026-06-28 10:00:11,Empyreo Leme Lizards,27 - 22,São José Jets,,,,spfl-2026,
2026-07-12 14:00:55,Empyreo Leme Lizards,09 - 27,Taubaté Football,,,,spfl-2026,
2026-05-03 12:30:50,Guarulhos Rhynos,29 - 16,Vikings FA,,,,spfl-2026,
2026-05-03 16:30:48,Tatuapé Monsters,14 - 35,Ocelots FA,,,,spfl-2026,
2026-05-24 10:00:24,Moura Lacerda Dragons,40 - 07,Ocelots FA,,,,spfl-2026,
2026-05-24 14:00:45,Spartans Football,19 - 20,Guarulhos Rhynos,,,,spfl-2026,
2026-06-07 14:00:50,Moura Lacerda Dragons,34 - 21,Guarulhos Rhynos,,,,spfl-2026,
2026-05-17 14:00:00,Black Panthers Football,03 - 14,Piracicaba Cane Cutters,SPFL Prata,,,spfl-2026,
2026-05-17 14:00:00,Jacareí Red Wolves,13 - 32,Corinthians Steamrollers 2,SPFL Prata,,,spfl-2026,
2026-05-24 10:10:14,Empyreo Leme Lizards,39 - 07,Assis Captains,SPFL Ouro,,,spfl-2026,
2026-05-24 14:00:00,Taubaté Football,06 - 19,Krakens Football,SPFL Ouro,,,spfl-2026,
2026-05-31 10:00:37,Corinthians Steamrollers 2,32 - 12,Black Panthers Football,,,,spfl-2026,
2026-05-31 10:00:37,Corinthians Steamrollers 2,32 - 12,Black Panthers Football,,,,spfl-2026,
2026-05-31 14:00:41,Guarulhos Rhynos 2,24 - 12,Caraguá Ghostship,,,,spfl-2026,
2026-05-31 10:00:37,Corinthians Steamrollers 2,32 - 12,Black Panthers Football,,,,spfl-2026,
2026-05-31 14:00:41,Guarulhos Rhynos 2,24 - 12,Caraguá Ghostship,,,,spfl-2026,
2026-06-21 10:00:11,Guarulhos Rhynos 2,14 - 21,Ponte Preta Gorilas,,,,spfl-2026,
2026-05-31 10:00:37,Corinthians Steamrollers 2,32 - 12,Black Panthers Football,,,,spfl-2026,
2026-05-31 14:00:41,Guarulhos Rhynos 2,24 - 12,Caraguá Ghostship,,,,spfl-2026,
2026-06-21 10:00:11,Guarulhos Rhynos 2,14 - 21,Ponte Preta Gorilas,,,,spfl-2026,
2026-06-21 14:00:15,Piracicaba Cane Cutters,06 - 00,Corinthians Steamrollers 2,,,,spfl-2026,
2026-05-31 10:00:37,Corinthians Steamrollers 2,32 - 12,Black Panthers Football,,,,spfl-2026,
2026-05-31 14:00:41,Guarulhos Rhynos 2,24 - 12,Caraguá Ghostship,,,,spfl-2026,
2026-06-21 10:00:11,Guarulhos Rhynos 2,14 - 21,Ponte Preta Gorilas,,,,spfl-2026,
2026-06-21 14:00:15,Piracicaba Cane Cutters,06 - 00,Corinthians Steamrollers 2,,,,spfl-2026,
2026-07-12 10:00:47,Piracicaba Cane Cutters,09 - 06,Ponte Preta Gorilas,,,,spfl-2026,
2026-05-31 10:00:37,Corinthians Steamrollers 2,32 - 12,Black Panthers Football,,,,spfl-2026,
2026-05-31 14:00:41,Guarulhos Rhynos 2,24 - 12,Caraguá Ghostship,,,,spfl-2026,
2026-06-21 10:00:11,Guarulhos Rhynos 2,14 - 21,Ponte Preta Gorilas,,,,spfl-2026,
2026-06-21 14:00:15,Piracicaba Cane Cutters,06 - 00,Corinthians Steamrollers 2,,,,spfl-2026,
2026-07-12 10:00:47,Piracicaba Cane Cutters,09 - 06,Ponte Preta Gorilas,,,,spfl-2026,
2026-06-14 10:00:25,São José Jets,49 - 00,Guarás FA,,,,spfl-2026,
2026-05-31 10:00:37,Corinthians Steamrollers 2,32 - 12,Black Panthers Football,,,,spfl-2026,
2026-05-31 14:00:41,Guarulhos Rhynos 2,24 - 12,Caraguá Ghostship,,,,spfl-2026,
2026-06-21 10:00:11,Guarulhos Rhynos 2,14 - 21,Ponte Preta Gorilas,,,,spfl-2026,
2026-06-21 14:00:15,Piracicaba Cane Cutters,06 - 00,Corinthians Steamrollers 2,,,,spfl-2026,
2026-07-12 10:00:47,Piracicaba Cane Cutters,09 - 06,Ponte Preta Gorilas,,,,spfl-2026,
2026-06-14 10:00:25,São José Jets,49 - 00,Guarás FA,,,,spfl-2026,
2026-06-14 14:00:34,Franca Carrascos,08 - 28,Caniballs Football,,,,spfl-2026,
2026-05-31 10:00:37,Corinthians Steamrollers 2,32 - 12,Black Panthers Football,,,,spfl-2026,
2026-05-31 14:00:41,Guarulhos Rhynos 2,24 - 12,Caraguá Ghostship,,,,spfl-2026,
2026-06-21 10:00:11,Guarulhos Rhynos 2,14 - 21,Ponte Preta Gorilas,,,,spfl-2026,
2026-06-21 14:00:15,Piracicaba Cane Cutters,06 - 00,Corinthians Steamrollers 2,,,,spfl-2026,
2026-07-12 10:00:47,Piracicaba Cane Cutters,09 - 06,Ponte Preta Gorilas,,,,spfl-2026,
2026-06-14 10:00:25,São José Jets,49 - 00,Guarás FA,,,,spfl-2026,
2026-06-14 14:00:34,Franca Carrascos,08 - 28,Caniballs Football,,,,spfl-2026,
2026-06-21 10:00:04,Taubaté Football,19 - 06,Caniballs Football,,,,spfl-2026,
2026-05-31 10:00:37,Corinthians Steamrollers 2,32 - 12,Black Panthers Football,,,,spfl-2026,
2026-05-31 14:00:41,Guarulhos Rhynos 2,24 - 12,Caraguá Ghostship,,,,spfl-2026,
2026-06-21 10:00:11,Guarulhos Rhynos 2,14 - 21,Ponte Preta Gorilas,,,,spfl-2026,
2026-06-21 14:00:15,Piracicaba Cane Cutters,06 - 00,Corinthians Steamrollers 2,,,,spfl-2026,
2026-07-12 10:00:47,Piracicaba Cane Cutters,09 - 06,Ponte Preta Gorilas,,,,spfl-2026,
2026-06-14 10:00:25,São José Jets,49 - 00,Guarás FA,,,,spfl-2026,
2026-06-14 14:00:34,Franca Carrascos,08 - 28,Caniballs Football,,,,spfl-2026,
2026-06-21 10:00:04,Taubaté Football,19 - 06,Caniballs Football,,,,spfl-2026,
2026-06-28 10:00:11,Empyreo Leme Lizards,27 - 22,São José Jets,,,,spfl-2026,
2026-05-31 10:00:37,Corinthians Steamrollers 2,32 - 12,Black Panthers Football,,,,spfl-2026,
2026-05-31 14:00:41,Guarulhos Rhynos 2,24 - 12,Caraguá Ghostship,,,,spfl-2026,
2026-06-21 10:00:11,Guarulhos Rhynos 2,14 - 21,Ponte Preta Gorilas,,,,spfl-2026,
2026-06-21 14:00:15,Piracicaba Cane Cutters,06 - 00,Corinthians Steamrollers 2,,,,spfl-2026,
2026-07-12 10:00:47,Piracicaba Cane Cutters,09 - 06,Ponte Preta Gorilas,,,,spfl-2026,
2026-06-14 10:00:25,São José Jets,49 - 00,Guarás FA,,,,spfl-2026,
2026-06-14 14:00:34,Franca Carrascos,08 - 28,Caniballs Football,,,,spfl-2026,
2026-06-21 10:00:04,Taubaté Football,19 - 06,Caniballs Football,,,,spfl-2026,
2026-06-28 10:00:11,Empyreo Leme Lizards,27 - 22,São José Jets,,,,spfl-2026,
2026-07-12 14:00:55,Empyreo Leme Lizards,09 - 27,Taubaté Football,,,,spfl-2026,
2026-05-31 10:00:37,Corinthians Steamrollers 2,32 - 12,Black Panthers Football,,,,spfl-2026,
2026-05-31 14:00:41,Guarulhos Rhynos 2,24 - 12,Caraguá Ghostship,,,,spfl-2026,
2026-06-21 10:00:11,Guarulhos Rhynos 2,14 - 21,Ponte Preta Gorilas,,,,spfl-2026,
2026-06-21 14:00:15,Piracicaba Cane Cutters,06 - 00,Corinthians Steamrollers 2,,,,spfl-2026,
2026-07-12 10:00:47,Piracicaba Cane Cutters,09 - 06,Ponte Preta Gorilas,,,,spfl-2026,
2026-06-14 10:00:25,São José Jets,49 - 00,Guarás FA,,,,spfl-2026,
2026-06-14 14:00:34,Franca Carrascos,08 - 28,Caniballs Football,,,,spfl-2026,
2026-06-21 10:00:04,Taubaté Football,19 - 06,Caniballs Football,,,,spfl-2026,
2026-06-28 10:00:11,Empyreo Leme Lizards,27 - 22,São José Jets,,,,spfl-2026,
2026-07-12 14:00:55,Empyreo Leme Lizards,09 - 27,Taubaté Football,,,,spfl-2026,
2026-05-03 12:30:50,Guarulhos Rhynos,29 - 16,Vikings FA,,,,spfl-2026,
2026-05-31 10:00:37,Corinthians Steamrollers 2,32 - 12,Black Panthers Football,,,,spfl-2026,
2026-05-31 14:00:41,Guarulhos Rhynos 2,24 - 12,Caraguá Ghostship,,,,spfl-2026,
2026-06-21 10:00:11,Guarulhos Rhynos 2,14 - 21,Ponte Preta Gorilas,,,,spfl-2026,
2026-06-21 14:00:15,Piracicaba Cane Cutters,06 - 00,Corinthians Steamrollers 2,,,,spfl-2026,
2026-07-12 10:00:47,Piracicaba Cane Cutters,09 - 06,Ponte Preta Gorilas,,,,spfl-2026,
2026-06-14 10:00:25,São José Jets,49 - 00,Guarás FA,,,,spfl-2026,
2026-06-14 14:00:34,Franca Carrascos,08 - 28,Caniballs Football,,,,spfl-2026,
2026-06-21 10:00:04,Taubaté Football,19 - 06,Caniballs Football,,,,spfl-2026,
2026-06-28 10:00:11,Empyreo Leme Lizards,27 - 22,São José Jets,,,,spfl-2026,
2026-07-12 14:00:55,Empyreo Leme Lizards,09 - 27,Taubaté Football,,,,spfl-2026,
2026-05-03 12:30:50,Guarulhos Rhynos,29 - 16,Vikings FA,,,,spfl-2026,
2026-05-03 16:30:48,Tatuapé Monsters,14 - 35,Ocelots FA,,,,spfl-2026,
2026-05-31 10:00:37,Corinthians Steamrollers 2,32 - 12,Black Panthers Football,,,,spfl-2026,
2026-05-31 14:00:41,Guarulhos Rhynos 2,24 - 12,Caraguá Ghostship,,,,spfl-2026,
2026-06-21 10:00:11,Guarulhos Rhynos 2,14 - 21,Ponte Preta Gorilas,,,,spfl-2026,
2026-06-21 14:00:15,Piracicaba Cane Cutters,06 - 00,Corinthians Steamrollers 2,,,,spfl-2026,
2026-07-12 10:00:47,Piracicaba Cane Cutters,09 - 06,Ponte Preta Gorilas,,,,spfl-2026,
2026-06-14 10:00:25,São José Jets,49 - 00,Guarás FA,,,,spfl-2026,
2026-06-14 14:00:34,Franca Carrascos,08 - 28,Caniballs Football,,,,spfl-2026,
2026-06-21 10:00:04,Taubaté Football,19 - 06,Caniballs Football,,,,spfl-2026,
2026-06-28 10:00:11,Empyreo Leme Lizards,27 - 22,São José Jets,,,,spfl-2026,
2026-07-12 14:00:55,Empyreo Leme Lizards,09 - 27,Taubaté Football,,,,spfl-2026,
2026-05-03 12:30:50,Guarulhos Rhynos,29 - 16,Vikings FA,,,,spfl-2026,
2026-05-03 16:30:48,Tatuapé Monsters,14 - 35,Ocelots FA,,,,spfl-2026,
2026-05-24 10:00:24,Moura Lacerda Dragons,40 - 07,Ocelots FA,,,,spfl-2026,
2026-05-31 10:00:37,Corinthians Steamrollers 2,32 - 12,Black Panthers Football,,,,spfl-2026,
2026-05-31 14:00:41,Guarulhos Rhynos 2,24 - 12,Caraguá Ghostship,,,,spfl-2026,
2026-06-21 10:00:11,Guarulhos Rhynos 2,14 - 21,Ponte Preta Gorilas,,,,spfl-2026,
2026-06-21 14:00:15,Piracicaba Cane Cutters,06 - 00,Corinthians Steamrollers 2,,,,spfl-2026,
2026-07-12 10:00:47,Piracicaba Cane Cutters,09 - 06,Ponte Preta Gorilas,,,,spfl-2026,
2026-06-14 10:00:25,São José Jets,49 - 00,Guarás FA,,,,spfl-2026,
2026-06-14 14:00:34,Franca Carrascos,08 - 28,Caniballs Football,,,,spfl-2026,
2026-06-21 10:00:04,Taubaté Football,19 - 06,Caniballs Football,,,,spfl-2026,
2026-06-28 10:00:11,Empyreo Leme Lizards,27 - 22,São José Jets,,,,spfl-2026,
2026-07-12 14:00:55,Empyreo Leme Lizards,09 - 27,Taubaté Football,,,,spfl-2026,
2026-05-03 12:30:50,Guarulhos Rhynos,29 - 16,Vikings FA,,,,spfl-2026,
2026-05-03 16:30:48,Tatuapé Monsters,14 - 35,Ocelots FA,,,,spfl-2026,
2026-05-24 10:00:24,Moura Lacerda Dragons,40 - 07,Ocelots FA,,,,spfl-2026,
2026-05-24 14:00:45,Spartans Football,19 - 20,Guarulhos Rhynos,,,,spfl-2026,
2026-05-31 10:00:37,Corinthians Steamrollers 2,32 - 12,Black Panthers Football,,,,spfl-2026,
2026-05-31 14:00:41,Guarulhos Rhynos 2,24 - 12,Caraguá Ghostship,,,,spfl-2026,
2026-06-21 10:00:11,Guarulhos Rhynos 2,14 - 21,Ponte Preta Gorilas,,,,spfl-2026,
2026-06-21 14:00:15,Piracicaba Cane Cutters,06 - 00,Corinthians Steamrollers 2,,,,spfl-2026,
2026-07-12 10:00:47,Piracicaba Cane Cutters,09 - 06,Ponte Preta Gorilas,,,,spfl-2026,
2026-06-14 10:00:25,São José Jets,49 - 00,Guarás FA,,,,spfl-2026,
2026-06-14 14:00:34,Franca Carrascos,08 - 28,Caniballs Football,,,,spfl-2026,
2026-06-21 10:00:04,Taubaté Football,19 - 06,Caniballs Football,,,,spfl-2026,
2026-06-28 10:00:11,Empyreo Leme Lizards,27 - 22,São José Jets,,,,spfl-2026,
2026-07-12 14:00:55,Empyreo Leme Lizards,09 - 27,Taubaté Football,,,,spfl-2026,
2026-05-03 12:30:50,Guarulhos Rhynos,29 - 16,Vikings FA,,,,spfl-2026,
2026-05-03 16:30:48,Tatuapé Monsters,14 - 35,Ocelots FA,,,,spfl-2026,
2026-05-24 10:00:24,Moura Lacerda Dragons,40 - 07,Ocelots FA,,,,spfl-2026,
2026-05-24 14:00:45,Spartans Football,19 - 20,Guarulhos Rhynos,,,,spfl-2026,
2026-06-07 14:00:50,Moura Lacerda Dragons,34 - 21,Guarulhos Rhynos,,,,spfl-2026,
2026-03-07 14:00:00,Coritiba Crocodiles,39 - 00,Calvary Cavaliers,,,,campeonato-paranaense-2026,Croco Stadium - Curitiba/PR
2026-03-08 10:00:00,Ponta Grossa Phantoms,51 - 07,Cascavel Olympians,,,,campeonato-paranaense-2026,Estádio Nilton Salles Rosa - Ponta Grossa/PR
2026-03-14 14:00:00,Brown Spiders,61 - 00,Francisco Beltrão Red Feet,,,,campeonato-paranaense-2026,Curitiba/PR
2026-03-14 14:00:00,Arapongas Golden Phoenix,00 - 49,Londrina Bristlebacks,,,,campeonato-paranaense-2026,Arapongas/PR
2026-03-21 14:00:00,Calvary Cavaliers,25 - 06,Cascavel Olympians,,,,campeonato-paranaense-2026,
2026-03-22 14:00:00,Coritiba Crocodiles,31 - 00,Ponta Grossa Phantoms,,,,campeonato-paranaense-2026,
2026-03-28 14:00:00,Londrina Bristlebacks,42 - 13,Arapongas Golden Phoenix,,,,campeonato-paranaense-2026,
2026-03-29 10:00:00,Francisco Beltrão Red Feet,00 - 41,Brown Spiders,,,,campeonato-paranaense-2026,
2026-04-11 14:00:00,Cascavel Olympians,00 - 44,Coritiba Crocodiles,,,,campeonato-paranaense-2026,
2026-04-12 14:00:00,Ponta Grossa Phantoms,00 - 07,Calvary Cavaliers,,,,campeonato-paranaense-2026,
2026-04-18 14:00:00,Francisco Beltrão Red Feet,16 - 20,Londrina Bristlebacks,,,,campeonato-paranaense-2026,
2026-04-19 10:00:00,Brown Spiders,41 - 06,Arapongas Golden Phoenix,,,,campeonato-paranaense-2026,
2026-04-25 14:00:00,Cascavel Olympians,06 - 12,Ponta Grossa Phantoms,,,,campeonato-paranaense-2026,
2026-04-26 14:00:00,Calvary Cavaliers,00 - 44,Coritiba Crocodiles,,,,campeonato-paranaense-2026,
2026-05-24 10:00:00,Arapongas Golden Phoenix,28 - 21,Francisco Beltrão Red Feet,,,,campeonato-paranaense-2026,
2026-05-30 14:00:00,Londrina Bristlebacks,34 - 37,Brown Spiders,,,,campeonato-paranaense-2026,
2026-06-06 14:00:34,Arapongas Golden Phoenix,13 - 07,Ponta Grossa Phantoms,,,,campeonato-paranaense-2026,
2026-06-06 14:00:34,Arapongas Golden Phoenix,13 - 07,Ponta Grossa Phantoms,,,,campeonato-paranaense-2026,
2026-06-13 14:00:45,Coritiba Crocodiles,34 - 17,Londrina Bristlebacks,,,,campeonato-paranaense-2026,
2026-06-06 14:00:34,Arapongas Golden Phoenix,13 - 07,Ponta Grossa Phantoms,,,,campeonato-paranaense-2026,
2026-06-13 14:00:45,Coritiba Crocodiles,34 - 17,Londrina Bristlebacks,,,,campeonato-paranaense-2026,
2026-06-14 14:00:51,Brown Spiders,35 - 00,Calvary Cavaliers,,,,campeonato-paranaense-2026,
2026-06-06 14:00:34,Arapongas Golden Phoenix,13 - 07,Ponta Grossa Phantoms,,,,campeonato-paranaense-2026,
2026-06-13 14:00:45,Coritiba Crocodiles,34 - 17,Londrina Bristlebacks,,,,campeonato-paranaense-2026,
2026-06-14 14:00:51,Brown Spiders,35 - 00,Calvary Cavaliers,,,,campeonato-paranaense-2026,
2026-06-28 14:30:06,Coritiba Crocodiles,19 - 16,Brown Spiders,,,,campeonato-paranaense-2026,
2025-07-05 15:00:00,Recife Mariners,35 - 14,Caruaru Wolves,Superliga D1,,,superliga-2025,
2025-07-06 10:00:00,Chape FA,09 - 14,Francisco Beltrão Red Feet,Superliga D3,,,superliga-2025,
2025-07-06 10:00:00,Lusa Jaguars,14 - 17,Brasília Pilots,Superliga Feminina,,,superliga-2025,
2025-07-06 13:30:00,Goianos FA,28 - 00,Gama Leões de Judá,Superliga D2,,,superliga-2025,
2025-07-06 14:00:00,Caucaia Sabres,20 - 37,Fortaleza Tritões,Superliga D1,,,superliga-2025,
2025-07-13 10:00:00,Curitiba Silverhawks,17 - 07,Curitiba Phoenix,Superliga Feminina,,,superliga-2025,
2025-07-13 13:30:00,Juventude FA,14 - 17,Santa Maria Soldiers,Superliga D1,,,superliga-2025,
2025-07-13 14:00:00,Coritiba Crocodiles B,12 - 00,JEC Gladiators,Superliga D3,,,superliga-2025,
2025-07-13 14:30:00,Istepôs FA,17 - 20,Bravos FA,Superliga D1,,,superliga-2025,
2025-07-17 09:00:00,Porto Velho Miners,31 - 00,São Raimundo C. Cavaliers,Superliga D1,,,superliga-2025,
2025-07-19 14:00:00,Erechim Coroados,48 - 06,Chape FA,Superliga D3,,,superliga-2025,
2025-07-20 09:30:00,Brown Spiders,21 - 18,Calvary Cavaliers,Superliga D1,,,superliga-2025,
2025-07-20 14:00:00,Coritiba Crocodiles,35 - 29,T-Rex,Superliga D1,,,superliga-2025,
2025-07-20 14:00:00,Gama Leões de Judá,21 - 00,Brasília Wizards,Superliga D2,,,superliga-2025,
2025-07-26 14:00:00,Santa Maria Soldiers,06 - 07,Istepôs FA,Superliga D1,,,superliga-2025,
2025-07-26 15:00:00,Cuiabá Arsenal,13 - 16,Tubarões do Cerrado,Superliga D1,,,superliga-2025,
2025-07-26 15:00:00,JEC Gladiators,22 - 34,PRC Guardian Saints,Superliga D3,,,superliga-2025,
2025-07-27 09:00:00,São Raimundo C. Cavaliers,03 - 55,Manaus FA,Superliga D1,,,superliga-2025,
2025-07-27 14:00:00,Criciúma Iron Tigers,03 - 27,Bears FA,Superliga D3,,,superliga-2025,
2025-07-28 14:30:00,Gravataí Spartans,24 - 18,Matilha dos Vales,Superliga D3,,,superliga-2025,
2025-08-02 14:00:00,Tritões FA,06 - 35,Vasco Almirantes,Superliga D1,,,superliga-2025,
2025-08-02 14:00:00,Galo FA,14 - 17,Spartans Football,Superliga D1,,,superliga-2025,
2025-08-02 15:00:00,Brasília Pilots,34 - 00,Curitiba Phoenix,Superliga Feminina,,,superliga-2025,
2025-08-02 16:00:00,T-Rex,39 - 00,Brown Spiders,Superliga D1,,,superliga-2025,
2025-08-02 19:00:00,Cruzeiro FA,07 - 09,Guarulhos Rhynos,Superliga D1,,,superliga-2025,
2025-08-03 10:00:00,Locomotiva FA,33 - 13,Flamengo Imperadores,Superliga D1,,,superliga-2025,
2025-08-03 10:00:00,Cavalaria 2 de Julho,28 - 12,Caruaru Wolves,Superliga D1,,,superliga-2025,
2025-08-03 10:00:00,Sorocaba Vipers,07 - 14,Vikings FA,Superliga D2,,,superliga-2025,
2025-08-03 10:00:00,Brasília Wizards,00 - 48,Goianos FA,Superliga D2,,,superliga-2025,
2025-08-03 14:00:00,Recife Mariners,14 - 00,Fortaleza Tritões,Superliga D1,,,superliga-2025,
2025-08-03 14:00:00,Moura Lacerda Dragons,13 - 20,Rio Preto Weilers,Superliga D1,,,superliga-2025,
2025-08-03 14:00:00,Ocelots FA,43 - 06,Corinthians Steamrollers,Superliga D1,,,superliga-2025,
2025-08-03 14:00:00,Caucaia Sabres,13 - 14,João Pessoa Espectros,Superliga D1,,,superliga-2025,
2025-08-03 14:00:00,Calvary Cavaliers,00 - 54,Coritiba Crocodiles,Superliga D1,,,superliga-2025,
2025-08-03 14:00:00,Ponta Grossa Phantoms,09 - 37,Londrina Bristlebacks,Superliga D2,,,superliga-2025,
2025-08-09 00:00:00,Tubarões do Cerrado,00:00:00Adiado,Manaus FA,Superliga D1,,,superliga-2025,
2025-08-09 16:00:00,Cuiabá Arsenal,13 - 21,Rondonópolis Hawks,Superliga D1,,,superliga-2025,
2025-08-10 10:00:00,Cascavel Olympians,06 - 47,Arapongas Golden Phoenix,Superliga D3,,,superliga-2025,
2025-08-10 10:00:00,Lusa Jaguars,13 - 09,Curitiba Silverhawks,Superliga Feminina,,,superliga-2025,
2025-08-10 14:00:00,Bravos FA,28 - 34,Juventude FA,Superliga D1,,,superliga-2025,
2025-09-20 14:30:35,Juventude FA,07 - 25,Brown Spiders,Superliga D1 - Playoffs,Wildcard Sul,,superliga-2025,
2025-09-20 18:20:38,T-Rex,50 - 06,Bravos FA,Superliga D1 - Playoffs,Wildcard Sul,,superliga-2025,
2025-10-04 14:00:09,Galo FA,12 - 35,Vasco Almirantes,Superliga D1 - Playoffs,Wildcard SE,,superliga-2025,
2025-10-04 14:00:59,Guarulhos Rhynos,59 - 58,Ocelots FA,Superliga D1 - Playoffs,Wildcard SE,,superliga-2025,
2025-10-05 14:00:46,João Pessoa Espectros,14 - 30,Caruaru Wolves,Superliga D1 - Playoffs,Wildcard NE,,superliga-2025,
2025-10-11 18:00:49,Rondonópolis Hawks,13 - 07,Tubarões do Cerrado,Superliga D1 - Playoffs,Final CO,,superliga-2025,
2025-10-19 10:00:24,Locomotiva FA,27 - 28,Vasco Almirantes,Superliga D1 - Playoffs,Semi SE,,superliga-2025,
2025-10-19 10:00:25,Spartans Football,17 - 00,Guarulhos Rhynos,Superliga D1 - Playoffs,Semi SE,,superliga-2025,
2025-10-19 10:00:49,Cavalaria 2 de Julho,28 - 29,Fortaleza Tritões,Superliga D1 - Playoffs,Semi NE,,superliga-2025,
2025-10-19 14:00:52,Istepôs FA,00 - 35,T-Rex,Superliga D1 - Playoffs,Semi Sul,,superliga-2025,
2025-10-19 14:00:59,Coritiba Crocodiles,38 - 00,Brown Spiders,Superliga D1 - Playoffs,Semi Sul,,superliga-2025,
2025-10-19 15:00:37,Recife Mariners,28 - 00,Caruaru Wolves,Superliga D1 - Playoffs,Semi NE,,superliga-2025,
2025-11-01 14:00:55,Coritiba Crocodiles,13 - 10,T-Rex,Superliga D1 - Playoffs,Semi Sul,,superliga-2025,
2025-11-02 10:00:45,São Raimundo C. Cavaliers,00 - 76,Rondonópolis Hawks,Superliga D1 - Playoffs,Final CO,,superliga-2025,
2025-11-02 11:00:52,Spartans Football,06 - 00,Vasco Almirantes,Superliga D1 - Playoffs,Final SE,,superliga-2025,
2025-11-02 15:00:54,Recife Mariners,17 - 14,Fortaleza Tritões,Superliga D1 - Playoffs,Semi NE,,superliga-2025,
2025-11-15 14:00:46,Coritiba Crocodiles,17 - 00,Spartans Football,Superliga D1 - Playoffs,Semi Sul,,superliga-2025,
2025-11-16 10:00:45,Recife Mariners,35 - 33,Rondonópolis Hawks,Superliga D1 - Playoffs,Semi NE,,superliga-2025,
2025-12-06 17:00:25,Coritiba Crocodiles,28 - 22,Recife Mariners,"Brasil Bowl, Superliga D1 - Playoffs",Brasil Bowl,,superliga-2025,
2025-07-05 15:00:00,Recife Mariners,35 - 14,Caruaru Wolves,Superliga D1,,,superliga-2025,
2025-07-06 10:00:00,Chape FA,09 - 14,Francisco Beltrão Red Feet,Superliga D3,,,superliga-2025,
2025-07-06 10:00:00,Lusa Jaguars,14 - 17,Brasília Pilots,Superliga Feminina,,,superliga-2025,
2025-07-06 13:30:00,Goianos FA,28 - 00,Gama Leões de Judá,Superliga D2,,,superliga-2025,
2025-07-06 14:00:00,Caucaia Sabres,20 - 37,Fortaleza Tritões,Superliga D1,,,superliga-2025,
2025-07-13 10:00:00,Curitiba Silverhawks,17 - 07,Curitiba Phoenix,Superliga Feminina,,,superliga-2025,
2025-07-13 13:30:00,Juventude FA,14 - 17,Santa Maria Soldiers,Superliga D1,,,superliga-2025,
2025-07-13 14:00:00,Coritiba Crocodiles B,12 - 00,JEC Gladiators,Superliga D3,,,superliga-2025,
2025-07-13 14:30:00,Istepôs FA,17 - 20,Bravos FA,Superliga D1,,,superliga-2025,
2025-07-17 09:00:00,Porto Velho Miners,31 - 00,São Raimundo C. Cavaliers,Superliga D1,,,superliga-2025,
2025-07-19 14:00:00,Erechim Coroados,48 - 06,Chape FA,Superliga D3,,,superliga-2025,
2025-07-20 09:30:00,Brown Spiders,21 - 18,Calvary Cavaliers,Superliga D1,,,superliga-2025,
2025-07-20 14:00:00,Coritiba Crocodiles,35 - 29,T-Rex,Superliga D1,,,superliga-2025,
2025-07-20 14:00:00,Gama Leões de Judá,21 - 00,Brasília Wizards,Superliga D2,,,superliga-2025,
2025-07-26 14:00:00,Santa Maria Soldiers,06 - 07,Istepôs FA,Superliga D1,,,superliga-2025,
2025-07-26 15:00:00,Cuiabá Arsenal,13 - 16,Tubarões do Cerrado,Superliga D1,,,superliga-2025,
2025-07-26 15:00:00,JEC Gladiators,22 - 34,PRC Guardian Saints,Superliga D3,,,superliga-2025,
2025-07-27 09:00:00,São Raimundo C. Cavaliers,03 - 55,Manaus FA,Superliga D1,,,superliga-2025,
2025-07-27 14:00:00,Criciúma Iron Tigers,03 - 27,Bears FA,Superliga D3,,,superliga-2025,
2025-07-28 14:30:00,Gravataí Spartans,24 - 18,Matilha dos Vales,Superliga D3,,,superliga-2025,
2025-08-02 14:00:00,Tritões FA,06 - 35,Vasco Almirantes,Superliga D1,,,superliga-2025,
2025-08-02 14:00:00,Galo FA,14 - 17,Spartans Football,Superliga D1,,,superliga-2025,
2025-08-02 15:00:00,Brasília Pilots,34 - 00,Curitiba Phoenix,Superliga Feminina,,,superliga-2025,
2025-08-02 16:00:00,T-Rex,39 - 00,Brown Spiders,Superliga D1,,,superliga-2025,
2025-08-02 19:00:00,Cruzeiro FA,07 - 09,Guarulhos Rhynos,Superliga D1,,,superliga-2025,
2025-08-03 10:00:00,Locomotiva FA,33 - 13,Flamengo Imperadores,Superliga D1,,,superliga-2025,
2025-08-03 10:00:00,Cavalaria 2 de Julho,28 - 12,Caruaru Wolves,Superliga D1,,,superliga-2025,
2025-08-03 10:00:00,Sorocaba Vipers,07 - 14,Vikings FA,Superliga D2,,,superliga-2025,
2025-08-03 10:00:00,Brasília Wizards,00 - 48,Goianos FA,Superliga D2,,,superliga-2025,
2025-08-03 14:00:00,Recife Mariners,14 - 00,Fortaleza Tritões,Superliga D1,,,superliga-2025,
2025-08-03 14:00:00,Moura Lacerda Dragons,13 - 20,Rio Preto Weilers,Superliga D1,,,superliga-2025,
2025-08-03 14:00:00,Ocelots FA,43 - 06,Corinthians Steamrollers,Superliga D1,,,superliga-2025,
2025-08-03 14:00:00,Caucaia Sabres,13 - 14,João Pessoa Espectros,Superliga D1,,,superliga-2025,
2025-08-03 14:00:00,Calvary Cavaliers,00 - 54,Coritiba Crocodiles,Superliga D1,,,superliga-2025,
2025-08-03 14:00:00,Ponta Grossa Phantoms,09 - 37,Londrina Bristlebacks,Superliga D2,,,superliga-2025,
2025-08-09 00:00:00,Tubarões do Cerrado,00:00:00Adiado,Manaus FA,Superliga D1,,,superliga-2025,
2025-08-09 16:00:00,Cuiabá Arsenal,13 - 21,Rondonópolis Hawks,Superliga D1,,,superliga-2025,
2025-08-10 10:00:00,Cascavel Olympians,06 - 47,Arapongas Golden Phoenix,Superliga D3,,,superliga-2025,
2025-08-10 10:00:00,Lusa Jaguars,13 - 09,Curitiba Silverhawks,Superliga Feminina,,,superliga-2025,
2025-08-10 14:00:00,Bravos FA,28 - 34,Juventude FA,Superliga D1,,,superliga-2025,
2025-09-20 14:30:35,Juventude FA,07 - 25,Brown Spiders,Superliga D1 - Playoffs,Wildcard Sul,,superliga-2025,
2025-09-20 18:20:38,T-Rex,50 - 06,Bravos FA,Superliga D1 - Playoffs,Wildcard Sul,,superliga-2025,
2025-10-04 14:00:09,Galo FA,12 - 35,Vasco Almirantes,Superliga D1 - Playoffs,Wildcard SE,,superliga-2025,
2025-10-04 14:00:59,Guarulhos Rhynos,59 - 58,Ocelots FA,Superliga D1 - Playoffs,Wildcard SE,,superliga-2025,
2025-10-05 14:00:46,João Pessoa Espectros,14 - 30,Caruaru Wolves,Superliga D1 - Playoffs,Wildcard NE,,superliga-2025,
2025-10-11 18:00:49,Rondonópolis Hawks,13 - 07,Tubarões do Cerrado,Superliga D1 - Playoffs,Final CO,,superliga-2025,
2025-10-19 10:00:24,Locomotiva FA,27 - 28,Vasco Almirantes,Superliga D1 - Playoffs,Semi SE,,superliga-2025,
2025-10-19 10:00:25,Spartans Football,17 - 00,Guarulhos Rhynos,Superliga D1 - Playoffs,Semi SE,,superliga-2025,
2025-10-19 10:00:49,Cavalaria 2 de Julho,28 - 29,Fortaleza Tritões,Superliga D1 - Playoffs,Semi NE,,superliga-2025,
2025-10-19 14:00:52,Istepôs FA,00 - 35,T-Rex,Superliga D1 - Playoffs,Semi Sul,,superliga-2025,
2025-10-19 14:00:59,Coritiba Crocodiles,38 - 00,Brown Spiders,Superliga D1 - Playoffs,Semi Sul,,superliga-2025,
2025-10-19 15:00:37,Recife Mariners,28 - 00,Caruaru Wolves,Superliga D1 - Playoffs,Semi NE,,superliga-2025,
2025-11-01 14:00:55,Coritiba Crocodiles,13 - 10,T-Rex,Superliga D1 - Playoffs,Semi Sul,,superliga-2025,
2025-11-02 10:00:45,São Raimundo C. Cavaliers,00 - 76,Rondonópolis Hawks,Superliga D1 - Playoffs,Final CO,,superliga-2025,
2025-11-02 11:00:52,Spartans Football,06 - 00,Vasco Almirantes,Superliga D1 - Playoffs,Final SE,,superliga-2025,
2025-11-02 15:00:54,Recife Mariners,17 - 14,Fortaleza Tritões,Superliga D1 - Playoffs,Semi NE,,superliga-2025,
2025-11-15 14:00:46,Coritiba Crocodiles,17 - 00,Spartans Football,Superliga D1 - Playoffs,Semi Sul,,superliga-2025,
2025-11-16 10:00:45,Recife Mariners,35 - 33,Rondonópolis Hawks,Superliga D1 - Playoffs,Semi NE,,superliga-2025,
2025-12-06 17:00:25,Coritiba Crocodiles,28 - 22,Recife Mariners,"Brasil Bowl, Superliga D1 - Playoffs",Brasil Bowl,,superliga-2025,
2025-07-05 15:00:00,Recife Mariners,35 - 14,Caruaru Wolves,Superliga D1,,,superliga-2025,
2025-07-06 10:00:00,Chape FA,09 - 14,Francisco Beltrão Red Feet,Superliga D3,,,superliga-2025,
2025-07-06 10:00:00,Lusa Jaguars,14 - 17,Brasília Pilots,Superliga Feminina,,,superliga-2025,
2025-07-06 13:30:00,Goianos FA,28 - 00,Gama Leões de Judá,Superliga D2,,,superliga-2025,
2025-07-06 14:00:00,Caucaia Sabres,20 - 37,Fortaleza Tritões,Superliga D1,,,superliga-2025,
2025-07-13 10:00:00,Curitiba Silverhawks,17 - 07,Curitiba Phoenix,Superliga Feminina,,,superliga-2025,
2025-07-13 13:30:00,Juventude FA,14 - 17,Santa Maria Soldiers,Superliga D1,,,superliga-2025,
2025-07-13 14:00:00,Coritiba Crocodiles B,12 - 00,JEC Gladiators,Superliga D3,,,superliga-2025,
2025-07-13 14:30:00,Istepôs FA,17 - 20,Bravos FA,Superliga D1,,,superliga-2025,
2025-07-17 09:00:00,Porto Velho Miners,31 - 00,São Raimundo C. Cavaliers,Superliga D1,,,superliga-2025,
2025-07-19 14:00:00,Erechim Coroados,48 - 06,Chape FA,Superliga D3,,,superliga-2025,
2025-07-20 09:30:00,Brown Spiders,21 - 18,Calvary Cavaliers,Superliga D1,,,superliga-2025,
2025-07-20 14:00:00,Coritiba Crocodiles,35 - 29,T-Rex,Superliga D1,,,superliga-2025,
2025-07-20 14:00:00,Gama Leões de Judá,21 - 00,Brasília Wizards,Superliga D2,,,superliga-2025,
2025-07-26 14:00:00,Santa Maria Soldiers,06 - 07,Istepôs FA,Superliga D1,,,superliga-2025,
2025-07-26 15:00:00,Cuiabá Arsenal,13 - 16,Tubarões do Cerrado,Superliga D1,,,superliga-2025,
2025-07-26 15:00:00,JEC Gladiators,22 - 34,PRC Guardian Saints,Superliga D3,,,superliga-2025,
2025-07-27 09:00:00,São Raimundo C. Cavaliers,03 - 55,Manaus FA,Superliga D1,,,superliga-2025,
2025-07-27 14:00:00,Criciúma Iron Tigers,03 - 27,Bears FA,Superliga D3,,,superliga-2025,
2025-07-28 14:30:00,Gravataí Spartans,24 - 18,Matilha dos Vales,Superliga D3,,,superliga-2025,
2025-08-02 14:00:00,Tritões FA,06 - 35,Vasco Almirantes,Superliga D1,,,superliga-2025,
2025-08-02 14:00:00,Galo FA,14 - 17,Spartans Football,Superliga D1,,,superliga-2025,
2025-08-02 15:00:00,Brasília Pilots,34 - 00,Curitiba Phoenix,Superliga Feminina,,,superliga-2025,
2025-08-02 16:00:00,T-Rex,39 - 00,Brown Spiders,Superliga D1,,,superliga-2025,
2025-08-02 19:00:00,Cruzeiro FA,07 - 09,Guarulhos Rhynos,Superliga D1,,,superliga-2025,
2025-08-03 10:00:00,Locomotiva FA,33 - 13,Flamengo Imperadores,Superliga D1,,,superliga-2025,
2025-08-03 10:00:00,Cavalaria 2 de Julho,28 - 12,Caruaru Wolves,Superliga D1,,,superliga-2025,
2025-08-03 10:00:00,Sorocaba Vipers,07 - 14,Vikings FA,Superliga D2,,,superliga-2025,
2025-08-03 10:00:00,Brasília Wizards,00 - 48,Goianos FA,Superliga D2,,,superliga-2025,
2025-08-03 14:00:00,Recife Mariners,14 - 00,Fortaleza Tritões,Superliga D1,,,superliga-2025,
2025-08-03 14:00:00,Moura Lacerda Dragons,13 - 20,Rio Preto Weilers,Superliga D1,,,superliga-2025,
2025-08-03 14:00:00,Ocelots FA,43 - 06,Corinthians Steamrollers,Superliga D1,,,superliga-2025,
2025-08-03 14:00:00,Caucaia Sabres,13 - 14,João Pessoa Espectros,Superliga D1,,,superliga-2025,
2025-08-03 14:00:00,Calvary Cavaliers,00 - 54,Coritiba Crocodiles,Superliga D1,,,superliga-2025,
2025-08-03 14:00:00,Ponta Grossa Phantoms,09 - 37,Londrina Bristlebacks,Superliga D2,,,superliga-2025,
2025-08-09 00:00:00,Tubarões do Cerrado,00:00:00Adiado,Manaus FA,Superliga D1,,,superliga-2025,
2025-08-09 16:00:00,Cuiabá Arsenal,13 - 21,Rondonópolis Hawks,Superliga D1,,,superliga-2025,
2025-08-10 10:00:00,Cascavel Olympians,06 - 47,Arapongas Golden Phoenix,Superliga D3,,,superliga-2025,
2025-08-10 10:00:00,Lusa Jaguars,13 - 09,Curitiba Silverhawks,Superliga Feminina,,,superliga-2025,
2025-08-10 14:00:00,Bravos FA,28 - 34,Juventude FA,Superliga D1,,,superliga-2025,
2025-09-20 14:30:35,Juventude FA,07 - 25,Brown Spiders,Superliga D1 - Playoffs,Wildcard Sul,,superliga-2025,
2025-09-20 18:20:38,T-Rex,50 - 06,Bravos FA,Superliga D1 - Playoffs,Wildcard Sul,,superliga-2025,
2025-10-04 14:00:09,Galo FA,12 - 35,Vasco Almirantes,Superliga D1 - Playoffs,Wildcard SE,,superliga-2025,
2025-10-04 14:00:59,Guarulhos Rhynos,59 - 58,Ocelots FA,Superliga D1 - Playoffs,Wildcard SE,,superliga-2025,
2025-10-05 14:00:46,João Pessoa Espectros,14 - 30,Caruaru Wolves,Superliga D1 - Playoffs,Wildcard NE,,superliga-2025,
2025-10-11 18:00:49,Rondonópolis Hawks,13 - 07,Tubarões do Cerrado,Superliga D1 - Playoffs,Final CO,,superliga-2025,
2025-10-19 10:00:24,Locomotiva FA,27 - 28,Vasco Almirantes,Superliga D1 - Playoffs,Semi SE,,superliga-2025,
2025-10-19 10:00:25,Spartans Football,17 - 00,Guarulhos Rhynos,Superliga D1 - Playoffs,Semi SE,,superliga-2025,
2025-10-19 10:00:49,Cavalaria 2 de Julho,28 - 29,Fortaleza Tritões,Superliga D1 - Playoffs,Semi NE,,superliga-2025,
2025-10-19 14:00:52,Istepôs FA,00 - 35,T-Rex,Superliga D1 - Playoffs,Semi Sul,,superliga-2025,
2025-10-19 14:00:59,Coritiba Crocodiles,38 - 00,Brown Spiders,Superliga D1 - Playoffs,Semi Sul,,superliga-2025,
2025-10-19 15:00:37,Recife Mariners,28 - 00,Caruaru Wolves,Superliga D1 - Playoffs,Semi NE,,superliga-2025,
2025-11-01 14:00:55,Coritiba Crocodiles,13 - 10,T-Rex,Superliga D1 - Playoffs,Semi Sul,,superliga-2025,
2025-11-02 10:00:45,São Raimundo C. Cavaliers,00 - 76,Rondonópolis Hawks,Superliga D1 - Playoffs,Final CO,,superliga-2025,
2025-11-02 11:00:52,Spartans Football,06 - 00,Vasco Almirantes,Superliga D1 - Playoffs,Final SE,,superliga-2025,
2025-11-02 15:00:54,Recife Mariners,17 - 14,Fortaleza Tritões,Superliga D1 - Playoffs,Semi NE,,superliga-2025,
2025-11-15 14:00:46,Coritiba Crocodiles,17 - 00,Spartans Football,Superliga D1 - Playoffs,Semi Sul,,superliga-2025,
2025-11-16 10:00:45,Recife Mariners,35 - 33,Rondonópolis Hawks,Superliga D1 - Playoffs,Semi NE,,superliga-2025,
2025-12-06 17:00:25,Coritiba Crocodiles,28 - 22,Recife Mariners,"Brasil Bowl, Superliga D1 - Playoffs",Brasil Bowl,,superliga-2025,
2025-08-16 14:00:00,Vasco Almirantes,00 - 68,Locomotiva FA,Superliga D1,,,superliga-2025,
2025-08-16 14:00:00,Flamengo Imperadores,44 - 06,Tritões FA,Superliga D1,,,superliga-2025,
2025-08-16 14:00:00,Calvary Cavaliers,00 - 55,T-Rex,Superliga D1,,,superliga-2025,
2025-08-16 17:00:00,Rio Preto Weilers,13 - 31,Galo FA,Superliga D1,,,superliga-2025,
2025-08-16 18:00:00,Corinthians Steamrollers,10 - 31,Cruzeiro FA,Superliga D1,,,superliga-2025,
2025-08-17 09:00:00,São Raimundo C. Cavaliers,09:00:00Adiado,Porto Velho Miners,Superliga D1,,,superliga-2025,
2025-08-17 09:30:00,Coritiba Crocodiles B,30 - 00,PRC Guardian Saints,Superliga D3,,,superliga-2025,
2025-08-17 10:00:00,Spartans Football,18 - 00,Moura Lacerda Dragons,Superliga D1,,,superliga-2025,
2025-08-17 10:00:00,Bravos FA,33 - 26,Santa Maria Soldiers,Superliga D1,,,superliga-2025,
2025-08-17 10:00:00,Istepôs FA,16 - 13,Juventude FA,Superliga D1,,,superliga-2025,
2025-08-17 10:00:00,São José Jets,18 - 12,Caniballs Football,Superliga D3,,,superliga-2025,
2025-08-17 10:00:00,Empyreo Leme Lizards,44 - 00,Vikings Berserker,Superliga D3,,,superliga-2025,
2025-08-17 14:00:00,Guarulhos Rhynos,19 - 14,Ocelots FA,Superliga D1,,,superliga-2025,
2025-08-17 14:00:00,Coritiba Crocodiles,21 - 00,Brown Spiders,Superliga D1,,,superliga-2025,
2025-08-17 14:00:00,Gama Leões de Judá,00 - 35,Goianos FA,Superliga D2,,,superliga-2025,
2025-08-17 14:00:00,Matilha dos Vales,03 - 07,Bears FA,Superliga D3,,,superliga-2025,
2025-08-17 14:00:00,Gravataí Spartans,14 - 28,Criciúma Iron Tigers,Superliga D3,,,superliga-2025,
2025-08-17 14:00:00,Taubaté Football,07 - 10,Tatuapé Monsters,Superliga D3,,,superliga-2025,
2025-08-17 14:30:00,Francisco Beltrão Red Feet,39 - 06,Chape FA,Superliga D3,,,superliga-2025,
2025-08-23 17:00:00,Rondonópolis Hawks,36 - 17,Tubarões do Cerrado,Superliga D1,,,superliga-2025,
2025-08-24 10:00:00,Fortaleza Tritões,32 - 07,João Pessoa Espectros,Superliga D1,,,superliga-2025,
2025-08-24 10:00:00,Cavalaria 2 de Julho,26 - 27,Recife Mariners,Superliga D1,,,superliga-2025,
2025-08-24 14:00:00,Caruaru Wolves,34 - 07,Caucaia Sabres,Superliga D1,,,superliga-2025,
2025-08-30 14:00:00,Porto Velho Miners,09 - 28,Cuiabá Arsenal,Superliga D1,,,superliga-2025,
2025-08-30 14:00:00,Flamengo Imperadores,42 - 21,Ocelots FA,Superliga D1,,,superliga-2025,
2025-08-30 14:00:00,Santa Maria Soldiers,13 - 40,Coritiba Crocodiles,Superliga D1,,,superliga-2025,
2025-08-30 14:00:00,Brown Spiders,16 - 20,Istepôs FA,Superliga D1,,,superliga-2025,
2025-08-30 14:00:00,Tritões FA,00 - 64,Locomotiva FA,Superliga D1,,,superliga-2025,
2025-08-30 14:00:00,Moura Lacerda Dragons,12 - 30,Galo FA,Superliga D1,,,superliga-2025,
2025-08-30 14:00:00,Londrina Bristlebacks,27 - 09,Vikings FA,Superliga D2,,,superliga-2025,
2025-08-30 14:00:00,PRC Guardian Saints,06 - 00,JEC Gladiators,Superliga D3,,,superliga-2025,
2025-08-30 14:00:00,Chape FA,06 - 28,Erechim Coroados,Superliga D3,,,superliga-2025,
2025-08-30 14:00:00,Bears FA,39 - 34,Gravataí Spartans,Superliga D3,,,superliga-2025,
2025-08-30 14:30:00,Juventude FA,34 - 00,Calvary Cavaliers,Superliga D1,,,superliga-2025,
2025-08-30 16:00:00,Cruzeiro FA,00 - 19,Rio Preto Weilers,Superliga D1,,,superliga-2025,
2025-08-30 16:00:00,T-Rex,49 - 06,Bravos FA,Superliga D1,,,superliga-2025,
2025-08-30 18:00:00,Corinthians Steamrollers,10 - 49,Vasco Almirantes,Superliga D1,,,superliga-2025,
2025-08-31 09:00:00,Ponta Grossa Phantoms,30 - 00,Sorocaba Vipers,Superliga D2,,,superliga-2025,
2025-08-31 10:00:00,Spartans Football,35 - 25,Guarulhos Rhynos,Superliga D1,,,superliga-2025,
2025-08-31 10:00:00,Arapongas Golden Phoenix,38 - 00,Cascavel Olympians,Superliga D3,,,superliga-2025,
2025-09-20 14:30:35,Juventude FA,07 - 25,Brown Spiders,Superliga D1 - Playoffs,Wildcard Sul,,superliga-2025,
2025-09-20 18:20:38,T-Rex,50 - 06,Bravos FA,Superliga D1 - Playoffs,Wildcard Sul,,superliga-2025,
2025-10-04 14:00:09,Galo FA,12 - 35,Vasco Almirantes,Superliga D1 - Playoffs,Wildcard SE,,superliga-2025,
2025-10-04 14:00:59,Guarulhos Rhynos,59 - 58,Ocelots FA,Superliga D1 - Playoffs,Wildcard SE,,superliga-2025,
2025-10-05 14:00:46,João Pessoa Espectros,14 - 30,Caruaru Wolves,Superliga D1 - Playoffs,Wildcard NE,,superliga-2025,
2025-10-11 18:00:49,Rondonópolis Hawks,13 - 07,Tubarões do Cerrado,Superliga D1 - Playoffs,Final CO,,superliga-2025,
2025-10-19 10:00:24,Locomotiva FA,27 - 28,Vasco Almirantes,Superliga D1 - Playoffs,Semi SE,,superliga-2025,
2025-10-19 10:00:25,Spartans Football,17 - 00,Guarulhos Rhynos,Superliga D1 - Playoffs,Semi SE,,superliga-2025,
2025-10-19 10:00:49,Cavalaria 2 de Julho,28 - 29,Fortaleza Tritões,Superliga D1 - Playoffs,Semi NE,,superliga-2025,
2025-10-19 14:00:52,Istepôs FA,00 - 35,T-Rex,Superliga D1 - Playoffs,Semi Sul,,superliga-2025,
2025-10-19 14:00:59,Coritiba Crocodiles,38 - 00,Brown Spiders,Superliga D1 - Playoffs,Semi Sul,,superliga-2025,
2025-10-19 15:00:37,Recife Mariners,28 - 00,Caruaru Wolves,Superliga D1 - Playoffs,Semi NE,,superliga-2025,
2025-11-01 14:00:55,Coritiba Crocodiles,13 - 10,T-Rex,Superliga D1 - Playoffs,Semi Sul,,superliga-2025,
2025-11-02 10:00:45,São Raimundo C. Cavaliers,00 - 76,Rondonópolis Hawks,Superliga D1 - Playoffs,Final CO,,superliga-2025,
2025-11-02 11:00:52,Spartans Football,06 - 00,Vasco Almirantes,Superliga D1 - Playoffs,Final SE,,superliga-2025,
2025-11-02 15:00:54,Recife Mariners,17 - 14,Fortaleza Tritões,Superliga D1 - Playoffs,Semi NE,,superliga-2025,
2025-11-15 14:00:46,Coritiba Crocodiles,17 - 00,Spartans Football,Superliga D1 - Playoffs,Semi Sul,,superliga-2025,
2025-11-16 10:00:45,Recife Mariners,35 - 33,Rondonópolis Hawks,Superliga D1 - Playoffs,Semi NE,,superliga-2025,
2025-12-06 17:00:25,Coritiba Crocodiles,28 - 22,Recife Mariners,"Brasil Bowl, Superliga D1 - Playoffs",Brasil Bowl,,superliga-2025,
2025-04-13 09:00:00,Caruaru Wolves,06 - 09,Santa Cruz Imortais,,,,campeonato-pernambucano-2025,CT Ninho do Gavião - Caruaru/PE
2025-04-27 15:00:00,Caruaru Wolves,15 - 06,Recife Mariners,,,,campeonato-pernambucano-2025,Estádio da Vera Cruz - Caruaru/PE
2025-05-10 14:00:00,Santa Cruz Imortais,06 - 39,Recife Mariners,,,,campeonato-pernambucano-2025,Cabo de Sto. Agostinho/PE
2025-06-08 14:00:43,Recife Mariners,21 - 20,Caruaru Wolves,,,,campeonato-pernambucano-2025,
2025-03-29 16:00:00,T-Rex,46 - 00,JEC Gladiators,,,,campeonato-catarinense-2025,Complexo Esportivo - Timbó/SC
2025-03-30 09:30:00,São Miguel Indians,29 - 00,Chape FA,,,,campeonato-catarinense-2025,Campo do Montese - São Miguel do Oeste/SC
2025-04-13 10:00:00,Istepôs FA,06 - 24,T-Rex,,,,campeonato-catarinense-2025,Palhoça/SC
2025-04-26 16:00:00,Chape FA,14 - 46,São Miguel Indians,,,,campeonato-catarinense-2025,Chapecó/SC
2025-04-27 14:30:00,JEC Gladiators,00 - 47,Istepôs FA,,,,campeonato-catarinense-2025,Grêmio Whirlpool - Joinville/SC
2025-05-17 16:00:16,São Miguel Indians,00 - 17,Istepôs FA,,,,campeonato-catarinense-2025,
2025-05-17 16:00:16,São Miguel Indians,00 - 17,Istepôs FA,,,,campeonato-catarinense-2025,
2025-06-08 14:00:29,Timbó Rex,16 - 14,Istepôs FA,,,,campeonato-catarinense-2025,
2025-04-06 09:00:00,Bravos FA,52 - 14,Bears FA,,,,campeonato-gaucho-2025,Estádio dos Eucaliptos - Santa Maria/RS
2025-04-06 14:30:00,Santa Maria Soldiers,53 - 00,Gravataí Spartans,,,,campeonato-gaucho-2025,Estádio dos Eucaliptos - Santa Maria/RS
2025-04-27 09:00:00,Santa Maria Soldiers,49 - 00,Bears FA,,,,campeonato-gaucho-2025,Viamão/RS
2025-04-27 14:30:00,Gravataí Spartans,00 - 50,Bravos FA,,,,campeonato-gaucho-2025,Viamão/RS
2025-05-18 09:00:00,Bears FA,29 - 00,Gravataí Spartans,,,,campeonato-gaucho-2025,
2025-05-18 09:00:00,Bears FA,29 - 00,Gravataí Spartans,,,,campeonato-gaucho-2025,
2025-05-18 14:30:00,Santa Maria Soldiers,06 - 14,Bravos FA,,,,campeonato-gaucho-2025,
2025-03-15 15:00:40,Uberlândia Lobos,00 - 21,Cruzeiro FA,,,,campeonato-mineiro-2025,Uberlândia/MG
2025-03-23 10:00:00,Forgeds Tigres,07 - 00,Juiz de Fora Imperadores,,,,campeonato-mineiro-2025,Campo Frei Ambrósio - Nova Serrana/MG
2025-04-06 10:00:00,Forgeds Tigres,13 - 42,Flamengo Imperadores,,,,campeonato-mineiro-2025,Ipatingão - Ipatinga/MG
2025-04-12 14:00:00,Cruzeiro FA,21 - 00,Tritões FA,,,,campeonato-mineiro-2025,Estádio Municipal - Ibirité/MG
2025-04-26 14:00:00,Uberlândia Lobos,13 - 18,Tritões FA,,,,campeonato-mineiro-2025,Uberlândia/MG
2025-04-27 14:00:00,Juiz de Fora Imperadores,02 - 40,Flamengo Imperadores,,,,campeonato-mineiro-2025,Esporte Clube Benfica - Juiz de Fora/MG
2025-05-10 14:00:00,Flamengo Imperadores,33 - 07,Tritões FA,,,,campeonato-mineiro-2025,
2025-05-10 14:00:00,Flamengo Imperadores,33 - 07,Tritões FA,,,,campeonato-mineiro-2025,
2025-05-10 19:00:57,Cruzeiro FA,37 - 00,Juiz de Fora Imperadores,,,,campeonato-mineiro-2025,
2025-05-10 14:00:00,Flamengo Imperadores,33 - 07,Tritões FA,,,,campeonato-mineiro-2025,
2025-05-10 19:00:57,Cruzeiro FA,37 - 00,Juiz de Fora Imperadores,,,,campeonato-mineiro-2025,
2025-05-17 14:00:53,Forgeds Tigres,00 - 27,Uberlândia Lobos,,,,campeonato-mineiro-2025,
2025-05-10 14:00:00,Flamengo Imperadores,33 - 07,Tritões FA,,,,campeonato-mineiro-2025,
2025-05-10 19:00:57,Cruzeiro FA,37 - 00,Juiz de Fora Imperadores,,,,campeonato-mineiro-2025,
2025-05-17 14:00:53,Forgeds Tigres,00 - 27,Uberlândia Lobos,,,,campeonato-mineiro-2025,
2025-05-31 14:00:58,Cruzeiro FA,55 - 00,Uberlândia Lobos,,,,campeonato-mineiro-2025,
2025-05-10 14:00:00,Flamengo Imperadores,33 - 07,Tritões FA,,,,campeonato-mineiro-2025,
2025-05-10 19:00:57,Cruzeiro FA,37 - 00,Juiz de Fora Imperadores,,,,campeonato-mineiro-2025,
2025-05-17 14:00:53,Forgeds Tigres,00 - 27,Uberlândia Lobos,,,,campeonato-mineiro-2025,
2025-05-31 14:00:58,Cruzeiro FA,55 - 00,Uberlândia Lobos,,,,campeonato-mineiro-2025,
2025-06-14 14:00:20,Galo FA,49 - 00,Juiz de Fora Imperadores,,,,campeonato-mineiro-2025,
2025-05-10 14:00:00,Flamengo Imperadores,33 - 07,Tritões FA,,,,campeonato-mineiro-2025,
2025-05-10 19:00:57,Cruzeiro FA,37 - 00,Juiz de Fora Imperadores,,,,campeonato-mineiro-2025,
2025-05-17 14:00:53,Forgeds Tigres,00 - 27,Uberlândia Lobos,,,,campeonato-mineiro-2025,
2025-05-31 14:00:58,Cruzeiro FA,55 - 00,Uberlândia Lobos,,,,campeonato-mineiro-2025,
2025-06-14 14:00:20,Galo FA,49 - 00,Juiz de Fora Imperadores,,,,campeonato-mineiro-2025,
2025-06-15 10:00:21,Locomotiva FA,42 - 00,Forgeds Tigres,,,,campeonato-mineiro-2025,
2025-05-10 14:00:00,Flamengo Imperadores,33 - 07,Tritões FA,,,,campeonato-mineiro-2025,
2025-05-10 19:00:57,Cruzeiro FA,37 - 00,Juiz de Fora Imperadores,,,,campeonato-mineiro-2025,
2025-05-17 14:00:53,Forgeds Tigres,00 - 27,Uberlândia Lobos,,,,campeonato-mineiro-2025,
2025-05-31 14:00:58,Cruzeiro FA,55 - 00,Uberlândia Lobos,,,,campeonato-mineiro-2025,
2025-06-14 14:00:20,Galo FA,49 - 00,Juiz de Fora Imperadores,,,,campeonato-mineiro-2025,
2025-06-15 10:00:21,Locomotiva FA,42 - 00,Forgeds Tigres,,,,campeonato-mineiro-2025,
2025-06-28 14:30:53,Locomotiva FA,19 - 13,Cruzeiro FA,,,,campeonato-mineiro-2025,
2025-05-10 14:00:00,Flamengo Imperadores,33 - 07,Tritões FA,,,,campeonato-mineiro-2025,
2025-05-10 19:00:57,Cruzeiro FA,37 - 00,Juiz de Fora Imperadores,,,,campeonato-mineiro-2025,
2025-05-17 14:00:53,Forgeds Tigres,00 - 27,Uberlândia Lobos,,,,campeonato-mineiro-2025,
2025-05-31 14:00:58,Cruzeiro FA,55 - 00,Uberlândia Lobos,,,,campeonato-mineiro-2025,
2025-06-14 14:00:20,Galo FA,49 - 00,Juiz de Fora Imperadores,,,,campeonato-mineiro-2025,
2025-06-15 10:00:21,Locomotiva FA,42 - 00,Forgeds Tigres,,,,campeonato-mineiro-2025,
2025-06-28 14:30:53,Locomotiva FA,19 - 13,Cruzeiro FA,,,,campeonato-mineiro-2025,
2025-06-29 11:00:48,Galo FA,49 - 13,Uberlândia Lobos,,,,campeonato-mineiro-2025,
2025-05-10 14:00:00,Flamengo Imperadores,33 - 07,Tritões FA,,,,campeonato-mineiro-2025,
2025-05-10 19:00:57,Cruzeiro FA,37 - 00,Juiz de Fora Imperadores,,,,campeonato-mineiro-2025,
2025-05-17 14:00:53,Forgeds Tigres,00 - 27,Uberlândia Lobos,,,,campeonato-mineiro-2025,
2025-05-31 14:00:58,Cruzeiro FA,55 - 00,Uberlândia Lobos,,,,campeonato-mineiro-2025,
2025-06-14 14:00:20,Galo FA,49 - 00,Juiz de Fora Imperadores,,,,campeonato-mineiro-2025,
2025-06-15 10:00:21,Locomotiva FA,42 - 00,Forgeds Tigres,,,,campeonato-mineiro-2025,
2025-06-28 14:30:53,Locomotiva FA,19 - 13,Cruzeiro FA,,,,campeonato-mineiro-2025,
2025-06-29 11:00:48,Galo FA,49 - 13,Uberlândia Lobos,,,,campeonato-mineiro-2025,
2025-07-12 15:00:42,Galo FA,07 - 23,Locomotiva FA,,,,campeonato-mineiro-2025,
2025-03-08 14:00:46,Coritiba Crocodiles,35 - 13,Ponta Grossa Phantoms,,,,campeonato-paranaense-2025,Croco Stadium - Curitiba/PR
2025-03-09 14:00:00,Londrina Bristlebacks,61 - 00,Cascavel Olympians,,,,campeonato-paranaense-2025,Estádio do Café - Londrina/PR
2025-03-09 14:00:00,Curitiba Lions,06 - 21,PRC Guardian Saints,,,,campeonato-paranaense-2025,Croco Stadium - Curitiba/PR
2025-03-15 18:00:00,Francisco Beltrão Red Feet,06 - 19,Arapongas Golden Phoenix,,,,campeonato-paranaense-2025,Estádio Anilado - Francisco Beltrão/PR
2025-03-16 14:00:00,Calvary Cavaliers,16 - 13,Brown Spiders,,,,campeonato-paranaense-2025,Centro Esportivo Fanático - Campo Largo/PR
2025-03-23 14:00:00,Maringá Pyros,00 - 35,Londrina Bristlebacks,,,,campeonato-paranaense-2025,Maringá/PR
2025-03-23 14:00:00,PRC Guardian Saints,00 - 59,Coritiba Crocodiles,,,,campeonato-paranaense-2025,Croco Stadium - Curitiba/PR
2025-03-29 14:00:00,Cascavel Olympians,07 - 69,Brown Spiders,,,,campeonato-paranaense-2025,Cascavel/PR
2025-03-30 10:00:00,Curitiba Lions,06 - 34,Arapongas Golden Phoenix,,,,campeonato-paranaense-2025,Croco Stadium - Curitiba/PR
2025-04-06 09:00:00,Maringá Pyros,07 - 44,Calvary Cavaliers,,,,campeonato-paranaense-2025,Maringá/PR
2025-04-06 10:00:00,Coritiba Crocodiles,52 - 00,Francisco Beltrão Red Feet,,,,campeonato-paranaense-2025,Croco Stadium - Curitiba/PR
2025-04-12 14:00:00,Brown Spiders,10 - 05,Londrina Bristlebacks,,,,campeonato-paranaense-2025,Croco Stadium - Curitiba/PR
2025-04-12 20:00:00,Arapongas Golden Phoenix,16 - 14,PRC Guardian Saints,,,,campeonato-paranaense-2025,Arapongas/PR
2025-04-13 14:30:00,Ponta Grossa Phantoms,60 - 00,Curitiba Lions,,,,campeonato-paranaense-2025,Ponta Grossa/PR
2025-04-27 10:00:00,Arapongas Golden Phoenix,00 - 60,Coritiba Crocodiles,,,,campeonato-paranaense-2025,Arapongas/PR
2025-04-27 10:00:00,Londrina Bristlebacks,33 - 28,Calvary Cavaliers,,,,campeonato-paranaense-2025,Estádio do Café - Londrina/PR
2025-04-27 14:00:00,PRC Guardian Saints,00 - 28,Ponta Grossa Phantoms,,,,campeonato-paranaense-2025,Croco Stadium - Curitiba/PR
2025-05-03 16:00:00,Francisco Beltrão Red Feet,34 - 27,Curitiba Lions,,,,campeonato-paranaense-2025,Estádio Anilado - Francisco Beltrão/PR
2025-05-04 10:00:00,Cascavel Olympians,06 - 23,Maringá Pyros,,,,campeonato-paranaense-2025,Cascavel/PR
2025-05-18 10:00:00,Calvary Cavaliers,86 - 00,Cascavel Olympians,,,,campeonato-paranaense-2025,Centro Esportivo Fanático - Campo Largo/PR
2025-05-18 10:00:00,Ponta Grossa Phantoms,38 - 08,Francisco Beltrão Red Feet,,,,campeonato-paranaense-2025,Ponta Grossa/PR
2025-05-18 10:00:00,Brown Spiders,57 - 00,Maringá Pyros,,,,campeonato-paranaense-2025,Croco Stadium - Curitiba/PR
2025-06-01 10:00:03,Calvary Cavaliers,48 - 00,Arapongas Golden Phoenix,,,,campeonato-paranaense-2025,
2025-06-01 10:00:03,Calvary Cavaliers,48 - 00,Arapongas Golden Phoenix,,,,campeonato-paranaense-2025,
2025-06-01 14:00:02,Ponta Grossa Phantoms,14 - 25,Londrina Bristlebacks,,,,campeonato-paranaense-2025,
2025-06-01 10:00:03,Calvary Cavaliers,48 - 00,Arapongas Golden Phoenix,,,,campeonato-paranaense-2025,
2025-06-01 14:00:02,Ponta Grossa Phantoms,14 - 25,Londrina Bristlebacks,,,,campeonato-paranaense-2025,
2025-06-08 14:43:10,Brown Spiders,10 - 09,Calvary Cavaliers,,,,campeonato-paranaense-2025,
2025-06-01 10:00:03,Calvary Cavaliers,48 - 00,Arapongas Golden Phoenix,,,,campeonato-paranaense-2025,
2025-06-01 14:00:02,Ponta Grossa Phantoms,14 - 25,Londrina Bristlebacks,,,,campeonato-paranaense-2025,
2025-06-08 14:43:10,Brown Spiders,10 - 09,Calvary Cavaliers,,,,campeonato-paranaense-2025,
2025-06-14 14:30:30,Coritiba Crocodiles,28 - 06,Londrina Bristlebacks,,,,campeonato-paranaense-2025,
2025-06-01 10:00:03,Calvary Cavaliers,48 - 00,Arapongas Golden Phoenix,,,,campeonato-paranaense-2025,
2025-06-01 14:00:02,Ponta Grossa Phantoms,14 - 25,Londrina Bristlebacks,,,,campeonato-paranaense-2025,
2025-06-08 14:43:10,Brown Spiders,10 - 09,Calvary Cavaliers,,,,campeonato-paranaense-2025,
2025-06-14 14:30:30,Coritiba Crocodiles,28 - 06,Londrina Bristlebacks,,,,campeonato-paranaense-2025,
2025-06-21 14:00:09,Arapongas Golden Phoenix,12 - 16,Ponta Grossa Phantoms,,,,campeonato-paranaense-2025,
2025-06-01 10:00:03,Calvary Cavaliers,48 - 00,Arapongas Golden Phoenix,,,,campeonato-paranaense-2025,
2025-06-01 14:00:02,Ponta Grossa Phantoms,14 - 25,Londrina Bristlebacks,,,,campeonato-paranaense-2025,
2025-06-08 14:43:10,Brown Spiders,10 - 09,Calvary Cavaliers,,,,campeonato-paranaense-2025,
2025-06-14 14:30:30,Coritiba Crocodiles,28 - 06,Londrina Bristlebacks,,,,campeonato-paranaense-2025,
2025-06-21 14:00:09,Arapongas Golden Phoenix,12 - 16,Ponta Grossa Phantoms,,,,campeonato-paranaense-2025,
2025-06-29 14:30:07,Coritiba Crocodiles,27 - 10,Brown Spiders,,,,campeonato-paranaense-2025,
2025-03-16 14:00:00,Empyreo Leme Lizards,07 - 21,Sorocaba Vipers,SPFL Diamante,,,spfl-2025,
2025-03-23 10:00:00,Franca Carrascos,20 - 06,Ponte Preta Gorilas,SPFL Ouro,,,spfl-2025,
2025-03-23 10:00:00,São José Jets,56 - 00,Piracicaba Cane Cutters,SPFL Prata,,,spfl-2025,
2025-03-23 10:00:00,Krakens Football,00 - 38,Vikings Berserker,SPFL Prata,,,spfl-2025,
2025-03-23 14:00:00,Ocelots FA,14 - 00,Moura Lacerda Dragons,SPFL Diamante,,,spfl-2025,
2025-03-23 14:00:00,Vikings FA,36 - 13,Corinthians Steamrollers,SPFL Diamante,,,spfl-2025,
2025-03-23 14:00:00,Avaré Lions,00 - 29,Guarani Indians,SPFL Ouro,,,spfl-2025,
2025-03-30 14:00:00,Tatuapé Monsters,27 - 20,Caniballs Football,SPFL Ouro,,,spfl-2025,
2025-04-06 10:00:00,Spartans Football,35 - 09,Empyreo Leme Lizards,SPFL Diamante,,,spfl-2025,
2025-04-06 14:00:00,Guarulhos Rhynos,28 - 03,Sorocaba Vipers,SPFL Diamante,,,spfl-2025,
2025-04-13 10:00:00,Assis Captains,03 - 25,Franca Carrascos,SPFL Ouro,,,spfl-2025,
2025-04-13 10:00:00,Avaré Lions,20 - 08,Ponte Preta Gorilas,SPFL Ouro,,,spfl-2025,
2025-04-13 10:00:00,Taubaté Football,06 - 20,Tatuapé Monsters,SPFL Ouro,,,spfl-2025,
2025-04-13 10:00:00,São José Jets,13 - 06,Vikings Berserker,SPFL Prata,,,spfl-2025,
2025-04-13 14:00:00,Moura Lacerda Dragons,41 - 00,Werewolves Football,SPFL Diamante,,,spfl-2025,
2025-04-13 14:00:00,Ocelots FA,38 - 14,Corinthians Steamrollers,SPFL Diamante,,,spfl-2025,
2025-04-13 14:00:00,Caraguá Ghostship,08 - 12,Caniballs Football,SPFL Ouro,,,spfl-2025,
2025-04-13 14:00:00,Black Panthers Football,00 - 13,Krakens Football,SPFL Prata,,,spfl-2025,
2025-04-27 10:00:00,Rio Preto Weilers,41 - 00,Empyreo Leme Lizards,SPFL Diamante,,,spfl-2025,
2025-04-27 10:00:00,Assis Captains,03 - 47,Guarani Indians,SPFL Ouro,,,spfl-2025,
2025-04-27 10:00:00,Franca Carrascos,23 - 00,Avaré Lions,SPFL Ouro,,,spfl-2025,
2025-04-27 14:00:00,Spartans Football,42 - 03,Sorocaba Vipers,SPFL Diamante,,,spfl-2025,
2025-04-27 14:00:00,Piracicaba Cane Cutters,00 - 27,Vikings Berserker,SPFL Prata,,,spfl-2025,
2025-05-04 10:00:00,Corinthians Steamrollers,13 - 00,Werewolves Football,SPFL Diamante,,,spfl-2025,
2025-05-04 10:00:00,Rio Preto Weilers,27 - 26,Guarulhos Rhynos,SPFL Diamante,,,spfl-2025,
2025-05-04 10:00:00,Black Panthers Football,00 - 42,Vikings Berserker,SPFL Prata,,,spfl-2025,
2025-05-04 14:00:00,Ocelots FA,35 - 06,Vikings FA,SPFL Diamante,,,spfl-2025,
2025-05-04 14:00:00,Caraguá Ghostship,00 - 35,Tatuapé Monsters,SPFL Ouro,,,spfl-2025,
2025-05-10 14:00:00,Rio Preto Weilers,49 - 00,Spartans Football,SPFL Diamante,,,spfl-2025,
2025-05-18 10:00:00,Ocelots FA,39 - 06,Werewolves Football,SPFL Diamante,,,spfl-2025,
2025-05-18 10:00:00,Moura Lacerda Dragons,44 - 12,Vikings FA,SPFL Diamante,,,spfl-2025,
2025-05-18 10:00:00,Assis Captains,11 - 06,Avaré Lions,SPFL Ouro,,,spfl-2025,
2025-05-18 14:00:00,Guarulhos Rhynos,49 - 12,Empyreo Leme Lizards,SPFL Diamante,,,spfl-2025,
2025-05-18 14:00:00,Ponte Preta Gorilas,06 - 48,Guarani Indians,SPFL Ouro,,,spfl-2025,
2025-05-25 10:00:00,Caraguá Ghostship,00 - 20,Taubaté Football,SPFL Ouro,,,spfl-2025,
2025-05-25 10:00:00,Krakens Football,40 - 00,Piracicaba Cane Cutters,SPFL Prata,,,spfl-2025,
2025-05-25 14:00:00,São José Jets,21 - 00,Black Panthers Football,SPFL Prata,,,spfl-2025,
2025-06-01 10:00:00,Moura Lacerda Dragons,43 - 10,Corinthians Steamrollers,SPFL Diamante,,,spfl-2025,
2025-06-01 10:00:00,Guarulhos Rhynos,49 - 00,Spartans Football,SPFL Diamante,,,spfl-2025,
2025-06-01 10:00:00,Assis Captains,07 - 06,Ponte Preta Gorilas,SPFL Ouro,,,spfl-2025,
2025-07-06 10:00:10,São José Jets,35 - 14,Vikings Berserker,,,,spfl-2025,
2025-07-06 10:00:10,São José Jets,35 - 14,Vikings Berserker,,,,spfl-2025,
2025-06-22 10:00:44,Tatuapé Monsters,21 - 00,Franca Carrascos,,,,spfl-2025,
2025-07-06 10:00:10,São José Jets,35 - 14,Vikings Berserker,,,,spfl-2025,
2025-06-22 10:00:44,Tatuapé Monsters,21 - 00,Franca Carrascos,,,,spfl-2025,
2025-06-22 14:00:40,Guarani Indians,14 - 07,Caniballs Football,,,,spfl-2025,
2025-07-06 10:00:10,São José Jets,35 - 14,Vikings Berserker,,,,spfl-2025,
2025-06-22 10:00:44,Tatuapé Monsters,21 - 00,Franca Carrascos,,,,spfl-2025,
2025-06-22 14:00:40,Guarani Indians,14 - 07,Caniballs Football,,,,spfl-2025,
2025-07-06 14:00:51,Tatuapé Monsters,36 - 08,Guarani Indians,,,,spfl-2025,
2025-07-06 10:00:10,São José Jets,35 - 14,Vikings Berserker,,,,spfl-2025,
2025-06-22 10:00:44,Tatuapé Monsters,21 - 00,Franca Carrascos,,,,spfl-2025,
2025-06-22 14:00:40,Guarani Indians,14 - 07,Caniballs Football,,,,spfl-2025,
2025-07-06 14:00:51,Tatuapé Monsters,36 - 08,Guarani Indians,,,,spfl-2025,
2025-06-15 10:00:45,Moura Lacerda Dragons,20 - 16,Sorocaba Vipers,,,,spfl-2025,
2025-07-06 10:00:10,São José Jets,35 - 14,Vikings Berserker,,,,spfl-2025,
2025-06-22 10:00:44,Tatuapé Monsters,21 - 00,Franca Carrascos,,,,spfl-2025,
2025-06-22 14:00:40,Guarani Indians,14 - 07,Caniballs Football,,,,spfl-2025,
2025-07-06 14:00:51,Tatuapé Monsters,36 - 08,Guarani Indians,,,,spfl-2025,
2025-06-15 10:00:45,Moura Lacerda Dragons,20 - 16,Sorocaba Vipers,,,,spfl-2025,
2025-06-15 14:00:25,Guarulhos Rhynos,37 - 18,Vikings FA,,,,spfl-2025,
2025-07-06 10:00:10,São José Jets,35 - 14,Vikings Berserker,,,,spfl-2025,
2025-06-22 10:00:44,Tatuapé Monsters,21 - 00,Franca Carrascos,,,,spfl-2025,
2025-06-22 14:00:40,Guarani Indians,14 - 07,Caniballs Football,,,,spfl-2025,
2025-07-06 14:00:51,Tatuapé Monsters,36 - 08,Guarani Indians,,,,spfl-2025,
2025-06-15 10:00:45,Moura Lacerda Dragons,20 - 16,Sorocaba Vipers,,,,spfl-2025,
2025-06-15 14:00:25,Guarulhos Rhynos,37 - 18,Vikings FA,,,,spfl-2025,
2025-06-29 10:00:15,Rio Preto Weilers,13 - 07,Moura Lacerda Dragons,,,,spfl-2025,
2025-07-06 10:00:10,São José Jets,35 - 14,Vikings Berserker,,,,spfl-2025,
2025-06-22 10:00:44,Tatuapé Monsters,21 - 00,Franca Carrascos,,,,spfl-2025,
2025-06-22 14:00:40,Guarani Indians,14 - 07,Caniballs Football,,,,spfl-2025,
2025-07-06 14:00:51,Tatuapé Monsters,36 - 08,Guarani Indians,,,,spfl-2025,
2025-06-15 10:00:45,Moura Lacerda Dragons,20 - 16,Sorocaba Vipers,,,,spfl-2025,
2025-06-15 14:00:25,Guarulhos Rhynos,37 - 18,Vikings FA,,,,spfl-2025,
2025-06-29 10:00:15,Rio Preto Weilers,13 - 07,Moura Lacerda Dragons,,,,spfl-2025,
2025-06-29 14:00:07,Ocelots FA,03 - 20,Guarulhos Rhynos,,,,spfl-2025,
2025-07-06 10:00:10,São José Jets,35 - 14,Vikings Berserker,,,,spfl-2025,
2025-06-22 10:00:44,Tatuapé Monsters,21 - 00,Franca Carrascos,,,,spfl-2025,
2025-06-22 14:00:40,Guarani Indians,14 - 07,Caniballs Football,,,,spfl-2025,
2025-07-06 14:00:51,Tatuapé Monsters,36 - 08,Guarani Indians,,,,spfl-2025,
2025-06-15 10:00:45,Moura Lacerda Dragons,20 - 16,Sorocaba Vipers,,,,spfl-2025,
2025-06-15 14:00:25,Guarulhos Rhynos,37 - 18,Vikings FA,,,,spfl-2025,
2025-06-29 10:00:15,Rio Preto Weilers,13 - 07,Moura Lacerda Dragons,,,,spfl-2025,
2025-06-29 14:00:07,Ocelots FA,03 - 20,Guarulhos Rhynos,,,,spfl-2025,
2025-07-12 18:30:38,Rio Preto Weilers,16 - 10,Guarulhos Rhynos,,,,spfl-2025,
2025-03-16 14:00:00,Empyreo Leme Lizards,07 - 21,Sorocaba Vipers,SPFL Diamante,,,spfl-2025,
2025-03-23 10:00:00,Franca Carrascos,20 - 06,Ponte Preta Gorilas,SPFL Ouro,,,spfl-2025,
2025-03-23 10:00:00,São José Jets,56 - 00,Piracicaba Cane Cutters,SPFL Prata,,,spfl-2025,
2025-03-23 10:00:00,Krakens Football,00 - 38,Vikings Berserker,SPFL Prata,,,spfl-2025,
2025-03-23 14:00:00,Ocelots FA,14 - 00,Moura Lacerda Dragons,SPFL Diamante,,,spfl-2025,
2025-03-23 14:00:00,Vikings FA,36 - 13,Corinthians Steamrollers,SPFL Diamante,,,spfl-2025,
2025-03-23 14:00:00,Avaré Lions,00 - 29,Guarani Indians,SPFL Ouro,,,spfl-2025,
2025-03-30 14:00:00,Tatuapé Monsters,27 - 20,Caniballs Football,SPFL Ouro,,,spfl-2025,
2025-04-06 10:00:00,Spartans Football,35 - 09,Empyreo Leme Lizards,SPFL Diamante,,,spfl-2025,
2025-04-06 14:00:00,Guarulhos Rhynos,28 - 03,Sorocaba Vipers,SPFL Diamante,,,spfl-2025,
2025-04-13 10:00:00,Assis Captains,03 - 25,Franca Carrascos,SPFL Ouro,,,spfl-2025,
2025-04-13 10:00:00,Avaré Lions,20 - 08,Ponte Preta Gorilas,SPFL Ouro,,,spfl-2025,
2025-04-13 10:00:00,Taubaté Football,06 - 20,Tatuapé Monsters,SPFL Ouro,,,spfl-2025,
2025-04-13 10:00:00,São José Jets,13 - 06,Vikings Berserker,SPFL Prata,,,spfl-2025,
2025-04-13 14:00:00,Moura Lacerda Dragons,41 - 00,Werewolves Football,SPFL Diamante,,,spfl-2025,
2025-04-13 14:00:00,Ocelots FA,38 - 14,Corinthians Steamrollers,SPFL Diamante,,,spfl-2025,
2025-04-13 14:00:00,Caraguá Ghostship,08 - 12,Caniballs Football,SPFL Ouro,,,spfl-2025,
2025-04-13 14:00:00,Black Panthers Football,00 - 13,Krakens Football,SPFL Prata,,,spfl-2025,
2025-04-27 10:00:00,Rio Preto Weilers,41 - 00,Empyreo Leme Lizards,SPFL Diamante,,,spfl-2025,
2025-04-27 10:00:00,Assis Captains,03 - 47,Guarani Indians,SPFL Ouro,,,spfl-2025,
2025-04-27 10:00:00,Franca Carrascos,23 - 00,Avaré Lions,SPFL Ouro,,,spfl-2025,
2025-04-27 14:00:00,Spartans Football,42 - 03,Sorocaba Vipers,SPFL Diamante,,,spfl-2025,
2025-04-27 14:00:00,Piracicaba Cane Cutters,00 - 27,Vikings Berserker,SPFL Prata,,,spfl-2025,
2025-05-04 10:00:00,Corinthians Steamrollers,13 - 00,Werewolves Football,SPFL Diamante,,,spfl-2025,
2025-05-04 10:00:00,Rio Preto Weilers,27 - 26,Guarulhos Rhynos,SPFL Diamante,,,spfl-2025,
2025-05-04 10:00:00,Black Panthers Football,00 - 42,Vikings Berserker,SPFL Prata,,,spfl-2025,
2025-05-04 14:00:00,Ocelots FA,35 - 06,Vikings FA,SPFL Diamante,,,spfl-2025,
2025-05-04 14:00:00,Caraguá Ghostship,00 - 35,Tatuapé Monsters,SPFL Ouro,,,spfl-2025,
2025-05-10 14:00:00,Rio Preto Weilers,49 - 00,Spartans Football,SPFL Diamante,,,spfl-2025,
2025-05-18 10:00:00,Ocelots FA,39 - 06,Werewolves Football,SPFL Diamante,,,spfl-2025,
2025-05-18 10:00:00,Moura Lacerda Dragons,44 - 12,Vikings FA,SPFL Diamante,,,spfl-2025,
2025-05-18 10:00:00,Assis Captains,11 - 06,Avaré Lions,SPFL Ouro,,,spfl-2025,
2025-05-18 14:00:00,Guarulhos Rhynos,49 - 12,Empyreo Leme Lizards,SPFL Diamante,,,spfl-2025,
2025-05-18 14:00:00,Ponte Preta Gorilas,06 - 48,Guarani Indians,SPFL Ouro,,,spfl-2025,
2025-05-25 10:00:00,Caraguá Ghostship,00 - 20,Taubaté Football,SPFL Ouro,,,spfl-2025,
2025-05-25 10:00:00,Krakens Football,40 - 00,Piracicaba Cane Cutters,SPFL Prata,,,spfl-2025,
2025-05-25 14:00:00,São José Jets,21 - 00,Black Panthers Football,SPFL Prata,,,spfl-2025,
2025-06-01 10:00:00,Moura Lacerda Dragons,43 - 10,Corinthians Steamrollers,SPFL Diamante,,,spfl-2025,
2025-06-01 10:00:00,Guarulhos Rhynos,49 - 00,Spartans Football,SPFL Diamante,,,spfl-2025,
2025-06-01 10:00:00,Assis Captains,07 - 06,Ponte Preta Gorilas,SPFL Ouro,,,spfl-2025,
2025-07-06 10:00:10,São José Jets,35 - 14,Vikings Berserker,,,,spfl-2025,
2025-07-06 10:00:10,São José Jets,35 - 14,Vikings Berserker,,,,spfl-2025,
2025-06-22 10:00:44,Tatuapé Monsters,21 - 00,Franca Carrascos,,,,spfl-2025,
2025-07-06 10:00:10,São José Jets,35 - 14,Vikings Berserker,,,,spfl-2025,
2025-06-22 10:00:44,Tatuapé Monsters,21 - 00,Franca Carrascos,,,,spfl-2025,
2025-06-22 14:00:40,Guarani Indians,14 - 07,Caniballs Football,,,,spfl-2025,
2025-07-06 10:00:10,São José Jets,35 - 14,Vikings Berserker,,,,spfl-2025,
2025-06-22 10:00:44,Tatuapé Monsters,21 - 00,Franca Carrascos,,,,spfl-2025,
2025-06-22 14:00:40,Guarani Indians,14 - 07,Caniballs Football,,,,spfl-2025,
2025-07-06 14:00:51,Tatuapé Monsters,36 - 08,Guarani Indians,,,,spfl-2025,
2025-07-06 10:00:10,São José Jets,35 - 14,Vikings Berserker,,,,spfl-2025,
2025-06-22 10:00:44,Tatuapé Monsters,21 - 00,Franca Carrascos,,,,spfl-2025,
2025-06-22 14:00:40,Guarani Indians,14 - 07,Caniballs Football,,,,spfl-2025,
2025-07-06 14:00:51,Tatuapé Monsters,36 - 08,Guarani Indians,,,,spfl-2025,
2025-06-15 10:00:45,Moura Lacerda Dragons,20 - 16,Sorocaba Vipers,,,,spfl-2025,
2025-07-06 10:00:10,São José Jets,35 - 14,Vikings Berserker,,,,spfl-2025,
2025-06-22 10:00:44,Tatuapé Monsters,21 - 00,Franca Carrascos,,,,spfl-2025,
2025-06-22 14:00:40,Guarani Indians,14 - 07,Caniballs Football,,,,spfl-2025,
2025-07-06 14:00:51,Tatuapé Monsters,36 - 08,Guarani Indians,,,,spfl-2025,
2025-06-15 10:00:45,Moura Lacerda Dragons,20 - 16,Sorocaba Vipers,,,,spfl-2025,
2025-06-15 14:00:25,Guarulhos Rhynos,37 - 18,Vikings FA,,,,spfl-2025,
2025-07-06 10:00:10,São José Jets,35 - 14,Vikings Berserker,,,,spfl-2025,
2025-06-22 10:00:44,Tatuapé Monsters,21 - 00,Franca Carrascos,,,,spfl-2025,
2025-06-22 14:00:40,Guarani Indians,14 - 07,Caniballs Football,,,,spfl-2025,
2025-07-06 14:00:51,Tatuapé Monsters,36 - 08,Guarani Indians,,,,spfl-2025,
2025-06-15 10:00:45,Moura Lacerda Dragons,20 - 16,Sorocaba Vipers,,,,spfl-2025,
2025-06-15 14:00:25,Guarulhos Rhynos,37 - 18,Vikings FA,,,,spfl-2025,
2025-06-29 10:00:15,Rio Preto Weilers,13 - 07,Moura Lacerda Dragons,,,,spfl-2025,
2025-07-06 10:00:10,São José Jets,35 - 14,Vikings Berserker,,,,spfl-2025,
2025-06-22 10:00:44,Tatuapé Monsters,21 - 00,Franca Carrascos,,,,spfl-2025,
2025-06-22 14:00:40,Guarani Indians,14 - 07,Caniballs Football,,,,spfl-2025,
2025-07-06 14:00:51,Tatuapé Monsters,36 - 08,Guarani Indians,,,,spfl-2025,
2025-06-15 10:00:45,Moura Lacerda Dragons,20 - 16,Sorocaba Vipers,,,,spfl-2025,
2025-06-15 14:00:25,Guarulhos Rhynos,37 - 18,Vikings FA,,,,spfl-2025,
2025-06-29 10:00:15,Rio Preto Weilers,13 - 07,Moura Lacerda Dragons,,,,spfl-2025,
2025-06-29 14:00:07,Ocelots FA,03 - 20,Guarulhos Rhynos,,,,spfl-2025,
2025-07-06 10:00:10,São José Jets,35 - 14,Vikings Berserker,,,,spfl-2025,
2025-06-22 10:00:44,Tatuapé Monsters,21 - 00,Franca Carrascos,,,,spfl-2025,
2025-06-22 14:00:40,Guarani Indians,14 - 07,Caniballs Football,,,,spfl-2025,
2025-07-06 14:00:51,Tatuapé Monsters,36 - 08,Guarani Indians,,,,spfl-2025,
2025-06-15 10:00:45,Moura Lacerda Dragons,20 - 16,Sorocaba Vipers,,,,spfl-2025,
2025-06-15 14:00:25,Guarulhos Rhynos,37 - 18,Vikings FA,,,,spfl-2025,
2025-06-29 10:00:15,Rio Preto Weilers,13 - 07,Moura Lacerda Dragons,,,,spfl-2025,
2025-06-29 14:00:07,Ocelots FA,03 - 20,Guarulhos Rhynos,,,,spfl-2025,
2025-07-12 18:30:38,Rio Preto Weilers,16 - 10,Guarulhos Rhynos,,,,spfl-2025,
2025-03-16 14:00:00,Empyreo Leme Lizards,07 - 21,Sorocaba Vipers,SPFL Diamante,,,spfl-2025,
2025-03-23 10:00:00,Franca Carrascos,20 - 06,Ponte Preta Gorilas,SPFL Ouro,,,spfl-2025,
2025-03-23 10:00:00,São José Jets,56 - 00,Piracicaba Cane Cutters,SPFL Prata,,,spfl-2025,
2025-03-23 10:00:00,Krakens Football,00 - 38,Vikings Berserker,SPFL Prata,,,spfl-2025,
2025-03-23 14:00:00,Ocelots FA,14 - 00,Moura Lacerda Dragons,SPFL Diamante,,,spfl-2025,
2025-03-23 14:00:00,Vikings FA,36 - 13,Corinthians Steamrollers,SPFL Diamante,,,spfl-2025,
2025-03-23 14:00:00,Avaré Lions,00 - 29,Guarani Indians,SPFL Ouro,,,spfl-2025,
2025-03-30 14:00:00,Tatuapé Monsters,27 - 20,Caniballs Football,SPFL Ouro,,,spfl-2025,
2025-04-06 10:00:00,Spartans Football,35 - 09,Empyreo Leme Lizards,SPFL Diamante,,,spfl-2025,
2025-04-06 14:00:00,Guarulhos Rhynos,28 - 03,Sorocaba Vipers,SPFL Diamante,,,spfl-2025,
2025-04-13 10:00:00,Assis Captains,03 - 25,Franca Carrascos,SPFL Ouro,,,spfl-2025,
2025-04-13 10:00:00,Avaré Lions,20 - 08,Ponte Preta Gorilas,SPFL Ouro,,,spfl-2025,
2025-04-13 10:00:00,Taubaté Football,06 - 20,Tatuapé Monsters,SPFL Ouro,,,spfl-2025,
2025-04-13 10:00:00,São José Jets,13 - 06,Vikings Berserker,SPFL Prata,,,spfl-2025,
2025-04-13 14:00:00,Moura Lacerda Dragons,41 - 00,Werewolves Football,SPFL Diamante,,,spfl-2025,
2025-04-13 14:00:00,Ocelots FA,38 - 14,Corinthians Steamrollers,SPFL Diamante,,,spfl-2025,
2025-04-13 14:00:00,Caraguá Ghostship,08 - 12,Caniballs Football,SPFL Ouro,,,spfl-2025,
2025-04-13 14:00:00,Black Panthers Football,00 - 13,Krakens Football,SPFL Prata,,,spfl-2025,
2025-04-27 10:00:00,Rio Preto Weilers,41 - 00,Empyreo Leme Lizards,SPFL Diamante,,,spfl-2025,
2025-04-27 10:00:00,Assis Captains,03 - 47,Guarani Indians,SPFL Ouro,,,spfl-2025,
2025-04-27 10:00:00,Franca Carrascos,23 - 00,Avaré Lions,SPFL Ouro,,,spfl-2025,
2025-04-27 14:00:00,Spartans Football,42 - 03,Sorocaba Vipers,SPFL Diamante,,,spfl-2025,
2025-04-27 14:00:00,Piracicaba Cane Cutters,00 - 27,Vikings Berserker,SPFL Prata,,,spfl-2025,
2025-05-04 10:00:00,Corinthians Steamrollers,13 - 00,Werewolves Football,SPFL Diamante,,,spfl-2025,
2025-05-04 10:00:00,Rio Preto Weilers,27 - 26,Guarulhos Rhynos,SPFL Diamante,,,spfl-2025,
2025-05-04 10:00:00,Black Panthers Football,00 - 42,Vikings Berserker,SPFL Prata,,,spfl-2025,
2025-05-04 14:00:00,Ocelots FA,35 - 06,Vikings FA,SPFL Diamante,,,spfl-2025,
2025-05-04 14:00:00,Caraguá Ghostship,00 - 35,Tatuapé Monsters,SPFL Ouro,,,spfl-2025,
2025-05-10 14:00:00,Rio Preto Weilers,49 - 00,Spartans Football,SPFL Diamante,,,spfl-2025,
2025-05-18 10:00:00,Ocelots FA,39 - 06,Werewolves Football,SPFL Diamante,,,spfl-2025,
2025-05-18 10:00:00,Moura Lacerda Dragons,44 - 12,Vikings FA,SPFL Diamante,,,spfl-2025,
2025-05-18 10:00:00,Assis Captains,11 - 06,Avaré Lions,SPFL Ouro,,,spfl-2025,
2025-05-18 14:00:00,Guarulhos Rhynos,49 - 12,Empyreo Leme Lizards,SPFL Diamante,,,spfl-2025,
2025-05-18 14:00:00,Ponte Preta Gorilas,06 - 48,Guarani Indians,SPFL Ouro,,,spfl-2025,
2025-05-25 10:00:00,Caraguá Ghostship,00 - 20,Taubaté Football,SPFL Ouro,,,spfl-2025,
2025-05-25 10:00:00,Krakens Football,40 - 00,Piracicaba Cane Cutters,SPFL Prata,,,spfl-2025,
2025-05-25 14:00:00,São José Jets,21 - 00,Black Panthers Football,SPFL Prata,,,spfl-2025,
2025-06-01 10:00:00,Moura Lacerda Dragons,43 - 10,Corinthians Steamrollers,SPFL Diamante,,,spfl-2025,
2025-06-01 10:00:00,Guarulhos Rhynos,49 - 00,Spartans Football,SPFL Diamante,,,spfl-2025,
2025-06-01 10:00:00,Assis Captains,07 - 06,Ponte Preta Gorilas,SPFL Ouro,,,spfl-2025,
2025-07-06 10:00:10,São José Jets,35 - 14,Vikings Berserker,,,,spfl-2025,
2025-07-06 10:00:10,São José Jets,35 - 14,Vikings Berserker,,,,spfl-2025,
2025-06-22 10:00:44,Tatuapé Monsters,21 - 00,Franca Carrascos,,,,spfl-2025,
2025-07-06 10:00:10,São José Jets,35 - 14,Vikings Berserker,,,,spfl-2025,
2025-06-22 10:00:44,Tatuapé Monsters,21 - 00,Franca Carrascos,,,,spfl-2025,
2025-06-22 14:00:40,Guarani Indians,14 - 07,Caniballs Football,,,,spfl-2025,
2025-07-06 10:00:10,São José Jets,35 - 14,Vikings Berserker,,,,spfl-2025,
2025-06-22 10:00:44,Tatuapé Monsters,21 - 00,Franca Carrascos,,,,spfl-2025,
2025-06-22 14:00:40,Guarani Indians,14 - 07,Caniballs Football,,,,spfl-2025,
2025-07-06 14:00:51,Tatuapé Monsters,36 - 08,Guarani Indians,,,,spfl-2025,
2025-07-06 10:00:10,São José Jets,35 - 14,Vikings Berserker,,,,spfl-2025,
2025-06-22 10:00:44,Tatuapé Monsters,21 - 00,Franca Carrascos,,,,spfl-2025,
2025-06-22 14:00:40,Guarani Indians,14 - 07,Caniballs Football,,,,spfl-2025,
2025-07-06 14:00:51,Tatuapé Monsters,36 - 08,Guarani Indians,,,,spfl-2025,
2025-06-15 10:00:45,Moura Lacerda Dragons,20 - 16,Sorocaba Vipers,,,,spfl-2025,
2025-07-06 10:00:10,São José Jets,35 - 14,Vikings Berserker,,,,spfl-2025,
2025-06-22 10:00:44,Tatuapé Monsters,21 - 00,Franca Carrascos,,,,spfl-2025,
2025-06-22 14:00:40,Guarani Indians,14 - 07,Caniballs Football,,,,spfl-2025,
2025-07-06 14:00:51,Tatuapé Monsters,36 - 08,Guarani Indians,,,,spfl-2025,
2025-06-15 10:00:45,Moura Lacerda Dragons,20 - 16,Sorocaba Vipers,,,,spfl-2025,
2025-06-15 14:00:25,Guarulhos Rhynos,37 - 18,Vikings FA,,,,spfl-2025,
2025-07-06 10:00:10,São José Jets,35 - 14,Vikings Berserker,,,,spfl-2025,
2025-06-22 10:00:44,Tatuapé Monsters,21 - 00,Franca Carrascos,,,,spfl-2025,
2025-06-22 14:00:40,Guarani Indians,14 - 07,Caniballs Football,,,,spfl-2025,
2025-07-06 14:00:51,Tatuapé Monsters,36 - 08,Guarani Indians,,,,spfl-2025,
2025-06-15 10:00:45,Moura Lacerda Dragons,20 - 16,Sorocaba Vipers,,,,spfl-2025,
2025-06-15 14:00:25,Guarulhos Rhynos,37 - 18,Vikings FA,,,,spfl-2025,
2025-06-29 10:00:15,Rio Preto Weilers,13 - 07,Moura Lacerda Dragons,,,,spfl-2025,
2025-07-06 10:00:10,São José Jets,35 - 14,Vikings Berserker,,,,spfl-2025,
2025-06-22 10:00:44,Tatuapé Monsters,21 - 00,Franca Carrascos,,,,spfl-2025,
2025-06-22 14:00:40,Guarani Indians,14 - 07,Caniballs Football,,,,spfl-2025,
2025-07-06 14:00:51,Tatuapé Monsters,36 - 08,Guarani Indians,,,,spfl-2025,
2025-06-15 10:00:45,Moura Lacerda Dragons,20 - 16,Sorocaba Vipers,,,,spfl-2025,
2025-06-15 14:00:25,Guarulhos Rhynos,37 - 18,Vikings FA,,,,spfl-2025,
2025-06-29 10:00:15,Rio Preto Weilers,13 - 07,Moura Lacerda Dragons,,,,spfl-2025,
2025-06-29 14:00:07,Ocelots FA,03 - 20,Guarulhos Rhynos,,,,spfl-2025,
2025-07-06 10:00:10,São José Jets,35 - 14,Vikings Berserker,,,,spfl-2025,
2025-06-22 10:00:44,Tatuapé Monsters,21 - 00,Franca Carrascos,,,,spfl-2025,
2025-06-22 14:00:40,Guarani Indians,14 - 07,Caniballs Football,,,,spfl-2025,
2025-07-06 14:00:51,Tatuapé Monsters,36 - 08,Guarani Indians,,,,spfl-2025,
2025-06-15 10:00:45,Moura Lacerda Dragons,20 - 16,Sorocaba Vipers,,,,spfl-2025,
2025-06-15 14:00:25,Guarulhos Rhynos,37 - 18,Vikings FA,,,,spfl-2025,
2025-06-29 10:00:15,Rio Preto Weilers,13 - 07,Moura Lacerda Dragons,,,,spfl-2025,
2025-06-29 14:00:07,Ocelots FA,03 - 20,Guarulhos Rhynos,,,,spfl-2025,
2025-07-12 18:30:38,Rio Preto Weilers,16 - 10,Guarulhos Rhynos,,,,spfl-2025,
2025-06-01 14:00:00,Rio Preto Weilers,52 - 00,Sorocaba Vipers,SPFL Diamante,,,spfl-2025,
2025-06-01 14:00:00,Vikings FA,48 - 00,Werewolves Football,SPFL Diamante,,,spfl-2025,
2025-06-08 10:00:00,Franca Carrascos,08 - 21,Guarani Indians,SPFL Ouro,,,spfl-2025,
2025-06-08 14:00:00,Taubaté Football,08 - 21,Caniballs Football,SPFL Ouro,,,spfl-2025,
2025-06-08 14:00:00,Black Panthers Football,00 - 13,Piracicaba Cane Cutters,SPFL Prata,,,spfl-2025,
2025-06-08 14:00:00,São José Jets,34 - 00,Krakens Football,SPFL Prata,,,spfl-2025,
2025-07-06 10:00:10,São José Jets,35 - 14,Vikings Berserker,,,,spfl-2025,
2025-07-06 10:00:10,São José Jets,35 - 14,Vikings Berserker,,,,spfl-2025,
2025-06-22 10:00:44,Tatuapé Monsters,21 - 00,Franca Carrascos,,,,spfl-2025,
2025-07-06 10:00:10,São José Jets,35 - 14,Vikings Berserker,,,,spfl-2025,
2025-06-22 10:00:44,Tatuapé Monsters,21 - 00,Franca Carrascos,,,,spfl-2025,
2025-06-22 14:00:40,Guarani Indians,14 - 07,Caniballs Football,,,,spfl-2025,
2025-07-06 10:00:10,São José Jets,35 - 14,Vikings Berserker,,,,spfl-2025,
2025-06-22 10:00:44,Tatuapé Monsters,21 - 00,Franca Carrascos,,,,spfl-2025,
2025-06-22 14:00:40,Guarani Indians,14 - 07,Caniballs Football,,,,spfl-2025,
2025-07-06 14:00:51,Tatuapé Monsters,36 - 08,Guarani Indians,,,,spfl-2025,
2025-07-06 10:00:10,São José Jets,35 - 14,Vikings Berserker,,,,spfl-2025,
2025-06-22 10:00:44,Tatuapé Monsters,21 - 00,Franca Carrascos,,,,spfl-2025,
2025-06-22 14:00:40,Guarani Indians,14 - 07,Caniballs Football,,,,spfl-2025,
2025-07-06 14:00:51,Tatuapé Monsters,36 - 08,Guarani Indians,,,,spfl-2025,
2025-06-15 10:00:45,Moura Lacerda Dragons,20 - 16,Sorocaba Vipers,,,,spfl-2025,
2025-07-06 10:00:10,São José Jets,35 - 14,Vikings Berserker,,,,spfl-2025,
2025-06-22 10:00:44,Tatuapé Monsters,21 - 00,Franca Carrascos,,,,spfl-2025,
2025-06-22 14:00:40,Guarani Indians,14 - 07,Caniballs Football,,,,spfl-2025,
2025-07-06 14:00:51,Tatuapé Monsters,36 - 08,Guarani Indians,,,,spfl-2025,
2025-06-15 10:00:45,Moura Lacerda Dragons,20 - 16,Sorocaba Vipers,,,,spfl-2025,
2025-06-15 14:00:25,Guarulhos Rhynos,37 - 18,Vikings FA,,,,spfl-2025,
2025-07-06 10:00:10,São José Jets,35 - 14,Vikings Berserker,,,,spfl-2025,
2025-06-22 10:00:44,Tatuapé Monsters,21 - 00,Franca Carrascos,,,,spfl-2025,
2025-06-22 14:00:40,Guarani Indians,14 - 07,Caniballs Football,,,,spfl-2025,
2025-07-06 14:00:51,Tatuapé Monsters,36 - 08,Guarani Indians,,,,spfl-2025,
2025-06-15 10:00:45,Moura Lacerda Dragons,20 - 16,Sorocaba Vipers,,,,spfl-2025,
2025-06-15 14:00:25,Guarulhos Rhynos,37 - 18,Vikings FA,,,,spfl-2025,
2025-06-29 10:00:15,Rio Preto Weilers,13 - 07,Moura Lacerda Dragons,,,,spfl-2025,
2025-07-06 10:00:10,São José Jets,35 - 14,Vikings Berserker,,,,spfl-2025,
2025-06-22 10:00:44,Tatuapé Monsters,21 - 00,Franca Carrascos,,,,spfl-2025,
2025-06-22 14:00:40,Guarani Indians,14 - 07,Caniballs Football,,,,spfl-2025,
2025-07-06 14:00:51,Tatuapé Monsters,36 - 08,Guarani Indians,,,,spfl-2025,
2025-06-15 10:00:45,Moura Lacerda Dragons,20 - 16,Sorocaba Vipers,,,,spfl-2025,
2025-06-15 14:00:25,Guarulhos Rhynos,37 - 18,Vikings FA,,,,spfl-2025,
2025-06-29 10:00:15,Rio Preto Weilers,13 - 07,Moura Lacerda Dragons,,,,spfl-2025,
2025-06-29 14:00:07,Ocelots FA,03 - 20,Guarulhos Rhynos,,,,spfl-2025,
2025-07-06 10:00:10,São José Jets,35 - 14,Vikings Berserker,,,,spfl-2025,
2025-06-22 10:00:44,Tatuapé Monsters,21 - 00,Franca Carrascos,,,,spfl-2025,
2025-06-22 14:00:40,Guarani Indians,14 - 07,Caniballs Football,,,,spfl-2025,
2025-07-06 14:00:51,Tatuapé Monsters,36 - 08,Guarani Indians,,,,spfl-2025,
2025-06-15 10:00:45,Moura Lacerda Dragons,20 - 16,Sorocaba Vipers,,,,spfl-2025,
2025-06-15 14:00:25,Guarulhos Rhynos,37 - 18,Vikings FA,,,,spfl-2025,
2025-06-29 10:00:15,Rio Preto Weilers,13 - 07,Moura Lacerda Dragons,,,,spfl-2025,
2025-06-29 14:00:07,Ocelots FA,03 - 20,Guarulhos Rhynos,,,,spfl-2025,
2025-07-12 18:30:38,Rio Preto Weilers,16 - 10,Guarulhos Rhynos,,,,spfl-2025,
2024-07-27 14:00:00,Gama Leões de Judá,00 - 29,Moura Lacerda Dragons,,,,brasileirao-2024,Gama/DF
2024-07-28 10:00:00,Rio Preto Weilers,37 - 13,Guarulhos Rhynos,,,,brasileirao-2024,São José do Rio Preto/SP
2024-08-03 14:00:00,Tritões FA,52 - 13,Corinthians Steamrollers,,,,brasileirao-2024,Toca do Índio - Vila Velha/ES
2024-08-04 09:00:00,Spartans Football,50 - 00,Paraná HP,,,,brasileirao-2024,CT Touchdown - São Paulo/SP
2024-08-10 14:00:00,Flamengo Imperadores,26 - 09,Cruzeiro FA,,,,brasileirao-2024,Louzadão - Mesquita/RJ
2024-08-10 14:00:00,Brown Spiders,07 - 33,Coritiba Crocodiles,,,,brasileirao-2024,Croco Stadium - Curitiba/PR
2024-08-17 15:00:00,Moura Lacerda Dragons,22 - 20,Guarulhos Rhynos,,,,brasileirao-2024,Campus Moura Lacerda - Ribeirão Preto/SP
2024-08-24 14:00:00,Gama Leões de Judá,00 - 16,Rio Preto Weilers,,,,brasileirao-2024,Gama/DF
2024-08-25 13:00:00,Coritiba Crocodiles,35 - 14,Spartans Football,,,,brasileirao-2024,Croco Stadium - Curitiba/PR
2024-08-31 14:00:00,Cruzeiro FA,20 - 06,Tritões FA,,,,brasileirao-2024,Arena Frigoarnaldo - Contagem/MG
2024-08-31 15:00:00,Corinthians Steamrollers,07 - 41,Flamengo Imperadores,,,,brasileirao-2024,CT Touchdown - São Paulo/SP
2024-09-01 08:00:00,Paraná HP,00 - 27,Moura Lacerda Dragons,,,,brasileirao-2024,Mauá/SP
2024-09-14 14:00:00,Cruzeiro FA,39 - 00,Gama Leões de Judá,,,,brasileirao-2024,Arena Frigoarnaldo - Contagem/MG
2024-09-14 18:00:00,Rio Preto Weilers,35 - 06,Brown Spiders,,,,brasileirao-2024,Distrito Industrial - S. J. do Rio Preto/SP
2024-09-21 14:00:00,Guarulhos Rhynos,42 - 00,Tritões FA,,,,brasileirao-2024,Guarulhos/SP
2024-09-21 14:00:00,Flamengo Imperadores,14:00:00Cancel.,Coritiba Crocodiles,,,,brasileirao-2024,Rio de Janeiro/RJ
2024-09-29 14:00:00,Paraná HP,07 - 38,Brown Spiders,,,,brasileirao-2024,Centro Esportivo Fanático - Campo Largo/PR
2024-09-29 14:00:00,Spartans Football,41 - 00,Corinthians Steamrollers,,,,brasileirao-2024,CT Touchdown - São Paulo/SP
2024-10-12 00:00:00,Coritiba Crocodiles,00:00:00Cancel.,Paraná HP,,,,brasileirao-2024,
2024-10-12 14:00:00,Brown Spiders,20 - 32,Spartans Football,,,,brasileirao-2024,Croco Stadium - Curitiba/PR
2024-10-13 10:00:00,Guarulhos Rhynos,49 - 00,Gama Leões de Judá,,,,brasileirao-2024,Guarulhos/SP
2024-10-13 10:00:00,Corinthians Steamrollers,07 - 18,Cruzeiro FA,,,,brasileirao-2024,CT Touchdown - São Paulo/SP
2024-10-13 14:00:00,Moura Lacerda Dragons,14 - 28,Rio Preto Weilers,,,,brasileirao-2024,Campus Moura Lacerda - Ribeirão Preto/SP
2024-10-19 14:00:00,Tritões FA,12 - 22,Flamengo Imperadores,,,,brasileirao-2024,Toca do Índio - Vila Velha/ES
2024-07-28 10:00:00,Franca Carrascos,07 - 20,Goianos FA,,,,brasileirao-2024,Ginásio Champagnat - Franca/SP
2024-08-03 00:00:00,Erechim Coroados,16 - 19,Matilha dos Vales,,,,brasileirao-2024,Erechim/RS
2024-08-03 09:00:00,Brasília Wizards,16 - 14,Brasília Templários,,,,brasileirao-2024,Estádio Rorizão - Brasília/DF
2024-08-04 10:00:00,Sorocaba Vipers,28 - 06,PRC Guardian Saints,,,,brasileirao-2024,Sorocaba/SP
2024-08-18 10:00:00,Uberlândia Lobos,20 - 10,Franca Carrascos,,,,brasileirao-2024,Uberlândia/MG
2024-08-18 10:30:00,Erechim Coroados,10 - 29,Bravos FA,,,,brasileirao-2024,Erechim/RS
2024-08-18 14:00:00,Ocelots FA,55 - 00,São Bernardo Avengers,,,,brasileirao-2024,Jundiaí/SP
2024-08-25 15:00:00,Vikings FA,03 - 00,Sorocaba Vipers,,,,brasileirao-2024,Mauá/SP
2024-09-01 10:00:00,Brasília Wizards,06 - 41,Uberlândia Lobos,,,,brasileirao-2024,Estádio Bezerrão - Gama/DF
2024-09-01 10:00:00,Matilha dos Vales,24 - 27,Bravos FA,,,,brasileirao-2024,Santa Cruz do Sul/RS
2024-09-01 14:00:00,Londrina Bristlebacks,09 - 06,PRC Guardian Saints,,,,brasileirao-2024,Estádio Uady Chaiben - Londrina/PR
2024-09-14 00:00:00,Brasília Templários,00 - 49,Goianos FA,,,,brasileirao-2024,W.O.
2024-09-14 00:00:00,Brasília Templários,00 - 49,Franca Carrascos,,,,brasileirao-2024,W.O.
2024-09-14 14:30:00,Goianos FA,16 - 07,Uberlândia Lobos,,,,brasileirao-2024,Estádio Olímpico - Goiânia/GO
2024-09-15 10:00:00,Sorocaba Vipers,24 - 09,Vikings FA,,,,brasileirao-2024,C. E. Jorn. Armando Barchelli - Sorocaba/SP
2024-09-15 10:00:00,PRC Guardian Saints,00 - 12,Londrina Bristlebacks,,,,brasileirao-2024,Croco Stadium - Curitiba/PR
2024-09-15 14:00:00,São Bernardo Avengers,06 - 28,Ocelots FA,,,,brasileirao-2024,Jundiaí/SP
2024-09-15 15:00:00,Bravos FA,24 - 07,Erechim Coroados,,,,brasileirao-2024,Campo do Pampa - Porto Alegre/RS
2024-09-28 14:00:00,PRC Guardian Saints,24 - 27,Vikings FA,,,,brasileirao-2024,Croco Stadium - Curitiba/PR
2024-09-28 14:00:00,Franca Carrascos,38 - 00,Brasília Wizards,,,,brasileirao-2024,Ginásio Champagnat - Franca/SP
2024-09-29 00:00:00,Uberlândia Lobos,49 - 00,Brasília Templários,,,,brasileirao-2024,W.O.
2024-09-29 10:00:00,Londrina Bristlebacks,24 - 06,Sorocaba Vipers,,,,brasileirao-2024,Estádio Uady Chaiben - Londrina/PR
2024-09-29 10:30:00,Erechim Coroados,00 - 27,Matilha dos Vales,,,,brasileirao-2024,
2024-10-12 15:00:00,Vikings FA,12 - 24,Londrina Bristlebacks,,,,brasileirao-2024,Mauá/SP
2024-10-13 14:00:00,Goianos FA,47 - 00,Brasília Wizards,,,,brasileirao-2024,Estádio Olímpico - Goiânia/GO
2024-10-13 14:00:00,Bravos FA,26 - 07,Matilha dos Vales,,,,brasileirao-2024,Parque Esportivo PUCRS - Porto Alegre/RS
2024-08-04 10:00:00,Vikings Berserker,03 - 08,Werewolves Football,,,,brasileirao-2024,Caraguatatuba/SP
2024-08-04 14:00:00,Arapongas Golden Phoenix,40 - 06,Assis Captains,,,,brasileirao-2024,Arapongas/PR
2024-08-04 14:00:00,Caraguá Ghostship,07 - 21,Tatuapé Monsters,,,,brasileirao-2024,Caraguatatuba/SP
2024-08-18 10:00:00,Taubaté Football,21 - 09,São José Jets,,,,brasileirao-2024,Campo da CTI - Taubaté/SP
2024-08-18 10:00:00,Criciúma Iron Tigers,00 - 56,Bears FA,,,,brasileirao-2024,SATC - Criciúma/SC
2024-08-18 14:00:00,Ponta Grossa Phantoms,39 - 00,Chape FA,,,,brasileirao-2024,Ponta Grossa/PR
2024-08-18 14:00:00,Coritiba Crocodiles B,47 - 06,Curitiba Lions,,,,brasileirao-2024,Croco Stadium - Curitiba/PR
2024-08-25 14:00:00,Assis Captains,00 - 40,Maringá Pyros,,,,brasileirao-2024,Assis/SP
2024-09-01 10:00:00,Ponte Preta Gorilas,00 - 18,Taubaté Football,,,,brasileirao-2024,Campo da CTI - Taubaté/SP
2024-09-01 10:00:00,Werewolves Football,29 - 14,Caraguá Ghostship,,,,brasileirao-2024,Mauá/SP
2024-09-01 14:00:00,Tatuapé Monsters,27 - 20,Vikings Berserker,,,,brasileirao-2024,Mauá/SP
2024-09-15 09:00:00,Bears FA,08 - 00,Gravataí Spartans,,,,brasileirao-2024,
2024-09-15 10:00:00,São José Jets,27 - 00,Ponte Preta Gorilas,,,,brasileirao-2024,São José dos Campos/SP
2024-09-15 10:00:00,Chape FA,14 - 29,Curitiba Lions,,,,brasileirao-2024,
2024-09-15 14:00:00,Maringá Pyros,18 - 20,Arapongas Golden Phoenix,,,,brasileirao-2024,Maringá/PR
2024-09-15 15:00:00,Coritiba Crocodiles B,00 - 06,Ponta Grossa Phantoms,,,,brasileirao-2024,Croco Stadium - Curitiba/PR
2024-09-22 10:00:00,Vikings Berserker,00 - 12,Caraguá Ghostship,,,,brasileirao-2024,Parque CERET - São Paulo/SP
2024-09-22 14:00:00,Werewolves Football,21 - 18,Tatuapé Monsters,,,,brasileirao-2024,Parque CERET - São Paulo/SP
2024-09-29 09:30:00,Gravataí Spartans,19 - 16,Criciúma Iron Tigers,,,,brasileirao-2024,Gravataí/RS
2024-09-29 14:00:00,Curitiba Lions,06 - 28,Ponta Grossa Phantoms,,,,brasileirao-2024,Croco Stadium - Curitiba/PR
2024-10-13 10:00:00,Chape FA,00 - 24,Coritiba Crocodiles B,,,,brasileirao-2024,Chapecó/SC
2024-11-09 14:00:23,Flamengo Imperadores,49 - 00,Tritões FA,,,,brasileirao-2024,
2024-11-09 15:00:22,Moura Lacerda Dragons,13 - 20,Guarulhos Rhynos,,,,brasileirao-2024,
2024-11-09 17:00:51,Rio Preto Weilers,42 - 17,Brown Spiders,,,,brasileirao-2024,
2024-11-10 10:00:58,Spartans Football,16 - 06,Cruzeiro FA,,,,brasileirao-2024,
2024-11-23 14:00:03,Flamengo Imperadores,17 - 20,Spartans Football,,,,brasileirao-2024,
2024-11-23 17:30:57,Rio Preto Weilers,31 - 35,Guarulhos Rhynos,,,,brasileirao-2024,
2024-12-08 14:00:12,Spartans Football,28 - 37,Guarulhos Rhynos,,,,brasileirao-2024,
2024-11-03 09:00:46,Londrina Bristlebacks,28 - 20,Matilha dos Vales,,,,brasileirao-2024,
2024-11-03 10:00:52,Ocelots FA,40 - 06,Uberlândia Lobos,,,,brasileirao-2024,
2024-11-09 18:30:09,Goianos FA,09 - 21,Sorocaba Vipers,,,,brasileirao-2024,
2024-11-24 10:00:58,Bravos FA,07 - 35,Londrina Bristlebacks,,,,brasileirao-2024,
2024-11-24 14:00:04,Ocelots FA,36 - 19,Sorocaba Vipers,,,,brasileirao-2024,
2024-12-07 19:00:12,Londrina Bristlebacks,18 - 21,Ocelots FA,,,,brasileirao-2024,
2024-10-03 14:10:05,Werewolves Football,14 - 10,Franca Carrascos,,,,brasileirao-2024,
2024-10-20 14:00:45,Ponta Grossa Phantoms,33 - 03,Arapongas Golden Phoenix,,,,brasileirao-2024,
2024-10-26 14:30:50,Bears FA,00 - 03,Coritiba Crocodiles B,,,,brasileirao-2024,
2024-11-03 10:00:29,Taubaté Football,08 - 06,Tatuapé Monsters,,,,brasileirao-2024,
2024-11-16 19:00:19,Ponta Grossa Phantoms,38 - 00,Coritiba Crocodiles B,,,,brasileirao-2024,
2024-11-17 14:30:16,Werewolves Football,14 - 00,Taubaté Football,,,,brasileirao-2024,
2024-11-30 19:00:13,Ponta Grossa Phantoms,30 - 06,Werewolves Football,,,,brasileirao-2024,
2024-06-29 17:00:00,Sinop Coyotes,18 - 13,Cuiabá Arsenal,,,,bfa-2024,Estádio Gigante do Norte - Sinop/MT
2024-07-06 16:00:00,Rondonópolis Hawks,53 - 06,Porto Velho Miners,,,,bfa-2024,Rondonópolis/MT
2024-07-07 14:00:00,Sergipe Redentores,15 - 09,Mossoró Petroleiros,,,,bfa-2024,Aracaju/SE
2024-07-07 14:00:00,Recife Mariners,25 - 00,Cavalaria 2 de Julho,,,,bfa-2024,Estádio do Arruda - Recife/PE
2024-07-07 14:00:00,Tubarões do Cerrado,10 - 28,Manaus FA,,,,bfa-2024,Estádio Rorizão - Brasília/DF
2024-07-14 09:00:00,Caruaru Wolves,07 - 35,Fortaleza Tritões,,,,bfa-2024,
2024-07-20 14:00:00,Mossoró Petroleiros,00 - 62,Recife Mariners,,,,bfa-2024,Vila Olímpica - Macaíba/RN
2024-07-20 16:00:00,Cavalaria 2 de Julho,22 - 07,João Pessoa Espectros,,,,bfa-2024,Estádio Municipal - Lauro de Freitas/BA
2024-07-20 17:00:00,Sinop Coyotes,41 - 14,Porto Velho Miners,,,,bfa-2024,Estádio Gigante do Norte - Sinop/MT
2024-07-28 17:00:00,Cuiabá Arsenal,13 - 20,Rondonópolis Hawks,,,,bfa-2024,Dutrinha - Cuiabá/MT
2024-08-03 14:00:00,Tubarões do Cerrado,07 - 09,Locomotiva FA,,,,bfa-2024,Estádio Rorizão - Brasília/DF
2024-08-03 15:00:00,Almirantes FA,06 - 03,Istepôs FA,,,,bfa-2024,Estádio Camilo Mussi - Itajaí/SC
2024-08-03 16:00:00,Galo FA,20 - 13,Vasco Almirantes,,,,bfa-2024,CTE/UFMG - Belo Horizonte/MG
2024-08-03 16:00:00,T-Rex,13 - 12,Santa Maria Soldiers,,,,bfa-2024,Complexo Esportivo - Timbó/SC
2024-08-04 09:00:00,Caruaru Wolves,14 - 21,Sergipe Redentores,,,,bfa-2024,Lacerdão - Caruaru/PE
2024-08-04 14:00:00,Recife Mariners,44 - 00,João Pessoa Espectros,,,,bfa-2024,Estádio do Arruda - Recife/PE
2024-08-04 14:00:00,Fortaleza Tritões,57 - 00,Mossoró Petroleiros,,,,bfa-2024,UNIFOR - Fortaleza/CE
2024-08-17 14:00:00,Porto Velho Miners,20 - 40,Cuiabá Arsenal,,,,bfa-2024,
2024-08-17 14:00:00,Vasco Almirantes,30 - 00,Locomotiva FA,,,,bfa-2024,Faculdade Universo - Belo Horizonte/MG
2024-08-17 16:00:00,Rondonópolis Hawks,34 - 00,Sinop Coyotes,,,,bfa-2024,Estádio Eng. Luthero Lopes - Rondonópolis/MT
2024-08-18 10:00:00,Cavalaria 2 de Julho,49 - 32,Caruaru Wolves,,,,bfa-2024,Estádio Municipal - Lauro de Freitas/BA
2024-08-18 14:00:00,Fortaleza Tritões,30 - 27,Recife Mariners,,,,bfa-2024,UNIFOR - Fortaleza/CE
2024-08-24 14:00:00,Manaus FA,00 - 23,Galo FA,,,,bfa-2024,Estádio Ismael Benigno - Manaus/AM
2024-08-25 14:00:00,João Pessoa Espectros,20 - 18,Sergipe Redentores,,,,bfa-2024,Vila Olímpica Parahyba - João Pessoa/PB
2024-08-31 13:00:42,Vasco Almirantes,35 - 07,Tubarões do Cerrado,,,,bfa-2024,Clube de Campo Empyreo - Leme/SP
2024-08-31 14:00:00,Porto Velho Miners,00 - 44,Rondonópolis Hawks,,,,bfa-2024,
2024-08-31 14:30:00,Almirantes FA,00 - 29,T-Rex,,,,bfa-2024,Estádio Camilo Mussi - Itajaí/SC
2024-09-01 10:00:00,Istepôs FA,03 - 16,Santa Maria Soldiers,,,,bfa-2024,Florianópolis/SC
2024-09-01 14:00:00,Mossoró Petroleiros,18 - 32,Caruaru Wolves,,,,bfa-2024,Mossoró/RN
2024-09-01 14:00:00,João Pessoa Espectros,07 - 40,Fortaleza Tritões,,,,bfa-2024,Vila Olímpica Parahyba - João Pessoa/PB
2024-09-01 14:00:00,Sergipe Redentores,07 - 30,Cavalaria 2 de Julho,,,,bfa-2024,Aracaju/SE
2024-09-01 14:00:00,Locomotiva FA,00 - 33,Galo FA,,,,bfa-2024,Faculdade Universo - Belo Horizonte/MG
2024-09-01 17:00:00,Cuiabá Arsenal,14 - 00,Sinop Coyotes,,,,bfa-2024,Dutrinha - Cuiabá/MT
2024-09-14 14:00:00,Santa Maria Soldiers,40 - 13,Almirantes FA,,,,bfa-2024,Estádio dos Eucaliptos - Santa Maria/RS
2024-09-14 14:00:00,T-Rex,35 - 02,Istepôs FA,,,,bfa-2024,Complexo Esportivo - Timbó/SC
2024-09-21 19:00:00,Galo FA,36 - 02,Tubarões do Cerrado,,,,bfa-2024,CTE/UFMG - Belo Horizonte/MG
2024-09-29 10:00:00,Istepôs FA,17 - 00,Almirantes FA,,,,bfa-2024,Florianópolis/SC
2024-10-05 13:00:00,Remo Lions,00 - 25,Manaus FA,,,,bfa-2024,Belém/PA
2024-09-14 17:30:18,Cuiabá Arsenal,16 - 06,Sinop Coyotes,,-,,bfa-2024,
2024-09-15 10:00:16,Cavalaria 2 de Julho,34 - 00,Sergipe Redentores,,-,,bfa-2024,
2024-09-15 15:00:02,João Pessoa Espectros,18 - 20,Caruaru Wolves,,-,,bfa-2024,
2024-09-28 14:00:36,Vasco Almirantes,44 - 12,Locomotiva FA,,-,,bfa-2024,
2024-09-28 16:00:16,Rondonópolis Hawks,26 - 12,Cuiabá Arsenal,,-,,bfa-2024,
2024-09-29 09:30:24,Fortaleza Tritões,41 - 08,Caruaru Wolves,,-,,bfa-2024,
2024-09-29 14:00:24,Recife Mariners,24 - 06,Cavalaria 2 de Julho,,-,,bfa-2024,
2024-10-12 16:00:00,Santa Maria Soldiers,12 - 41,T-Rex,,-,,bfa-2024,
2024-10-13 14:00:26,Fortaleza Tritões,16 - 17,Recife Mariners,,-,,bfa-2024,
2024-10-19 14:00:26,Rondonópolis Hawks,20 - 00,Manaus FA,,-,,bfa-2024,
2024-10-20 15:00:32,Galo FA,07 - 00,Vasco Almirantes,,-,,bfa-2024,
2024-11-02 16:00:09,Timbó Rex,14 - 26,Recife Mariners,,,,bfa-2024,
2024-11-09 14:00:30,Rondonópolis Hawks,03 - 16,Galo FA,,,,bfa-2024,
2024-12-01 15:00:49,Recife Mariners,22 - 06,Galo FA,,,,bfa-2024,
2024-04-07 14:00:00,Santa Cruz Imortais,10 - 06,Caruaru Wolves,,,,campeonato-pernambucano-2024,
2024-04-21 14:00:00,Mariners Development,07 - 34,Santa Cruz Imortais,,,,campeonato-pernambucano-2024,Estádio do Arruda - Recife/PE
2024-05-05 09:00:00,Caruaru Wolves,27 - 09,Mariners Development,,,,campeonato-pernambucano-2024,Recife/PE
2024-05-26 14:00:00,Recife Imortais,15 - 07,Caruaru Wolves,,,,campeonato-pernambucano-2024,
2024-04-07 14:00:00,Matilha dos Vales,26 - 06,Bears FA,,,,campeonato-gaucho-2024,
2024-04-07 14:00:00,Santa Maria Soldiers,34 - 18,Canoas Bulls,,,,campeonato-gaucho-2024,Estádio dos Eucaliptos - Santa Maria/RS
2024-04-13 18:00:00,Chape FA,00 - 58,Porto Alegre Pumpkins,,,,campeonato-gaucho-2024,Chapecó/SC
2024-04-14 13:30:00,Erechim Coroados,44 - 00,Gravataí Spartans,,,,campeonato-gaucho-2024,Erechim/RS
2024-04-28 14:00:00,Canoas Bulls,19 - 30,Matilha dos Vales,,,,campeonato-gaucho-2024,Grêmio Esportivo Nacional - São Leopoldo/RS
2024-04-28 14:00:00,Bears FA,00 - 51,Santa Maria Soldiers,,,,campeonato-gaucho-2024,Estádio Luiz Ferreira - Parobé/RS
2024-05-05 14:00:00,Gravataí Spartans,14:00:00Adiado,Chape FA,,,,campeonato-gaucho-2024,
2024-05-05 14:00:00,Porto Alegre Pumpkins,14:00:00Adiado,Erechim Coroados,,,,campeonato-gaucho-2024,
2024-05-18 14:00:00,Santa Maria Soldiers,14:00:00Adiado,Matilha dos Vales,,,,campeonato-gaucho-2024,
2024-05-18 14:00:00,Canoas Bulls,14:00:00Adiado,Bears FA,,,,campeonato-gaucho-2024,
2024-05-26 14:00:00,Chape FA,14:00:00Adiado,Erechim Coroados,,,,campeonato-gaucho-2024,
2024-05-26 14:00:00,Gravataí Spartans,14:00:00Adiado,Porto Alegre Pumpkins,,,,campeonato-gaucho-2024,
2024-03-17 10:00:00,Uberlândia Lobos,03 - 08,Nova Serrana Forgeds,,,,campeonato-mineiro-2024,Parque do Sabiá - Uberlândia/MG
2024-03-24 10:00:00,Tigres FA,00 - 14,Juiz de Fora Imperadores,,,,campeonato-mineiro-2024,
2024-03-30 14:00:00,Nova Serrana Forgeds,52 - 00,Pouso Alegre Gladiadores,,,,campeonato-mineiro-2024,Campo Frei Ambrósio - Nova Serrana/MG
2024-04-07 10:00:00,Juiz de Fora Imperadores,20 - 12,Contagem Inconfidentes,,,,campeonato-mineiro-2024,Juiz de Fora/MG
2024-04-14 14:00:00,Pouso Alegre Gladiadores,12 - 13,Uberlândia Lobos,,,,campeonato-mineiro-2024,
2024-04-21 10:00:00,Contagem Inconfidentes,12 - 06,Tigres FA,,,,campeonato-mineiro-2024,Contagem/MG
2024-05-01 10:00:00,Contagem Inconfidentes,26 - 00,Pouso Alegre Gladiadores,,,,campeonato-mineiro-2024,
2024-05-05 10:00:00,Uberlândia Lobos,20 - 19,Tigres FA,,,,campeonato-mineiro-2024,
2024-05-19 10:00:00,Juiz de Fora Imperadores,20 - 06,Contagem Inconfidentes,,,,campeonato-mineiro-2024,
2024-05-19 14:00:00,Nova Serrana Forgeds,23 - 13,Uberlândia Lobos,,,,campeonato-mineiro-2024,
2024-06-02 10:00:00,Galo FA,28 - 07,Uberlândia Lobos,,,,campeonato-mineiro-2024,
2024-06-02 14:00:00,Nova Serrana Forgeds,13 - 14,Juiz de Fora Imperadores,,,,campeonato-mineiro-2024,
2024-06-08 14:00:00,Locomotiva FA,33 - 21,Contagem Inconfidentes,,,,campeonato-mineiro-2024,
2024-06-22 14:00:00,Galo FA,41 - 03,Nova Serrana Forgeds,,,,campeonato-mineiro-2024,
2024-06-23 14:00:00,Locomotiva FA,40 - 06,Juiz de Fora Imperadores,,,,campeonato-mineiro-2024,
2024-07-06 14:00:00,Locomotiva FA,12 - 19,Galo FA,,,,campeonato-mineiro-2024,
2024-03-02 14:30:00,Coritiba Crocodiles,62 - 00,JEC Gladiators,,,,campeonato-paranaense-2024,Croco Stadium - Curitiba/PR
2024-03-03 09:30:00,Brown Spiders,53 - 00,Francisco Beltrão Red Feet,,,,campeonato-paranaense-2024,Croco Stadium - Curitiba/PR
2024-03-03 14:00:00,Maringá Pyros,14 - 20,Cascavel Olympians,,,,campeonato-paranaense-2024,Maringá/PR
2024-03-10 14:00:00,Londrina Bristlebacks,14 - 07,Paraná HP,,,,campeonato-paranaense-2024,Estádio Uady Chaiben - Londrina/PR
2024-03-10 14:00:00,PRC Guardian Saints,12 - 07,Ponta Grossa Phantoms,,,,campeonato-paranaense-2024,Croco Stadium - Curitiba/PR
2024-03-17 15:00:00,Francisco Beltrão Red Feet,14 - 12,Curitiba Lions,,,,campeonato-paranaense-2024,Arrudão - Francisco Beltrão/PR
2024-03-23 14:30:00,JEC Gladiators,00 - 15,PRC Guardian Saints,,,,campeonato-paranaense-2024,Grêmio Whirlpool - Joinville/SC
2024-03-24 14:00:00,Cascavel Olympians,00 - 57,Coritiba Crocodiles,,,,campeonato-paranaense-2024,Cascavel/PR
2024-03-24 14:00:00,Paraná HP,00 - 17,Brown Spiders,,,,campeonato-paranaense-2024,Campo Largo/PR
2024-04-07 09:30:00,Curitiba Lions,00 - 41,Londrina Bristlebacks,,,,campeonato-paranaense-2024,Croco Stadium - Curitiba/PR
2024-04-07 14:00:00,Ponta Grossa Phantoms,13 - 12,Maringá Pyros,,,,campeonato-paranaense-2024,Ponta Grossa/PR
2024-04-14 14:00:00,PRC Guardian Saints,00 - 36,Coritiba Crocodiles,,,,campeonato-paranaense-2024,Croco Stadium - Curitiba/PR
2024-04-14 14:00:00,Paraná HP,17 - 00,Francisco Beltrão Red Feet,,,,campeonato-paranaense-2024,Centro Esportivo Fanático - Campo Largo/PR
2024-04-21 14:00:00,Londrina Bristlebacks,29 - 27,Brown Spiders,,,,campeonato-paranaense-2024,Estádio Uady Chaiben - Londrina/PR
2024-04-21 14:30:00,JEC Gladiators,00 - 32,Ponta Grossa Phantoms,,,,campeonato-paranaense-2024,Grêmio Whirlpool - Joinville/SC
2024-04-28 14:00:00,Cascavel Olympians,14 - 46,PRC Guardian Saints,,,,campeonato-paranaense-2024,
2024-05-04 19:00:00,Maringá Pyros,02 - 00,JEC Gladiators,,,,campeonato-paranaense-2024,Estádio Willie Davids - Maringá/PR
2024-05-05 14:00:00,Curitiba Lions,00 - 29,Paraná HP,,,,campeonato-paranaense-2024,Croco Stadium - Curitiba/PR
2024-05-05 14:45:00,Francisco Beltrão Red Feet,06 - 30,Londrina Bristlebacks,,,,campeonato-paranaense-2024,Arrudão - Francisco Beltrão/PR
2024-05-18 15:00:00,Brown Spiders,56 - 00,Curitiba Lions,,,,campeonato-paranaense-2024,Croco Stadium - Curitiba/PR
2024-05-19 14:00:00,Coritiba Crocodiles,62 - 00,Maringá Pyros,,,,campeonato-paranaense-2024,Croco Stadium - Curitiba/PR
2024-05-19 14:00:00,Ponta Grossa Phantoms,24 - 14,Cascavel Olympians,,,,campeonato-paranaense-2024,Ponta Grossa/PR
2024-06-02 14:00:21,Brown Spiders,42 - 00,Ponta Grossa Phantoms,,,,campeonato-paranaense-2024,
2024-06-09 14:00:20,Guardian Saints,16 - 19,Paraná HP,,,,campeonato-paranaense-2024,
2024-06-23 14:00:18,Londrina Bristlebacks,26 - 16,Paraná HP,,,,campeonato-paranaense-2024,
2024-07-06 14:00:16,Coritiba Crocodiles,11 - 00,Brown Spiders,,,,campeonato-paranaense-2024,
2024-07-07 14:30:48,Guardian Saints,00 - 14,Ponta Grossa Phantoms,,,,campeonato-paranaense-2024,
2024-07-27 19:00:40,Londrina Bristlebacks,00 - 34,Coritiba Crocodiles,,,,campeonato-paranaense-2024,
2024-03-09 19:00:00,Rio Preto Weilers,16 - 06,Ocelots FA,,,,sao-paulo-football-league-2024,Distrito Industrial - S. J. do Rio Preto/SP
2024-03-10 10:00:00,São Bernardo Avengers,34 - 07,Sorocaba Vipers,,,,sao-paulo-football-league-2024,Estádio Baetão - São Bernardo do Campo/SP
2024-03-10 14:00:00,Guarulhos Rhynos,53 - 08,Guarani Indians,,,,sao-paulo-football-league-2024,Estádio Baetão - São Bernardo do Campo/SP
2024-03-17 14:00:00,Moura Lacerda Dragons,33 - 14,Empyreo Leme Lizards,,,,sao-paulo-football-league-2024,Campus Moura Lacerda - Ribeirão Preto/SP
2024-03-17 14:00:00,Corinthians Steamrollers,00 - 31,Spartans Football,,,,sao-paulo-football-league-2024,CT Touchdown - São Paulo/SP
2024-03-17 14:00:00,Vikings FA,38 - 07,Caraguá Ghostship,,,,sao-paulo-football-league-2024,Ribeirão Pires/SP
2024-03-24 10:00:00,Guarani Indians,00 - 19,São Bernardo Avengers,,,,sao-paulo-football-league-2024,Campinas/SP
2024-03-24 14:00:00,Ocelots FA,30 - 06,Sorocaba Vipers,,,,sao-paulo-football-league-2024,Jundiaí/SP
2024-03-31 10:00:00,Moura Lacerda Dragons,14 - 03,Spartans Football,,,,sao-paulo-football-league-2024,Ribeirão Pires/SP
2024-03-31 10:00:00,Empyreo Leme Lizards,27 - 00,Caraguá Ghostship,,,,sao-paulo-football-league-2024,São José dos Campos/SP
2024-03-31 14:00:00,Corinthians Steamrollers,12 - 07,Vikings FA,,,,sao-paulo-football-league-2024,Ribeirão Pires/SP
2024-04-07 08:00:00,Guarani Indians,07 - 14,Sorocaba Vipers,,,,sao-paulo-football-league-2024,CT Touchdown - São Paulo/SP
2024-04-07 10:00:00,Rio Preto Weilers,13 - 10,São Bernardo Avengers,,,,sao-paulo-football-league-2024,Assis/SP
2024-04-07 15:00:00,Guarulhos Rhynos,45 - 14,Ocelots FA,,,,sao-paulo-football-league-2024,CT Touchdown - São Paulo/SP
2024-04-14 09:30:00,Moura Lacerda Dragons,48 - 00,Vikings FA,,,,sao-paulo-football-league-2024,Campus Moura Lacerda - Ribeirão Preto/SP
2024-04-14 11:00:00,Spartans Football,41 - 27,Empyreo Leme Lizards,,,,sao-paulo-football-league-2024,Clube de Campo Empyreo - Leme/SP
2024-04-14 14:00:00,Corinthians Steamrollers,23 - 13,Caraguá Ghostship,,,,sao-paulo-football-league-2024,Caraguatatuba/SP
2024-04-21 01:00:00,Ocelots FA,42 - 12,Guarani Indians,,,,sao-paulo-football-league-2024,Jundiaí/SP
2024-04-21 11:00:00,Guarulhos Rhynos,50 - 13,São Bernardo Avengers,,,,sao-paulo-football-league-2024,Jundiaí/SP
2024-04-21 14:00:00,Rio Preto Weilers,38 - 00,Sorocaba Vipers,,,,sao-paulo-football-league-2024,São José do Rio Preto/SP
2024-04-28 10:00:00,Spartans Football,60 - 00,Caraguá Ghostship,,,,sao-paulo-football-league-2024,São José dos Campos/SP
2024-04-28 10:00:00,Empyreo Leme Lizards,14 - 31,Vikings FA,,,,sao-paulo-football-league-2024,
2024-04-28 14:00:00,Moura Lacerda Dragons,48 - 00,Corinthians Steamrollers,,,,sao-paulo-football-league-2024,CT Touchdown - São Paulo/SP
2024-05-05 11:00:00,Rio Preto Weilers,51 - 19,Guarani Indians,,,,sao-paulo-football-league-2024,Sorocaba/SP
2024-05-05 14:30:00,Guarulhos Rhynos,45 - 00,Sorocaba Vipers,,,,sao-paulo-football-league-2024,Sorocaba/SP
2024-05-19 08:00:00,Ocelots FA,07 - 07,São Bernardo Avengers,,,,sao-paulo-football-league-2024,Clube de Campo Empyreo - Leme/SP
2024-05-19 10:00:00,Rio Preto Weilers,07 - 10,Guarulhos Rhynos,,,,sao-paulo-football-league-2024,Taubaté/SP
2024-05-19 11:00:00,Moura Lacerda Dragons,48 - 00,Caraguá Ghostship,,,,sao-paulo-football-league-2024,Clube de Campo Empyreo - Leme/SP
2024-05-19 14:00:00,Empyreo Leme Lizards,37 - 12,Corinthians Steamrollers,,,,sao-paulo-football-league-2024,Clube de Campo Empyreo - Leme/SP
2024-05-19 14:00:00,Spartans Football,27 - 17,Vikings FA,,,,sao-paulo-football-league-2024,CT Touchdown - São Paulo/SP
2024-03-17 10:00:00,Franca Carrascos,47 - 00,Mooca Destroyers,,,,sao-paulo-football-league-2024,CT Touchdown - São Paulo/SP
2024-03-17 13:00:00,Guarás FA,19 - 06,São Paulo Storm,,,,sao-paulo-football-league-2024,Estádio Municipal - Areiópolis/SP
2024-04-14 14:00:00,Franca Carrascos,00 - 07,Tatuapé Monsters,,,,sao-paulo-football-league-2024,Ginásio Champagnat - Franca/SP
2024-04-21 08:00:00,São Paulo Storm,15 - 37,Werewolves Football,,,,sao-paulo-football-league-2024,Jundiaí/SP
2024-05-05 11:00:00,Mooca Destroyers,00 - 26,Tatuapé Monsters,,,,sao-paulo-football-league-2024,Sorocaba/SP
2024-05-05 14:00:00,Werewolves Football,14 - 34,Guarás FA,,,,sao-paulo-football-league-2024,Avaré/SP
2024-03-17 10:00:00,Vikings Berserker,12 - 14,Caniballs Football,,,,sao-paulo-football-league-2024,Ribeirão Pires/SP
2024-03-24 14:00:00,Ponte Preta Gorilas,02 - 00,Black Panthers Football,,,,sao-paulo-football-league-2024,Campinas/SP
2024-03-31 14:00:00,São José Jets,00 - 17,Caniballs Football,,,,sao-paulo-football-league-2024,São José dos Campos/SP
2024-04-07 11:00:00,Taubaté Football,14 - 09,Vikings Berserker,,,,sao-paulo-football-league-2024,CT Touchdown - São Paulo/SP
2024-04-07 14:00:00,Assis Captains,24 - 00,Avaré Lions,,,,sao-paulo-football-league-2024,Assis/SP
2024-04-28 09:00:00,Taubaté Football,00 - 07,Caniballs Football,,,,sao-paulo-football-league-2024,CT Touchdown - São Paulo/SP
2024-04-28 14:00:00,São José Jets,42 - 00,Vikings Berserker,,,,sao-paulo-football-league-2024,São José dos Campos/SP
2024-04-28 14:00:00,Ponte Preta Gorilas,25 - 07,Piracicaba Cane Cutters,,,,sao-paulo-football-league-2024,
2024-05-05 10:00:32,Avaré Lions,13 - 24,Assis Captains,,,,sao-paulo-football-league-2024,Assis/SP
2024-05-19 10:00:00,Piracicaba Cane Cutters,00 - 21,Black Panthers Football,,,,sao-paulo-football-league-2024,CT Touchdown - São Paulo/SP
2024-05-19 14:00:00,Taubaté Football,16 - 15,São José Jets,,,,sao-paulo-football-league-2024,Campo da CTI - Taubaté/SP
2024-06-02 10:00:15,Rio Preto Weilers,36 - 00,Vikings FA,,,,sao-paulo-football-league-2024,
2024-06-02 14:00:10,Spartans Football,22 - 42,Ocelots FA,,,,sao-paulo-football-league-2024,
2024-06-16 10:00:03,Guarulhos Rhynos,09 - 13,Rio Preto Weilers,,,,sao-paulo-football-league-2024,
2024-06-16 14:00:06,Moura Lacerda Dragons,34 - 07,Ocelots FA,,,,sao-paulo-football-league-2024,
2024-07-07 14:00:06,Rio Preto Weilers,30 - 20,Moura Lacerda Dragons,,,,sao-paulo-football-league-2024,
2024-05-26 10:00:25,São Paulo Storm,21 - 23,Franca Carrascos,,,,sao-paulo-football-league-2024,
2024-05-26 14:00:20,Mooca Destroyers,00 - 37,Werewolves Football,,,,sao-paulo-football-league-2024,
2024-06-09 10:00:41,Tatuapé Monsters,07 - 42,Werewolves Football,,,,sao-paulo-football-league-2024,
2024-06-16 10:00:09,Guarás FA,53 - 08,Franca Carrascos,,,,sao-paulo-football-league-2024,
2024-06-30 14:00:05,Guarás FA,22 - 12,Werewolves Football,,,,sao-paulo-football-league-2024,
2024-06-02 10:00:54,Taubaté Football,42 - 08,Black Panthers Football,,,,sao-paulo-football-league-2024,
2024-06-02 14:00:38,Ponte Preta Gorilas,06 - 08,Avaré Lions,,,,sao-paulo-football-league-2024,
2024-06-16 10:00:13,Caniballs Football,14 - 08,Taubaté Football,,,,sao-paulo-football-league-2024,
2024-06-16 14:00:12,Assis Captains,26 - 22,Avaré Lions,,,,sao-paulo-football-league-2024,
2024-06-30 10:00:05,Caniballs Football,27 - 08,Assis Captains,,,,sao-paulo-football-league-2024,
2023-09-17 10:00:47,Curitiba Lions,07 - 34,Ponta Grossa Phantoms,,,,copa-pr-2023,
2023-09-23 19:00:21,Maringá Pyros,52 - 06,Wolves UTFPR-CP,,,,copa-pr-2023,
2023-10-08 15:05:15,Maringá Pyros,07 - 15,Ponta Grossa Phantoms,,,,copa-pr-2023,
2023-09-17 10:00:39,São José Jets,10 - 30,Tatuapé Monsters,,,,pick-six-cup-2023,CT Touchdown - São Paulo/SP
2023-09-17 14:00:32,Spartans Football,42 - 07,Taubaté Football,,,,pick-six-cup-2023,CT Touchdown - São Paulo/SP
2023-10-22 10:00:03,São José Jets,14 - 26,Taubaté Football,,,,pick-six-cup-2023,CT Touchdown - São Paulo/SP
2023-10-22 15:00:53,Tatuapé Monsters,00 - 40,Spartans Football,,,,pick-six-cup-2023,CT Touchdown - São Paulo/SP
2023-11-05 10:00:13,Spartans Football,61 - 00,São José Jets,,,,pick-six-cup-2023,
2023-11-05 14:00:47,Tatuapé Monsters,07 - 20,Taubaté Football,,,,pick-six-cup-2023,
2023-12-03 14:00:22,Spartans Football,08 - 09,Taubaté Football,,,,pick-six-cup-2023,
2023-08-06 10:00:00,Black Panthers Football,06 - 53,Guarás FA,,,,taca-nove-de-julho-2023,Clube de Campo Empyreo - Leme/SP
2023-08-06 14:00:00,Empyreo Leme Lizards,51 - 07,São Paulo Storm,,,,taca-nove-de-julho-2023,Clube de Campo Empyreo - Leme/SP
2023-09-10 10:00:00,São Paulo Storm,14 - 16,Caniballs Football,,,,taca-nove-de-julho-2023,Campinas/SP
2023-09-10 14:00:00,Guarani Indians,57 - 00,Black Panthers Football,,,,taca-nove-de-julho-2023,Campinas/SP
2023-09-24 10:00:00,Guarás FA,20 - 21,Guarani Indians,,,,taca-nove-de-julho-2023,Estádio Municipal - Areiópolis/SP
2023-09-24 14:00:00,Caniballs Football,10 - 21,Empyreo Leme Lizards,,,,taca-nove-de-julho-2023,Estádio Municipal - Areiópolis/SP
2023-10-15 00:00:35,Guarás FA,13 - 07,São Paulo Storm,,,,taca-nove-de-julho-2023,
2023-10-15 10:00:24,Caniballs Football,16 - 06,Black Panthers Football,,,,taca-nove-de-julho-2023,
2023-11-19 10:00:24,Guarani Indians,42 - 00,Caniballs Football,,,,taca-nove-de-julho-2023,
2023-11-19 14:00:29,Empyreo Leme Lizards,23 - 00,Guarás FA,,,,taca-nove-de-julho-2023,
2023-12-03 15:30:53,Guarani Indians,38 - 26,Empyreo Leme Lizards,,,,taca-nove-de-julho-2023,
2023-07-01 14:00:00,Sergipe Redentores,40 - 33,Jangadeiros FA,,,,bfa-2023,Aracaju/SE
2023-07-01 14:00:00,Tubarões do Cerrado,00 - 46,Rondonópolis Hawks,,,,bfa-2023,Gama/DF
2023-07-02 13:30:00,Caucaia Sabres,00 - 20,Mossoró Petroleiros,,,,bfa-2023,Fortaleza/CE
2023-07-08 14:00:00,Santa Maria Soldiers,21 - 14,Istepôs FA,,,,bfa-2023,Estádio dos Eucaliptos - Santa Maria/RS
2023-07-08 17:00:00,Carrancas FA,07 - 10,Cavalaria 2 de Julho,,,,bfa-2023,Estádio Paulo Coelho - Petrolina/PE
2023-07-08 17:00:00,T-Rex,35 - 00,Juventude FA,,,,bfa-2023,Complexo Esportivo - Timbó/SC
2023-07-09 13:30:00,Ceará Caçadores,16 - 34,Fortaleza Tritões,,,,bfa-2023,UNIFOR - Fortaleza/CE
2023-07-09 15:00:00,Parnamirim Scorpions,00 - 13,Recife Mariners,,,,bfa-2023,Estádio do Potiguar - Parnamirim/RN
2023-07-16 13:30:00,Caucaia Sabres,18 - 19,Parnamirim Scorpions,,,,bfa-2023,UNIFOR - Fortaleza/CE
2023-07-22 14:00:00,Cavalaria 2 de Julho,06 - 41,Recife Mariners,,,,bfa-2023,Camaçari/BA
2023-07-22 15:30:00,Santa Cruz Imortais,13 - 48,Jangadeiros FA,,,,bfa-2023,Cabo de Sto. Agostinho/PE
2023-07-23 13:30:00,Fortaleza Tritões,36 - 34,João Pessoa Espectros,,,,bfa-2023,UNIFOR - Fortaleza/CE
2023-07-23 13:30:00,Mossoró Petroleiros,07 - 52,Ceará Caçadores,,,,bfa-2023,Mossoró/RN
2023-07-23 14:00:00,Sergipe Redentores,00 - 03,Carrancas FA,,,,bfa-2023,Aracaju/SE
2023-07-23 14:00:00,Istepôs FA,07 - 14,Almirantes FA,,,,bfa-2023,Estádio Municipal Galeão - Canelinha/SC
2023-07-23 16:00:00,Cuiabá Arsenal,19 - 41,Sorriso Hornets,,,,bfa-2023,Dutrinha - Cuiabá/MT
2023-07-29 14:00:00,Santa Maria Soldiers,08 - 26,T-Rex,,,,bfa-2023,Estádio dos Eucaliptos - Santa Maria/RS
2023-07-29 14:00:00,Tubarões do Cerrado,13 - 14,Cruzeiro FA,,,,bfa-2023,Gama/DF
2023-07-29 16:00:00,Rondonópolis Hawks,56 - 07,Porto Velho Miners,,,,bfa-2023,Rondonópolis/MT
2023-08-05 17:00:00,Carrancas FA,45 - 00,Santa Cruz Imortais,,,,bfa-2023,Estádio Paulo Coelho - Petrolina/PE
2023-08-06 13:30:00,Ceará Caçadores,52 - 03,Caucaia Sabres,,,,bfa-2023,UNIFOR - Fortaleza/CE
2023-08-06 14:00:00,João Pessoa Espectros,35 - 00,Parnamirim Scorpions,,,,bfa-2023,Vila Olímpica Parahyba - João Pessoa/PB
2023-08-06 14:00:00,Jangadeiros FA,19 - 27,Cavalaria 2 de Julho,,,,bfa-2023,Maceió/AL
2023-08-06 14:00:00,Manaus FA,40 - 06,Vingadores FA,,,,bfa-2023,SEST SENAT - Manaus/AM
2023-08-06 14:00:00,Recife Mariners,35 - 09,Sergipe Redentores,,,,bfa-2023,Estádio do Arruda - Recife/PE
2023-08-12 14:00:00,Locomotiva FA,33 - 08,Vasco Almirantes,,,,bfa-2023,Faculdade Universo - Belo Horizonte/MG
2023-08-13 10:00:00,Remo Lions,08 - 30,São Luís Sharks,,,,bfa-2023,AABB - Ananindeua/PA
2023-08-13 14:00:00,Fortaleza Tritões,59 - 00,Mossoró Petroleiros,,,,bfa-2023,UNIFOR - Fortaleza/CE
2023-08-19 14:00:00,Cavalaria 2 de Julho,28 - 13,Sergipe Redentores,,,,bfa-2023,Camaçari/BA
2023-08-19 14:00:00,Porto Velho Miners,00 - 86,Sorriso Hornets,,,,bfa-2023,Estádio Aluízio Ferreira - Porto Velho/RO
2023-08-19 14:00:00,Cruzeiro FA,09 - 44,Galo FA,,,,bfa-2023,CTE/UFMG - Belo Horizonte/MG
2023-08-19 15:00:00,Rondonópolis Hawks,07 - 19,Cuiabá Arsenal,,,,bfa-2023,Estádio Eng. Luthero Lopes - Rondonópolis/MT
2023-08-19 15:00:00,Almirantes FA,12 - 17,T-Rex,,,,bfa-2023,Estádio Camilo Mussi - Itajaí/SC
2023-08-20 13:30:00,Caucaia Sabres,00 - 55,Fortaleza Tritões,,,,bfa-2023,Caucaia/CE
2023-08-20 14:00:00,João Pessoa Espectros,61 - 20,Ceará Caçadores,,,,bfa-2023,Vila Olímpica Parahyba - João Pessoa/PB
2023-08-20 14:00:00,Recife Mariners,48 - 00,Carrancas FA,,,,bfa-2023,Estádio do Arruda - Recife/PE
2023-08-20 14:00:00,Juventude FA,12 - 14,Santa Maria Soldiers,,,,bfa-2023,SESI - Caxias do Sul/RS
2023-08-26 14:00:00,Locomotiva FA,07 - 00,Tubarões do Cerrado,,,,bfa-2023,Faculdade Universo - Belo Horizonte/MG
2023-08-27 15:00:00,Parnamirim Scorpions,26 - 14,Jangadeiros FA,,,,bfa-2023,Estádio do Potiguar - Parnamirim/RN
2023-09-02 17:00:00,Carrancas FA,14 - 26,Fortaleza Tritões,,,,bfa-2023,Estádio Paulo Coelho - Petrolina/PE
2023-09-02 18:00:00,Sorriso Hornets,20 - 07,Rondonópolis Hawks,,,,bfa-2023,Toca do Lobo - Sorriso/MT
2023-09-03 13:00:00,Santa Cruz Imortais,07 - 41,Cavalaria 2 de Julho,,,,bfa-2023,Cabo de Sto. Agostinho/PE
2023-09-03 13:30:00,Ceará Caçadores,48 - 06,Parnamirim Scorpions,,,,bfa-2023,UNIFOR - Fortaleza/CE
2023-09-03 14:30:00,Mossoró Petroleiros,07 - 55,João Pessoa Espectros,,,,bfa-2023,Estádio Nogueirão - Mossoró/RN
2023-09-09 14:00:00,Porto Velho Miners,00 - 40,Cuiabá Arsenal,,,,bfa-2023,
2023-09-09 15:00:00,Cruzeiro FA,41 - 19,Locomotiva FA,,,,bfa-2023,Arena Frigoarnaldo - Contagem/MG
2023-09-10 14:00:00,Vasco Almirantes,00 - 44,Galo FA,,,,bfa-2023,Rua Bariri - Rio de Janeiro/RJ
2023-09-16 14:00:00,Sergipe Redentores,54 - 19,Santa Cruz Imortais,,,,bfa-2023,Aracaju/SE
2023-09-17 10:00:00,Vingadores FA,24 - 38,São Luís Sharks,,,,bfa-2023,Estádio Chico Vasques - Belém/PA
2023-09-17 14:00:00,Jangadeiros FA,24 - 14,Mossoró Petroleiros,,,,bfa-2023,Maceió/AL
2023-09-17 14:00:00,Recife Mariners,24 - 23,João Pessoa Espectros,,,,bfa-2023,Estádio do Arruda - Recife/PE
2023-09-17 14:00:00,Manaus FA,54 - 00,Remo Lions,,,,bfa-2023,Estádio Ismael Benigno - Manaus/AM
2023-09-23 15:00:00,Almirantes FA,56 - 14,Santa Maria Soldiers,,,,bfa-2023,Estádio Camilo Mussi - Itajaí/SC
2023-09-24 14:00:00,Istepôs FA,19 - 24,Juventude FA,,,,bfa-2023,Estádio Municipal Galeão - Canelinha/SC
2023-09-30 14:00:00,Cavalaria 2 de Julho,14 - 21,Carrancas FA,,,,bfa-2023,Camaçari/BA
2023-09-30 15:00:00,Cuiabá Arsenal,56 - 00,Porto Velho Miners,,,,bfa-2023,Dutrinha - Cuiabá/MT
2023-09-30 16:00:00,Galo FA,45 - 02,Locomotiva FA,,,,bfa-2023,CTE/UFMG - Belo Horizonte/MG
2023-10-01 13:30:00,Fortaleza Tritões,32 - 30,Ceará Caçadores,,,,bfa-2023,UNIFOR - Fortaleza/CE
2023-10-01 14:00:00,Mossoró Petroleiros,49 - 00,Caucaia Sabres,,,,bfa-2023,W.O.
2023-10-01 14:00:00,Jangadeiros FA,18 - 22,Sergipe Redentores,,,,bfa-2023,Maceió/AL
2023-10-01 14:00:00,Vasco Almirantes,30 - 14,Cruzeiro FA,,,,bfa-2023,Rua Bariri - Rio de Janeiro/RJ
2023-10-01 15:30:00,Santa Cruz Imortais,07 - 51,Recife Mariners,,,,bfa-2023,Cabo de Sto. Agostinho/PE
2023-10-07 18:00:00,Sorriso Hornets,54 - 00,Tubarões do Cerrado,,,,bfa-2023,Toca do Lobo - Sorriso/MT
2023-10-08 14:00:00,João Pessoa Espectros,54 - 00,Santa Cruz Imortais,,,,bfa-2023,Vila Olímpica Parahyba - João Pessoa/PB
2023-10-14 15:00:00,T-Rex,10 - 00,Istepôs FA,,,,bfa-2023,Complexo Esportivo - Timbó/SC
2023-10-14 16:00:00,Galo FA,49 - 07,Vasco Almirantes,,,,bfa-2023,CTE/UFMG - Belo Horizonte/MG
2023-10-15 14:00:00,Juventude FA,00 - 43,Almirantes FA,,,,bfa-2023,SESI - Caxias do Sul/RS
2023-10-15 14:00:44,João Pessoa Espectros,38 - 08,Carrancas FA,,-,,bfa-2023,
2023-10-15 17:00:55,Cuiabá Arsenal,16 - 06,Rondonópolis Hawks,,-,,bfa-2023,
2023-10-28 13:00:47,Fortaleza Tritões,40 - 13,Cavalaria 2 de Julho,,-,,bfa-2023,
2023-10-28 14:00:39,Almirantes FA,30 - 08,Santa Maria Soldiers,,-,,bfa-2023,
2023-10-28 17:00:06,T-Rex,17 - 00,Juventude FA,,-,,bfa-2023,
2023-10-28 18:00:18,Sorriso Hornets,22 - 13,Cuiabá Arsenal,,-,,bfa-2023,
2023-10-29 09:00:00,São Luís Sharks,08 - 42,Manaus FA,,-,,bfa-2023,
2023-10-29 14:00:48,Recife Mariners,34 - 13,João Pessoa Espectros,,-,,bfa-2023,
2023-10-29 14:00:51,Cruzeiro FA,34 - 22,Locomotiva FA,,-,,bfa-2023,
2023-11-11 14:00:21,Manaus FA,12 - 22,Sorriso Hornets,,-,,bfa-2023,
2023-11-11 16:00:53,Galo FA,27 - 00,Cruzeiro FA,,-,,bfa-2023,
2023-11-11 20:00:10,T-Rex,12 - 15,Almirantes FA,,-,,bfa-2023,
2023-11-12 14:00:10,Recife Mariners,41 - 20,Fortaleza Tritões,,-,,bfa-2023,
2023-11-25 15:00:11,Recife Mariners,06 - 25,Almirantes FA,,,,bfa-2023,
2023-11-25 18:00:49,Galo FA,42 - 06,Sorriso Hornets,,,,bfa-2023,
2023-12-16 15:00:34,Almirantes FA,14 - 21,Galo FA,,,,bfa-2023,
2023-08-05 14:00:00,Flamengo Imperadores,00 - 34,Galo FA,,,,brasileirao-2023,Louzadão - Mesquita/RJ
2023-08-06 10:00:00,Juiz de Fora Imperadores,06 - 16,Tritões FA,,,,brasileirao-2023,Juiz de Fora/MG
2023-08-19 17:00:00,Coritiba Crocodiles,44 - 07,Corinthians Steamrollers,,,,brasileirao-2023,Croco Stadium - Curitiba/PR
2023-08-20 10:00:00,Guarulhos Rhynos,39 - 03,Gama Leões de Judá,,,,brasileirao-2023,Guarulhos/SP
2023-08-20 14:00:00,Paraná HP,00 - 07,Brown Spiders,,,,brasileirao-2023,Centro Esportivo Fanático - Campo Largo/PR
2023-08-20 14:00:00,Rio Preto Weilers,31 - 14,Moura Lacerda Dragons,,,,brasileirao-2023,Teixeirão - S. J. do Rio Preto/SP
2023-08-26 18:30:00,Rio Football Academy,02 - 21,Galo FA,,,,brasileirao-2023,Centro de Futebol Zico - Rio de Janeiro/RJ
2023-09-03 10:00:00,Tritões FA,15 - 18,Flamengo Imperadores,,,,brasileirao-2023,
2023-09-03 14:00:00,Brown Spiders,00 - 30,Coritiba Crocodiles,,,,brasileirao-2023,Curitiba/PR
2023-09-03 14:00:00,Corinthians Steamrollers,43 - 15,Paraná HP,,,,brasileirao-2023,São José dos Campos/SP
2023-09-10 10:00:00,Guarulhos Rhynos,03 - 34,Rio Preto Weilers,,,,brasileirao-2023,Guarulhos/SP
2023-09-17 10:00:00,Gama Leões de Judá,09 - 21,Moura Lacerda Dragons,,,,brasileirao-2023,Gama/DF
2023-09-17 11:00:00,Galo FA,68 - 00,Juiz de Fora Imperadores,,,,brasileirao-2023,CTE/UFMG - Belo Horizonte/MG
2023-09-23 14:00:00,Flamengo Imperadores,06 - 13,Rio Football Academy,,,,brasileirao-2023,Estádio Correão - Cabo Frio/RJ
2023-09-24 09:00:00,Paraná HP,00 - 42,Rio Preto Weilers,,,,brasileirao-2023,Centro Esportivo Fanático - Campo Largo/PR
2023-09-24 14:00:00,Brown Spiders,06 - 16,Guarulhos Rhynos,,,,brasileirao-2023,Croco Stadium - Curitiba/PR
2023-09-30 15:00:00,Moura Lacerda Dragons,00 - 21,Coritiba Crocodiles,,,,brasileirao-2023,Campus Moura Lacerda - Ribeirão Preto/SP
2023-10-01 10:00:00,Gama Leões de Judá,00 - 32,Corinthians Steamrollers,,,,brasileirao-2023,Goiânia/GO
2023-10-07 16:00:00,Galo FA,50 - 00,Tritões FA,,,,brasileirao-2023,CTE/UFMG - Belo Horizonte/MG
2023-10-08 11:00:00,Juiz de Fora Imperadores,00 - 54,Rio Football Academy,,,,brasileirao-2023,Juiz de Fora/MG
2023-10-14 14:00:00,Coritiba Crocodiles,81 - 00,Paraná HP,,,,brasileirao-2023,Croco Stadium - Curitiba/PR
2023-10-21 14:00:00,Tritões FA,03 - 40,Rio Football Academy,,,,brasileirao-2023,Toca do Índio - Vila Velha/ES
2023-10-22 10:00:00,Corinthians Steamrollers,14 - 17,Brown Spiders,,,,brasileirao-2023,Centro Esportivo Dr. Pitico - Sorocaba/SP
2023-10-22 10:00:00,Rio Preto Weilers,54 - 00,Gama Leões de Judá,,,,brasileirao-2023,Teixeirão - S. J. do Rio Preto/SP
2023-10-22 10:00:00,Juiz de Fora Imperadores,00 - 39,Flamengo Imperadores,,,,brasileirao-2023,Juiz de Fora/MG
2023-10-22 14:00:00,Moura Lacerda Dragons,07 - 14,Guarulhos Rhynos,,,,brasileirao-2023,Campus Moura Lacerda - Ribeirão Preto/SP
2023-07-16 14:00:00,Erechim Coroados,33 - 00,Criciúma Iron Tigers,,,,brasileirao-2023,Erechim/RS
2023-07-16 14:00:00,São Bernardo Avengers,00 - 22,Spartans Football,,,,brasileirao-2023,CT Touchdown - São Paulo/SP
2023-07-16 14:30:00,Canoas Bulls,26 - 00,Gravataí Spartans,,,,brasileirao-2023,Canoas/RS
2023-07-23 10:00:00,Piracicaba Cane Cutters,19 - 26,Goiânia Saints,,,,brasileirao-2023,Piracicaba/SP
2023-07-23 14:00:00,Rio de Janeiro Captains,00 - 26,Macaé Oilers,,,,brasileirao-2023,Septiba/RJ
2023-07-23 14:30:00,Porto Alegre Pumpkins,41 - 00,Carlos Barbosa Ximangos,,,,brasileirao-2023,Coelhão - Guaíba/RS
2023-07-30 14:00:00,Ocelots FA,28 - 02,Vikings FA,,,,brasileirao-2023,Jundiaí/SP
2023-08-05 14:00:00,Erechim Coroados,17 - 00,São Miguel Indians,,,,brasileirao-2023,Erechim/RS
2023-08-06 10:00:00,Londrina Bristlebacks,50 - 13,Caraguá Ghostship,,,,brasileirao-2023,Estádio VGD - Londrina/PR
2023-08-06 14:00:00,Criciúma Iron Tigers,06 - 52,Canoas Bulls,,,,brasileirao-2023,SATC - Criciúma/SC
2023-08-06 14:00:00,PRC Guardian Saints,40 - 06,JEC Gladiators,,,,brasileirao-2023,Croco Stadium - Curitiba/PR
2023-08-19 10:00:00,Vikings FA,35 - 00,Piracicaba Cane Cutters,,,,brasileirao-2023,CT Touchdown - São Paulo/SP
2023-08-20 10:00:00,Caraguá Ghostship,07 - 00,Assis Captains,,,,brasileirao-2023,Caraguatatuba/SP
2023-08-20 10:00:00,Macaé Oilers,12 - 00,Tigres FA,,,,brasileirao-2023,Moacyrzão - Macaé/RJ
2023-08-26 14:00:00,Porto Alegre Pumpkins,47 - 00,JEC Gladiators,,,,brasileirao-2023,Coelhão - Guaíba/RS
2023-08-26 14:30:00,Goiânia Saints,08 - 30,Sorocaba Vipers,,,,brasileirao-2023,
2023-08-27 10:00:00,São Bernardo Avengers,44 - 06,Londrina Bristlebacks,,,,brasileirao-2023,Estádio Baetão - São Bernardo do Campo/SP
2023-08-27 10:30:00,Carlos Barbosa Ximangos,06 - 30,PRC Guardian Saints,,,,brasileirao-2023,Carlos Barbosa/RS
2023-09-02 18:00:00,São Miguel Indians,14 - 12,Canoas Bulls,,,,brasileirao-2023,Estádio Pr. Aurélio Canzi - São Miguel do Oeste/SC
2023-09-03 12:00:00,Rio de Janeiro Captains,00 - 37,Tigres FA,,,,brasileirao-2023,Septiba/RJ
2023-09-03 14:00:00,Gravataí Spartans,11 - 23,Criciúma Iron Tigers,,,,brasileirao-2023,Gravataí/RS
2023-09-09 09:00:00,Assis Captains,00 - 48,Londrina Bristlebacks,,,,brasileirao-2023,Assis/SP
2023-09-09 14:00:00,PRC Guardian Saints,13 - 27,Porto Alegre Pumpkins,,,,brasileirao-2023,Croco Stadium - Curitiba/PR
2023-09-10 10:00:00,Caraguá Ghostship,00 - 52,Spartans Football,,,,brasileirao-2023,
2023-09-10 10:00:00,Sorocaba Vipers,20 - 28,Vikings FA,,,,brasileirao-2023,Jundiaí/SP
2023-09-10 14:00:00,Ocelots FA,52 - 00,Piracicaba Cane Cutters,,,,brasileirao-2023,Jundiaí/SP
2023-09-16 14:00:00,JEC Gladiators,18 - 20,Carlos Barbosa Ximangos,,,,brasileirao-2023,Grêmio Whirlpool - Joinville/SC
2023-09-17 10:00:00,Macaé Oilers,46 - 06,Rio de Janeiro Captains,,,,brasileirao-2023,Estádio do Expedicionário - Macaé/RJ
2023-09-23 16:00:00,São Miguel Indians,51 - 02,Gravataí Spartans,,,,brasileirao-2023,Estádio Pr. Aurélio Canzi - São Miguel do Oeste/SC
2023-09-24 10:00:00,Assis Captains,00 - 61,São Bernardo Avengers,,,,brasileirao-2023,Assis/SP
2023-09-24 14:00:00,Londrina Bristlebacks,07 - 51,Spartans Football,,,,brasileirao-2023,Assis/SP
2023-10-01 10:00:00,Goiânia Saints,00 - 43,Ocelots FA,,,,brasileirao-2023,Clube de Campo Empyreo - Leme/SP
2023-10-01 10:30:00,Carlos Barbosa Ximangos,06 - 48,Porto Alegre Pumpkins,,,,brasileirao-2023,Carlos Barbosa/RS
2023-10-01 14:00:00,Piracicaba Cane Cutters,08 - 64,Sorocaba Vipers,,,,brasileirao-2023,Clube de Campo Empyreo - Leme/SP
2023-10-08 10:00:00,Gravataí Spartans,00 - 55,Erechim Coroados,,,,brasileirao-2023,Gravataí/RS
2023-10-08 10:00:00,Tigres FA,07 - 06,Macaé Oilers,,,,brasileirao-2023,Ipatingão - Ipatinga/MG
2023-10-14 10:00:00,Caraguá Ghostship,00 - 47,São Bernardo Avengers,,,,brasileirao-2023,Mauá/SP
2023-10-21 00:00:00,Vikings FA,49 - 00,Goiânia Saints,,,,brasileirao-2023,W.O.
2023-10-21 00:00:00,Tigres FA,49 - 00,Rio de Janeiro Captains,,,,brasileirao-2023,W.O.
2023-10-22 08:00:00,Spartans Football,84 - 06,Assis Captains,,,,brasileirao-2023,CT Touchdown - São Paulo/SP
2023-10-22 10:00:00,Criciúma Iron Tigers,06 - 32,São Miguel Indians,,,,brasileirao-2023,SATC - Criciúma/SC
2023-10-22 14:00:00,Sorocaba Vipers,00 - 26,Ocelots FA,,,,brasileirao-2023,Centro Esportivo Dr. Pitico - Sorocaba/SP
2023-10-22 14:30:00,Canoas Bulls,14 - 00,Erechim Coroados,,,,brasileirao-2023,Centro Olímpico - Canoas/RS
2023-10-29 14:30:00,JEC Gladiators,00 - 49,PRC Guardian Saints,,,,brasileirao-2023,W.O.
2023-11-11 14:30:58,Rio Football Academy,24 - 14,Guarulhos Rhynos,,,,brasileirao-2023,
2023-11-11 15:00:32,Coritiba Crocodiles,42 - 00,Corinthians Steamrollers,,,,brasileirao-2023,
2023-11-12 09:30:34,Rio Preto Weilers,35 - 07,Brown Spiders,,,,brasileirao-2023,
2023-11-18 17:00:12,Galo FA,42 - 00,Flamengo Imperadores,,,,brasileirao-2023,
2023-11-26 10:30:42,Coritiba Crocodiles,13 - 24,Rio Preto Weilers,,,,brasileirao-2023,
2023-12-03 12:00:41,Galo FA,14 - 11,Rio Football Academy,,,,brasileirao-2023,
2023-12-09 18:00:39,Galo FA,07 - 16,Rio Preto Weilers,,,,brasileirao-2023,
2023-11-05 12:00:38,Porto Alegre Pumpkins,20 - 13,Erechim Coroados,,,,brasileirao-2023,
2023-11-05 14:00:22,Ocelots FA,22 - 09,São Bernardo Avengers,,,,brasileirao-2023,
2023-11-12 10:00:05,Canoas Bulls,07 - 06,Guardian Saints,,,,brasileirao-2023,
2023-11-12 10:00:10,Spartans Football,43 - 00,Macaé Oilers,,,,brasileirao-2023,
2023-11-26 15:00:32,Porto Alegre Pumpkins,13 - 10,Canoas Bulls,,,,brasileirao-2023,
2023-02-18 00:00:22,Salgueiros Renegades,21 - 20,Lisboa Navigators,,,,liga-portuguesa-2023,
2023-02-19 15:00:00,Lisboa Lions,20 - 28,Cascais Crusaders,,,,liga-portuguesa-2023,
2023-02-25 15:00:00,Braga Warriors,13 - 14,Mutts CFA,,,,liga-portuguesa-2023,
2023-03-04 12:00:00,Cascais Crusaders,34 - 08,Lisboa Navigators,,,,liga-portuguesa-2023,
2023-03-05 15:00:00,Braga Warriors,42 - 28,Lisboa Lions,,,,liga-portuguesa-2023,
2023-03-11 00:00:29,Mutts CFA,03 - 36,Lisboa Devils,,,,liga-portuguesa-2023,
2023-03-12 15:00:00,Cascais Crusaders,41 - 18,Salgueiros Renegades,,,,liga-portuguesa-2023,
2023-03-18 00:00:05,Lisboa Devils,38 - 19,Lisboa Lions,,,,liga-portuguesa-2023,
2023-03-25 15:00:00,Lisboa Navigators,15 - 21,Mutts CFA,,,,liga-portuguesa-2023,
2023-03-26 00:00:56,Salgueiros Renegades,20 - 02,Braga Warriors,,,,liga-portuguesa-2023,
2023-04-01 00:00:02,Lisboa Lions,19 - 18,Lisboa Navigators,,,,liga-portuguesa-2023,
2023-04-02 00:00:16,Cascais Crusaders,21 - 13,Lisboa Devils,,,,liga-portuguesa-2023,
2023-04-15 00:00:08,Lisboa Devils,41 - 00,Braga Warriors,,,,liga-portuguesa-2023,
2023-04-15 00:00:34,Mutts CFA,00 - 12,Salgueiros Renegades,,,,liga-portuguesa-2023,
2023-04-22 00:00:34,Mutts CFA,00 - 35,Cascais Crusaders,,,,liga-portuguesa-2023,
2023-04-30 15:00:00,Lisboa Navigators,20 - 19,Lisboa Devils,,,,liga-portuguesa-2023,
2023-05-06 00:00:55,Lisboa Lions,13 - 33,Mutts CFA,,,,liga-portuguesa-2023,
2023-05-07 00:00:28,Braga Warriors,12 - 21,Cascais Crusaders,,,,liga-portuguesa-2023,
2023-05-12 00:00:00,Lisboa Devils,41 - 13,Salgueiros Renegades,,,,liga-portuguesa-2023,
2023-05-20 15:00:00,Lisboa Navigators,20 - 12,Braga Warriors,,,,liga-portuguesa-2023,
2023-05-21 00:00:47,Salgueiros Renegades,20 - 20,Lisboa Lions,,,,liga-portuguesa-2023,
2023-06-03 00:00:13,Lisboa Devils,31 - 17,Salgueiros Renegades,,,,liga-portuguesa-2023,
2023-06-04 00:00:26,Cascais Crusaders,34 - 00,Mutts CFA,,,,liga-portuguesa-2023,
2023-06-17 00:00:43,Cascais Crusaders,27 - 21,Lisboa Devils,,,,liga-portuguesa-2023,
2023-03-05 10:00:00,Tigres FA,02 - 22,Locomotiva FA,,,,campeonato-mineiro-2023,Ipatingão - Ipatinga/MG
2023-03-12 10:00:00,Juiz de Fora Imperadores,42 - 00,Pouso Alegre Gladiadores,,,,campeonato-mineiro-2023,Juiz de Fora/MG
2023-03-18 13:00:00,Locomotiva FA,46 - 00,Golden Lions,,,,campeonato-mineiro-2023,Faculdade Universo - Belo Horizonte/MG
2023-03-25 10:00:00,Pouso Alegre Gladiadores,20 - 00,Uberlândia Lobos,,,,campeonato-mineiro-2023,Estádio Municipal - São Sebastião da Bela Vista/MG
2023-04-09 10:00:00,Uberlândia Lobos,03 - 39,Juiz de Fora Imperadores,,,,campeonato-mineiro-2023,Contagem/MG
2023-04-09 14:00:00,Golden Lions,06 - 40,Tigres FA,,,,campeonato-mineiro-2023,Contagem/MG
2023-04-21 18:00:05,Pouso Alegre Gladiadores,39 - 00,Golden Lions,,,,campeonato-mineiro-2023,
2023-04-23 10:00:59,Tigres FA,06 - 03,Uberlândia Lobos,,,,campeonato-mineiro-2023,
2023-05-06 15:00:03,Locomotiva FA,29 - 00,Tigres FA,,,,campeonato-mineiro-2023,
2023-05-07 10:00:04,Juiz de Fora Imperadores,49 - 00,Pouso Alegre Gladiadores,,,,campeonato-mineiro-2023,
2023-05-27 14:00:42,Galo FA,55 - 00,Pouso Alegre Gladiadores,,,,campeonato-mineiro-2023,
2023-05-28 00:00:48,Cruzeiro FA,00 - 49,Tigres FA,,,,campeonato-mineiro-2023,
2023-05-28 10:00:52,Juiz de Fora Imperadores,20 - 37,Locomotiva FA,,,,campeonato-mineiro-2023,
2023-06-11 10:00:11,Locomotiva FA,51 - 06,Tigres FA,,,,campeonato-mineiro-2023,
2023-06-11 14:00:02,Galo FA,48 - 00,Juiz de Fora Imperadores,,,,campeonato-mineiro-2023,
2023-06-25 15:00:08,Galo FA,37 - 00,Locomotiva FA,,,,campeonato-mineiro-2023,
2023-03-05 09:00:00,Caruaru Wolves,07 - 06,Santa Cruz Pirates,,-,,copa-nordeste-2023,CT Ninho do Gavião - Caruaru/PE
2023-03-25 16:00:00,Santa Cruz Pirates,28 - 14,Mariners Development,,-,,copa-nordeste-2023,Cabo de Sto. Agostinho/PE
2023-03-26 09:00:00,Caucaia Sabres,08 - 18,Ceará Bulldogs,,-,,copa-nordeste-2023,Caucaia/CE
2023-04-16 09:00:00,Ceará Bulldogs,02 - 08,Caucaia Sabres,,-,,copa-nordeste-2023,Estádio Almir Dutra - Maracanaú/CE
2023-04-16 14:00:00,Tropa Campina,07 - 14,Patos FA,,-,,copa-nordeste-2023,Campina Grande/PB
2023-04-23 14:00:00,Patos FA,22 - 11,Parnamirim Scorpions,,-,,copa-nordeste-2023,"Estádio Municipal ""O Dorjão"" - Teixeira/PB"
2023-04-23 14:00:00,Mariners Development,13 - 06,Caruaru Wolves,,-,,copa-nordeste-2023,Arena de Pernambuco - São Lourenço da Mata/PE
2023-05-07 16:00:00,Parnamirim Scorpions,28 - 00,Tropa Campina,,-,,copa-nordeste-2023,Estádio do Potiguar - Parnamirim/RN
2023-05-21 10:00:40,Caruaru Wolves,17 - 00,Ceará Bulldogs,,,,copa-nordeste-2023,
2023-06-04 10:00:04,Patos FA,27 - 08,Caruaru Wolves,,,,copa-nordeste-2023,
2023-01-28 09:00:00,Valença Hunters,06 - 00,Recreio Tigers,,,,carioca-bowl-2023,Praia de Botafogo - Rio de Janeiro/RJ
2023-01-28 09:00:00,Falcões,13 - 06,Dark Owls FA,,,,carioca-bowl-2023,Praia de Botafogo - Rio de Janeiro/RJ
2023-01-28 10:30:00,Botafogo Reptiles,06 - 28,Hammerheads,,,,carioca-bowl-2023,Praia de Botafogo - Rio de Janeiro/RJ
2023-01-28 10:30:00,Mamutes FA,12 - 00,Piratas de Copacabana,,,,carioca-bowl-2023,Praia de Botafogo - Rio de Janeiro/RJ
2023-01-28 14:00:00,Recreio Tigers,00 - 28,Falcões,,,,carioca-bowl-2023,Praia de Botafogo - Rio de Janeiro/RJ
2023-01-28 14:00:00,Valença Hunters,00 - 14,Dark Owls FA,,,,carioca-bowl-2023,Praia de Botafogo - Rio de Janeiro/RJ
2023-01-28 15:30:00,Hammerheads,06 - 00,Mamutes FA,,,,carioca-bowl-2023,Praia de Botafogo - Rio de Janeiro/RJ
2023-01-28 15:30:00,Botafogo Reptiles,09 - 08,Piratas de Copacabana,,,,carioca-bowl-2023,Praia de Botafogo - Rio de Janeiro/RJ
2023-01-29 09:00:00,Valença Hunters,06 - 26,Falcões,,,,carioca-bowl-2023,Praia de Botafogo - Rio de Janeiro/RJ
2023-01-29 09:00:00,Recreio Tigers,08 - 20,Dark Owls FA,,,,carioca-bowl-2023,Praia de Botafogo - Rio de Janeiro/RJ
2023-01-29 10:30:00,Hammerheads,07 - 06,Piratas de Copacabana,,,,carioca-bowl-2023,Praia de Botafogo - Rio de Janeiro/RJ
2023-01-29 10:30:00,Botafogo Reptiles,14 - 00,Mamutes FA,,,,carioca-bowl-2023,Praia de Botafogo - Rio de Janeiro/RJ
2023-01-29 14:00:00,Hammerheads,25 - 14,Dark Owls FA,,,,carioca-bowl-2023,
2023-01-29 14:00:00,Falcões,20 - 00,Botafogo Reptiles,,,,carioca-bowl-2023,
2023-01-29 16:00:00,Falcões,27 - 07,Hammerheads,,,,carioca-bowl-2023,
2023-03-12 14:00:00,Coritiba Crocodiles,60 - 00,Maringá Pyros,,,,campeonato-paranaense-2023,Croco Stadium - Curitiba/PR
2023-03-12 14:00:00,Londrina Bristlebacks,14 - 07,Cascavel Olympians,,,,campeonato-paranaense-2023,Estádio Uady Chaiben - Londrina/PR
2023-03-19 09:30:00,Brown Spiders,38 - 00,Curitiba Lions,,,,campeonato-paranaense-2023,Centro Esportivo Fanático - Campo Largo/PR
2023-03-19 14:00:00,Paraná HP,24 - 00,Ponta Grossa Phantoms,,,,campeonato-paranaense-2023,Centro Esportivo Fanático - Campo Largo/PR
2023-04-02 10:00:00,Maringá Pyros,00 - 27,Paraná HP,,,,campeonato-paranaense-2023,Maringá/PR
2023-04-02 14:00:00,Curitiba Lions,00 - 39,Londrina Bristlebacks,,,,campeonato-paranaense-2023,Croco Stadium - Curitiba/PR
2023-04-16 09:30:00,Ponta Grossa Phantoms,00 - 55,Coritiba Crocodiles,,,,campeonato-paranaense-2023,Croco Stadium - Curitiba/PR
2023-04-16 14:00:00,Curitiba Lions,00 - 55,PRC Guardian Saints,,,,campeonato-paranaense-2023,Croco Stadium - Curitiba/PR
2023-04-23 14:00:00,Londrina Bristlebacks,03 - 06,Brown Spiders,,,,campeonato-paranaense-2023,Estádio VGD - Londrina/PR
2023-04-30 14:00:00,Maringá Pyros,14 - 22,Ponta Grossa Phantoms,,,,campeonato-paranaense-2023,Maringá/PR
2023-05-07 09:30:00,PRC Guardian Saints,05 - 24,Brown Spiders,,,,campeonato-paranaense-2023,Croco Stadium - Curitiba/PR
2023-05-07 10:00:00,Cascavel Olympians,26 - 00,Curitiba Lions,,,,campeonato-paranaense-2023,Cascavel/PR
2023-05-07 14:00:00,Coritiba Crocodiles,33 - 00,Paraná HP,,,,campeonato-paranaense-2023,Croco Stadium - Curitiba/PR
2023-05-20 14:00:00,Brown Spiders,38 - 00,Cascavel Olympians,,,,campeonato-paranaense-2023,Centro Esportivo Fanático - Campo Largo/PR
2023-05-21 14:00:00,PRC Guardian Saints,18 - 14,Londrina Bristlebacks,,,,campeonato-paranaense-2023,Croco Stadium - Curitiba/PR
2023-05-27 14:00:00,Cascavel Olympians,00 - 18,PRC Guardian Saints,,,,campeonato-paranaense-2023,Cascavel/PR
2023-06-04 14:00:00,Ponta Grossa Phantoms,49 - 00,Cascavel Olympians,,,,campeonato-paranaense-2023,
2023-06-04 14:00:00,Londrina Bristlebacks,37 - 14,Maringá Pyros,,,,campeonato-paranaense-2023,
2023-06-17 14:00:00,Brown Spiders,14 - 00,Paraná HP,,,,campeonato-paranaense-2023,
2023-06-18 14:00:00,Coritiba Crocodiles,41 - 06,Guardian Saints,,,,campeonato-paranaense-2023,
2023-07-02 14:00:00,Ponta Grossa Phantoms,00 - 19,Londrina Bristlebacks,,,,campeonato-paranaense-2023,
2023-07-23 14:00:00,Brown Spiders,00 - 42,Coritiba Crocodiles,,,,campeonato-paranaense-2023,
2023-03-05 10:00:00,Empyreo Leme Lizards,13 - 16,Ocelots FA,,,,sao-paulo-football-league-2023,Clube de Campo Empyreo - Leme/SP
2023-03-05 14:00:00,Rio Preto Weilers,48 - 00,São Bernardo Avengers,,,,sao-paulo-football-league-2023,Teixeirão - S. J. do Rio Preto/SP
2023-03-12 10:00:00,Vikings FA,00 - 41,Guarulhos Rhynos,,,,sao-paulo-football-league-2023,Ribeirão Pires/SP
2023-03-12 14:00:00,Moura Lacerda Dragons,42 - 06,Guarani Indians,,,,sao-paulo-football-league-2023,Campus Moura Lacerda - Ribeirão Preto/SP
2023-03-19 14:00:00,Corinthians Steamrollers,29 - 14,Empyreo Leme Lizards,,,,sao-paulo-football-league-2023,CT Touchdown - São Paulo/SP
2023-03-19 14:00:00,Ocelots FA,31 - 30,São Bernardo Avengers,,,,sao-paulo-football-league-2023,Jundiaí/SP
2023-03-26 10:00:00,Vikings FA,02 - 37,Moura Lacerda Dragons,,,,sao-paulo-football-league-2023,Parque Municipal do Tatuapé - São Paulo/SP
2023-03-26 14:00:00,Guarulhos Rhynos,14 - 14,Spartans Football,,,,sao-paulo-football-league-2023,CT Touchdown - São Paulo/SP
2023-04-02 14:00:00,Corinthians Steamrollers,07 - 16,São Bernardo Avengers,,,,sao-paulo-football-league-2023,Estádio Baetão - São Bernardo do Campo/SP
2023-04-16 14:00:00,Spartans Football,41 - 06,Guarani Indians,,,,sao-paulo-football-league-2023,CT Touchdown - São Paulo/SP
2023-04-23 10:00:00,Moura Lacerda Dragons,13 - 19,Guarulhos Rhynos,,,,sao-paulo-football-league-2023,Sorocaba/SP
2023-04-23 10:00:00,São Bernardo Avengers,16 - 34,Empyreo Leme Lizards,,,,sao-paulo-football-league-2023,Jundiaí/SP
2023-04-23 14:00:00,Corinthians Steamrollers,36 - 42,Ocelots FA,,,,sao-paulo-football-league-2023,Jundiaí/SP
2023-04-30 14:00:00,Spartans Football,21 - 07,Vikings FA,,,,sao-paulo-football-league-2023,CT Touchdown - São Paulo/SP
2023-05-07 10:00:00,Rio Preto Weilers,42 - 00,Ocelots FA,,,,sao-paulo-football-league-2023,Valinhos/SP
2023-05-07 14:00:00,Guarani Indians,21 - 07,Guarulhos Rhynos,,,,sao-paulo-football-league-2023,Valinhos/SP
2023-05-21 10:00:00,Guarani Indians,41 - 21,Vikings FA,,,,sao-paulo-football-league-2023,Jundiaí/SP
2023-05-21 10:00:00,Moura Lacerda Dragons,20 - 07,Spartans Football,,,,sao-paulo-football-league-2023,Campus Moura Lacerda - Ribeirão Preto/SP
2023-05-21 14:00:00,Corinthians Steamrollers,07 - 31,Rio Preto Weilers,,,,sao-paulo-football-league-2023,Jundiaí/SP
2023-05-28 10:00:00,Empyreo Leme Lizards,07 - 31,Rio Preto Weilers,,,,sao-paulo-football-league-2023,Clube de Campo Empyreo - Leme/SP
2023-03-19 10:00:00,Santos Tsunami,06 - 00,Werewolves Football,,,,sao-paulo-football-league-2023,CT Touchdown - São Paulo/SP
2023-03-19 10:00:00,Franca Carrascos,14 - 32,Cruzeiro Guardians,,,,sao-paulo-football-league-2023,Jundiaí/SP
2023-03-26 10:00:00,Sorocaba Vipers,18 - 08,Rhynos Academy,,,,sao-paulo-football-league-2023,CT Touchdown - São Paulo/SP
2023-03-26 14:00:00,São Paulo Storm,12 - 03,Tatuapé Monsters,,,,sao-paulo-football-league-2023,Parque Municipal do Tatuapé - São Paulo/SP
2023-04-02 10:00:00,Franca Carrascos,08 - 07,Werewolves Football,,,,sao-paulo-football-league-2023,Clube de Campo Empyreo - Leme/SP
2023-04-16 10:00:00,São Paulo Storm,12 - 28,Rhynos Academy,,,,sao-paulo-football-league-2023,CT Touchdown - São Paulo/SP
2023-04-16 14:00:00,Cruzeiro Guardians,15 - 06,Santos Tsunami,,,,sao-paulo-football-league-2023,Estádio Municipal - Cruzeiro/SP
2023-04-23 14:00:00,Sorocaba Vipers,50 - 07,Tatuapé Monsters,,,,sao-paulo-football-league-2023,Sorocaba/SP
2023-04-30 10:00:00,Werewolves Football,07 - 28,Cruzeiro Guardians,,,,sao-paulo-football-league-2023,CT Touchdown - São Paulo/SP
2023-04-30 10:00:00,Franca Carrascos,12 - 20,Santos Tsunami,,,,sao-paulo-football-league-2023,Ginásio Champagnat - Franca/SP
2023-05-07 10:00:00,Tatuapé Monsters,00 - 35,Rhynos Academy,,,,sao-paulo-football-league-2023,Valinhos/SP
2023-05-07 14:00:00,Sorocaba Vipers,12 - 00,São Paulo Storm,,,,sao-paulo-football-league-2023,CT Touchdown - São Paulo/SP
2023-03-26 14:00:00,Guarás FA,40 - 00,Ponte Preta Gorilas,,,,sao-paulo-football-league-2023,Estádio Municipal - Areiópolis/SP
2023-04-02 10:00:00,Mooca Destroyers,17 - 00,ABC Corsários,,,,sao-paulo-football-league-2023,Estádio Baetão - São Bernardo do Campo/SP
2023-04-16 09:30:00,Assis Captains,06 - 33,Guarás FA,,,,sao-paulo-football-league-2023,Assis/SP
2023-04-16 10:00:00,Taubaté Football,00 - 19,Caraguá Ghostship,,,,sao-paulo-football-league-2023,Estádio Municipal - Cruzeiro/SP
2023-04-30 10:00:00,ABC Corsários,13 - 09,Taubaté Football,,,,sao-paulo-football-league-2023,Caraguatatuba/SP
2023-04-30 14:00:00,Caraguá Ghostship,07 - 06,Mooca Destroyers,,,,sao-paulo-football-league-2023,Caraguatatuba/SP
2023-05-07 14:00:00,Ponte Preta Gorilas,02 - 26,Assis Captains,,,,sao-paulo-football-league-2023,Valinhos/SP
2023-06-04 10:00:01,Ocelots FA,15 - 39,Guarulhos Rhynos,,,,sao-paulo-football-league-2023,
2023-06-04 14:00:40,Spartans Football,20 - 23,Corinthians Steamrollers,,,,sao-paulo-football-league-2023,
2023-06-18 10:00:23,Rio Preto Weilers,28 - 03,Guarulhos Rhynos,,,,sao-paulo-football-league-2023,
2023-06-18 14:00:25,Moura Lacerda Dragons,28 - 26,Corinthians Steamrollers,,,,sao-paulo-football-league-2023,
2023-07-02 14:00:09,Moura Lacerda Dragons,14 - 21,Rio Preto Weilers,,,,sao-paulo-football-league-2023,
2023-05-28 10:00:49,Rhynos Academy,35 - 08,Franca Carrascos,,,,sao-paulo-football-league-2023,
2023-05-28 14:00:13,Santos Tsunami,03 - 08,São Paulo Storm,,,,sao-paulo-football-league-2023,
2023-06-11 10:00:05,Cruzeiro Guardians,00 - 20,Rhynos Academy,,,,sao-paulo-football-league-2023,
2023-06-11 14:00:02,Sorocaba Vipers,28 - 07,São Paulo Storm,,,,sao-paulo-football-league-2023,
2023-07-01 14:00:10,Sorocaba Vipers,20 - 07,Rhynos Academy,,,,sao-paulo-football-league-2023,
2023-05-28 10:00:43,Assis Captains,02 - 06,ABC Corsários,,,,sao-paulo-football-league-2023,
2023-05-28 14:00:56,Mooca Destroyers,12 - 06,Taubaté Football,,,,sao-paulo-football-league-2023,
2023-06-11 10:00:13,Guarás FA,21 - 07,ABC Corsários,,,,sao-paulo-football-league-2023,
2023-06-11 14:00:02,Caraguá Ghostship,06 - 00,Mooca Destroyers,,,,sao-paulo-football-league-2023,
2023-06-25 10:00:08,Guarás FA,28 - 00,Caraguá Ghostship,,,,sao-paulo-football-league-2023,
2023-03-12 14:30:00,Canoas Bulls,07 - 49,Santa Maria Soldiers,,,,campeonato-gaucho-2023,Centro Olímpico - Canoas/RS
2023-03-12 14:30:00,Porto Alegre Pumpkins,34 - 06,Carlos Barbosa Ximangos,,,,campeonato-gaucho-2023,Coelhão - Guaíba/RS
2023-03-26 14:30:00,Santa Maria Soldiers,74 - 00,Gravataí Spartans,,,,campeonato-gaucho-2023,Estádio dos Eucaliptos - Santa Maria/RS
2023-03-26 14:30:00,Erechim Coroados,03 - 35,Porto Alegre Pumpkins,,,,campeonato-gaucho-2023,Erechim/RS
2023-04-16 14:00:00,Gravataí Spartans,07 - 40,Canoas Bulls,,,,campeonato-gaucho-2023,Gravataí/RS
2023-04-16 14:30:00,Carlos Barbosa Ximangos,07 - 13,Erechim Coroados,,,,campeonato-gaucho-2023,Carlos Barbosa/RS
2023-04-30 14:00:45,Santa Maria Soldiers,43 - 00,Erechim Coroados,,,,campeonato-gaucho-2023,
2023-04-30 14:30:06,Porto Alegre Pumpkins,34 - 20,Canoas Bulls,,,,campeonato-gaucho-2023,
2023-05-28 14:00:01,Santa Maria Soldiers,32 - 14,Porto Alegre Pumpkins,,,,campeonato-gaucho-2023,
