Data,Mandante,Hor/Res,Visitante,Torneio,Campo,Fase,0,Temporada
2022-11-05 18:00:28,Juventude FA,03 - 00,Istepôs FA,taca-brasil-2022,,,,
2022-11-12 17:00:04,Cruzeiro FA,19 - 00,Sorriso Hornets,taca-brasil-2022,,,,
2022-11-13 11:00:09,Vasco Almirantes,03 - 06,Flamengo Imperadores,taca-brasil-2022,,,,
2023-03-18 17:00:34,Galo FA,15 - 22,Rio Preto Weilers,taca-brasil-2022,,,,
2023-03-25 16:00:37,Juventude FA,14 - 09,Flamengo Imperadores,taca-brasil-2022,,,,
2023-04-01 17:00:36,Cruzeiro FA,18 - 49,Rio Preto Weilers,taca-brasil-2022,,,,
2023-07-29 14:00:54,Rio Preto Weilers,16 - 00,Juventude FA,taca-brasil-2022,,,,
2022-09-17 14:00:45,Francisco Beltrão Red Feet,06 - 17,São Miguel Indians,copa-pr-2022,,,,
2022-09-25 14:00:25,Ponta Grossa Phantoms,16 - 06,Londrina Titans,copa-pr-2022,,,,
2022-10-15 14:00:53,Cascavel Olympians,12 - 09,Ponta Grossa Phantoms,copa-pr-2022,,,,
2022-10-16 14:00:27,Londrina Titans,00 - 00,Francisco Beltrão Red Feet,copa-pr-2022,,,,
2022-11-06 10:00:49,Ponta Grossa Phantoms,21 - 13,Francisco Beltrão Red Feet,copa-pr-2022,,,,
2022-11-20 10:00:09,São Miguel Indians,19 - 00,Cascavel Olympians,copa-pr-2022,,,,
2011-04-02 14:00:00,JEC Gladiators,59 - 00,Tubarão Predadores,campeonato-catarinense-2011,,,,
2011-04-03 14:00:00,Corupá Buffalos,39 - 06,Brusque Admirals,campeonato-catarinense-2011,,,,
2011-04-03 14:00:00,Istepôs FA,44 - 00,Blumenau Riesen,campeonato-catarinense-2011,,,,
2011-04-10 14:00:00,T-Rex,10 - 16,Jaraguá Breakers,campeonato-catarinense-2011,,,,
2011-04-16 14:00:00,Jaraguá Breakers,27 - 17,Istepôs FA,campeonato-catarinense-2011,,,,
2011-04-16 14:00:32,T-Rex,49 - 00,Blumenau Riesen,campeonato-catarinense-2011,,,,
2011-04-17 14:00:00,Tubarão Predadores,00 - 43,Corupá Buffalos,campeonato-catarinense-2011,,,,
2011-04-17 14:00:00,Brusque Admirals,16 - 50,JEC Gladiators,campeonato-catarinense-2011,,,,
2011-04-30 14:00:00,Istepôs FA,84 - 00,Tubarão Predadores,campeonato-catarinense-2011,,,,
2011-04-30 14:00:00,Corupá Buffalos,39 - 12,Blumenau Riesen,campeonato-catarinense-2011,,,,
2011-05-01 14:00:00,T-Rex,12 - 00,Brusque Admirals,campeonato-catarinense-2011,,,,
2011-05-01 14:00:00,JEC Gladiators,12 - 06,Jaraguá Breakers,campeonato-catarinense-2011,,,,
2011-05-06 14:00:00,Istepôs FA,31 - 00,Jaraguá Breakers,campeonato-catarinense-2011,,,,
2011-05-08 14:00:00,Jaraguá Breakers,14 - 15,Blumenau Riesen,campeonato-catarinense-2011,,,,
2011-05-08 14:00:00,JEC Gladiators,21 - 06,Corupá Buffalos,campeonato-catarinense-2011,,,,
2011-05-21 14:00:00,Blumenau Riesen,00 - 25,Istepôs FA,campeonato-catarinense-2011,,,,
2011-05-22 14:00:00,Tubarão Predadores,00 - 45,JEC Gladiators,campeonato-catarinense-2011,,,,
2011-05-22 14:00:00,Jaraguá Breakers,12 - 13,T-Rex,campeonato-catarinense-2011,,,,
2011-05-28 14:00:00,Brusque Admirals,00 - 35,Corupá Buffalos,campeonato-catarinense-2011,,,,
2011-06-05 14:00:00,T-Rex,12 - 00,Blumenau Riesen,campeonato-catarinense-2011,,,,
2011-06-05 14:00:00,Corupá Buffalos,62 - 07,Tubarão Predadores,campeonato-catarinense-2011,,,,
2011-06-11 14:00:00,Jaraguá Breakers,00 - 08,Corupá Buffalos,campeonato-catarinense-2011,,,,
2011-06-11 14:00:00,Blumenau Riesen,00 - 48,JEC Gladiators,campeonato-catarinense-2011,,,,
2011-06-12 14:00:00,Brusque Admirals,00 - 49,Istepôs FA,campeonato-catarinense-2011,,,,
2011-06-12 14:00:00,T-Rex,34 - 00,Tubarão Predadores,campeonato-catarinense-2011,,,,
2011-06-18 14:00:00,JEC Gladiators,66 - 06,Brusque Admirals,campeonato-catarinense-2011,,,,
2011-06-25 14:00:00,Tubarão Predadores,49 - 00,Brusque Admirals,campeonato-catarinense-2011,,,,
2011-06-25 14:00:00,Blumenau Riesen,00 - 06,Jaraguá Breakers,campeonato-catarinense-2011,,,,
2011-06-26 14:00:00,T-Rex,10 - 06,Istepôs FA,campeonato-catarinense-2011,,,,
2011-06-26 14:00:00,Corupá Buffalos,07 - 20,JEC Gladiators,campeonato-catarinense-2011,,,,
2011-07-05 14:00:00,Istepôs FA,13 - 10,T-Rex,campeonato-catarinense-2011,,,,
2011-07-05 14:00:00,Brusque Admirals,49 - 09,Tubarão Predadores,campeonato-catarinense-2011,,,,
2011-07-09 14:00:00,Istepôs FA,18 - 21,Corupá Buffalos,campeonato-catarinense-2011,,,,
2011-07-10 14:00:00,Joinville Gladiators,28 - 07,Jaraguá Breakers,campeonato-catarinense-2011,,,,
2011-07-23 14:00:00,Joinville Gladiators,35 - 12,Corupá Buffalos,campeonato-catarinense-2011,,,,
2010-04-07 14:00:00,JEC Gladiators,21 - 16,Jaraguá Breakers,campeonato-catarinense-2010,,,,
2010-05-01 14:00:00,Jaraguá Breakers,06 - 22,T-Rex,campeonato-catarinense-2010,,,,
2010-05-02 14:00:00,JEC Gladiators,51 - 06,Corupá Buffalos,campeonato-catarinense-2010,,,,
2010-05-02 14:00:00,Blumenau Riesen,07 - 21,Istepôs FA,campeonato-catarinense-2010,,,,
2010-05-09 14:00:00,Istepôs FA,36 - 00,Tubarão Predadores,campeonato-catarinense-2010,,,,
2010-05-15 14:00:00,Jaraguá Breakers,07 - 54,JEC Gladiators,campeonato-catarinense-2010,,,,
2010-05-16 14:00:00,Corupá Buffalos,19 - 26,T-Rex,campeonato-catarinense-2010,,,,
2010-05-16 14:00:00,Tubarão Predadores,00 - 45,Brusque Admirals,campeonato-catarinense-2010,,,,
2010-05-22 14:00:00,Corupá Buffalos,07 - 16,Jaraguá Breakers,campeonato-catarinense-2010,,,,
2010-05-23 14:00:00,T-Rex,00 - 28,JEC Gladiators,campeonato-catarinense-2010,,,,
2010-05-23 14:00:00,Blumenau Riesen,21 - 00,Tubarão Predadores,campeonato-catarinense-2010,,,,
2010-05-29 14:00:00,Jaraguá Breakers,32 - 20,Blumenau Riesen,campeonato-catarinense-2010,,,,
2010-05-29 14:00:00,T-Rex,23 - 21,Brusque Admirals,campeonato-catarinense-2010,,,,
2010-05-30 14:00:00,Corupá Buffalos,07 - 28,Istepôs FA,campeonato-catarinense-2010,,,,
2010-05-30 14:00:00,JEC Gladiators,81 - 00,Tubarão Predadores,campeonato-catarinense-2010,,,,
2010-06-06 14:00:00,Tubarão Predadores,06 - 47,Corupá Buffalos,campeonato-catarinense-2010,,,,
2010-06-06 14:00:00,Istepôs FA,03 - 13,T-Rex,campeonato-catarinense-2010,,,,
2010-06-12 14:00:00,T-Rex,28 - 17,Jaraguá Breakers,campeonato-catarinense-2010,,,,
2010-06-13 14:00:00,Istepôs FA,54 - 02,Blumenau Riesen,campeonato-catarinense-2010,,,,
2010-06-13 14:00:00,Corupá Buffalos,14 - 35,JEC Gladiators,campeonato-catarinense-2010,,,,
2010-06-19 14:00:00,Brusque Admirals,39 - 00,Blumenau Riesen,campeonato-catarinense-2010,,,,
2010-06-26 14:00:00,Tubarão Predadores,00 - 06,Istepôs FA,campeonato-catarinense-2010,,,,
2010-06-27 14:00:00,JEC Gladiators,27 - 00,T-Rex,campeonato-catarinense-2010,,,,
2010-06-27 14:00:00,Blumenau Riesen,06 - 32,Brusque Admirals,campeonato-catarinense-2010,,,,
2010-07-03 14:00:00,T-Rex,10 - 19,Corupá Buffalos,campeonato-catarinense-2010,,,,
2010-07-04 14:00:00,Tubarão Predadores,00 - 67,Brusque Admirals,campeonato-catarinense-2010,,,,
2010-07-10 14:00:00,Istepôs FA,43 - 06,Brusque Admirals,campeonato-catarinense-2010,,,,
2010-07-10 14:00:00,Blumenau Riesen,00 - 33,JEC Gladiators,campeonato-catarinense-2010,,,,
2010-07-18 14:00:00,Tubarão Predadores,02 - 27,Blumenau Riesen,campeonato-catarinense-2010,,,,
2010-07-25 14:00:00,Brusque Admirals,15 - 35,Istepôs FA,campeonato-catarinense-2010,,,,
2010-07-31 14:00:00,Jaraguá Breakers,14 - 21,Corupá Buffalos,campeonato-catarinense-2010,,,,
2010-08-01 14:00:00,Istepôs FA,19 - 15,Brusque Admirals,campeonato-catarinense-2010,,,,
2010-08-01 14:00:00,Joinville Gladiators,12 - 00,Timbó Rex,campeonato-catarinense-2010,,,,
2010-08-15 14:00:00,Joinville Gladiators,20 - 07,Istepôs FA,campeonato-catarinense-2010,,,,
2009-08-15 14:00:00,JEC Gladiators,12 - 06,Istepôs FA,campeonato-catarinense-2009,,,,
2009-08-16 14:00:00,Brusque Admirals,08 - 14,T-Rex,campeonato-catarinense-2009,,,,
2009-08-22 14:00:00,Istepôs FA,15 - 21,T-Rex,campeonato-catarinense-2009,,,,
2009-08-23 14:00:00,JEC Gladiators,10 - 06,Blumenau Riesen,campeonato-catarinense-2009,,,,
2009-08-29 14:00:00,Blumenau Riesen,00 - 42,Brusque Admirals,campeonato-catarinense-2009,,,,
2009-08-30 14:00:00,T-Rex,00 - 16,JEC Gladiators,campeonato-catarinense-2009,,,,
2009-09-05 14:00:00,T-Rex,10 - 07,Blumenau Riesen,campeonato-catarinense-2009,,,,
2009-09-06 14:00:00,Istepôs FA,27 - 45,Brusque Admirals,campeonato-catarinense-2009,,,,
2009-09-19 14:00:00,Brusque Admirals,10 - 07,JEC Gladiators,campeonato-catarinense-2009,,,,
2009-09-20 14:00:00,Blumenau Riesen,13 - 43,Istepôs FA,campeonato-catarinense-2009,,,,
2009-09-26 14:00:00,JEC Gladiators,13 - 00,T-Rex,campeonato-catarinense-2009,,,,
2009-09-27 14:00:00,Brusque Admirals,07 - 00,Blumenau Riesen,campeonato-catarinense-2009,,,,
2009-10-10 14:00:00,T-Rex,29 - 22,Brusque Admirals,campeonato-catarinense-2009,,,,
2009-10-24 14:00:00,T-Rex,06 - 10,Istepôs FA,campeonato-catarinense-2009,,,,
2009-10-25 14:00:00,Blumenau Riesen,00 - 34,JEC Gladiators,campeonato-catarinense-2009,,,,
2009-10-31 14:00:00,Brusque Admirals,00 - 40,Istepôs FA,campeonato-catarinense-2009,,,,
2009-11-01 14:00:00,Blumenau Riesen,06 - 30,T-Rex,campeonato-catarinense-2009,,,,
2009-11-10 14:00:00,Istepôs FA,00 - 28,JEC Gladiators,campeonato-catarinense-2009,,,,
2009-11-14 14:00:00,Istepôs FA,49 - 00,Blumenau Riesen,campeonato-catarinense-2009,,,,
2009-11-15 14:00:00,JEC Gladiators,41 - 06,Brusque Admirals,campeonato-catarinense-2009,,,,
2009-11-28 14:00:44,Istepôs FA,13 - 06,Timbó Rex,campeonato-catarinense-2009,,,,
2009-12-12 14:00:00,Joinville Gladiators,21 - 14,Istepôs FA,campeonato-catarinense-2009,,,,
2022-09-18 10:00:00,Werewolves Football,12 - 06,Caraguá Ghostship,pick-six-cup-2022,Caraguatatuba/SP,,,
2022-09-18 14:00:00,São Bernardo Avengers,03 - 00,São José Jets,pick-six-cup-2022,Caraguatatuba/SP,,,
2022-10-09 10:00:00,Caraguá Ghostship,03 - 22,São José Jets,pick-six-cup-2022,CT Touchdown - São Paulo/SP,,,
2022-10-16 10:00:00,Palmeiras Locomotives,00 - 06,Ocelots FA,pick-six-cup-2022,Ribeirão Pires/SP,,,
2022-10-16 14:00:00,Tatuapé Monsters,15 - 65,Vikings FA,pick-six-cup-2022,Ribeirão Pires/SP,,,
2022-10-23 10:00:00,Werewolves Football,07 - 47,São José Jets,pick-six-cup-2022,São José dos Campos/SP,,,
2022-10-23 14:00:00,Caraguá Ghostship,00 - 53,São Bernardo Avengers,pick-six-cup-2022,São José dos Campos/SP,,,
2022-11-06 10:00:00,Palmeiras Locomotives,30 - 00,Vikings FA,pick-six-cup-2022,CECE Benedito de Lima - Jundiaí/SP,,,
2022-11-06 14:00:00,Tatuapé Monsters,24 - 68,Ocelots FA,pick-six-cup-2022,CECE Benedito de Lima - Jundiaí/SP,,,
2022-11-20 08:30:00,Werewolves Football,00 - 24,São Bernardo Avengers,pick-six-cup-2022,CT Touchdown - São Paulo/SP,,,
2022-11-20 11:30:00,Ocelots FA,09 - 00,Vikings FA,pick-six-cup-2022,CT Touchdown - São Paulo/SP,,,
2022-11-20 15:00:00,Palmeiras Locomotives,27 - 06,Tatuapé Monsters,pick-six-cup-2022,CT Touchdown - São Paulo/SP,,,
2022-12-04 10:00:00,São Bernardo Avengers,06 - 18,Palmeiras Locomotives,pick-six-cup-2022,,,,
2022-12-04 14:00:00,Ocelots FA,05 - 21,São José Jets,pick-six-cup-2022,,,,
2022-12-11 10:00:00,Palmeiras Locomotives,29 - 20,São José Jets,pick-six-cup-2022,,,,
2022-09-18 10:00:00,Empyreo Leme Lizards,42 - 00,Taubaté Football,spring-cup-2022,Clube de Campo Empyreo - Leme/SP,,,
2022-09-18 14:00:00,Guarás FA,20 - 00,Barrinha Black Eagles,spring-cup-2022,Clube de Campo Empyreo - Leme/SP,,,
2022-10-23 10:00:00,Ponte Preta Gorilas,09 - 50,Guarás FA,spring-cup-2022,Campo da CTI - Taubaté/SP,,,
2022-10-23 14:00:00,Taubaté Football,06 - 14,ABC Corsários,spring-cup-2022,Campo da CTI - Taubaté/SP,,,
2022-11-06 10:00:00,Barrinha Black Eagles,18 - 02,Ponte Preta Gorilas,spring-cup-2022,Clube Riacho Grande - São Bernardo do Campo/SP,,,
2022-11-06 14:00:00,ABC Corsários,00 - 30,Empyreo Leme Lizards,spring-cup-2022,Clube Riacho Grande - São Bernardo do Campo/SP,,,
2022-11-20 10:00:56,Empyreo Leme Lizards,53 - 00,Barrinha Black Eagles,spring-cup-2022,,,,
2022-12-04 10:00:24,Guarás FA,42 - 00,ABC Corsários,spring-cup-2022,,,,
2023-02-05 09:30:09,Empyreo Leme Lizards,31 - 14,Guarás FA,spring-cup-2022,,,,
2022-06-04 14:00:17,Tubarões do Cerrado,00 - 17,Gama Leões de Judá,campeonato-candango-2022,Estádio JK - Paranoá/DF,,,
2022-06-11 14:00:00,Gama Leões de Judá,16 - 07,Goiânia Rednecks,campeonato-candango-2022,Gama/DF,,,
2022-06-19 14:00:44,Goiânia Rednecks,07 - 28,Tubarões do Cerrado,campeonato-candango-2022,Estádio JK - Paranoá/DF,,,
2022-06-25 14:00:50,Leões de Judá,16 - 13,Tubarões do Cerrado,campeonato-candango-2022,,,,
2022-07-31 14:30:00,Bears FA,28 - 07,Gravataí Spartans,copa-rs-2022,,,,
2022-08-28 14:30:00,Canoas Bulls,30 - 06,Santa Cruz Chacais,copa-rs-2022,,,,
2022-08-28 14:30:00,Gravataí Spartans,00 - 34,Erechim Coroados,copa-rs-2022,,,,
2022-09-18 14:00:00,Erechim Coroados,24 - 00,Bears FA,copa-rs-2022,,,,
2022-10-09 14:30:00,Juventude FA,56 - 12,Canoas Bulls,copa-rs-2022,,,,
2022-10-23 14:30:00,Santa Cruz Chacais,07 - 36,Juventude FA,copa-rs-2022,,,,
2022-11-12 14:30:00,Juventude FA,28 - 14,Erechim Coroados,copa-rs-2022,,,,
2022-05-15 09:30:23,Vasco Almirantes,00 - 17,Rio Football Academy,campeonato-carioca-2022,,,,
2022-05-15 14:00:57,Flamengo Imperadores,48 - 00,América Big Riders,campeonato-carioca-2022,,,,
2022-05-29 09:30:11,Vasco Almirantes,31 - 00,América Big Riders,campeonato-carioca-2022,,,,
2022-05-29 14:00:09,Rio Football Academy,06 - 00,Flamengo Imperadores,campeonato-carioca-2022,,,,
2022-04-10 10:00:00,Nova Serrana Forgeds,24 - 00,Pouso Alegre Gladiadores,campeonato-mineiro-2022,Nova Serrana/MG,,,
2022-04-17 10:00:00,Juiz de Fora Imperadores,61 - 00,Golden Lions,campeonato-mineiro-2022,Esporte Clube Benfica - Juiz de Fora/MG,,,
2022-04-24 10:00:00,Cruzeiro FA,13 - 11,Nova Serrana Forgeds,campeonato-mineiro-2022,Betim/MG,,,
2022-05-01 10:00:00,Pouso Alegre Gladiadores,12 - 29,Cruzeiro FA,campeonato-mineiro-2022,Pouso Alegre/MG,,,
2022-05-01 14:00:00,Golden Lions,02 - 37,Tigres FA,campeonato-mineiro-2022,Pouso Alegre/MG,,,
2022-05-08 10:00:00,Tigres FA,08 - 25,Juiz de Fora Imperadores,campeonato-mineiro-2022,Juiz de Fora/MG,,,
2022-05-15 10:00:20,Nova Serrana Forgeds,53 - 06,Golden Lions,campeonato-mineiro-2022,,,,
2022-05-22 09:45:53,Tigres FA,12 - 03,Pouso Alegre Gladiadores,campeonato-mineiro-2022,,,,
2022-05-28 14:00:39,Cruzeiro FA,23 - 14,Nova Serrana Forgeds,campeonato-mineiro-2022,,,,
2022-05-29 10:00:09,Juiz de Fora Imperadores,35 - 06,Tigres FA,campeonato-mineiro-2022,,,,
2022-06-12 10:00:51,Juiz de Fora Imperadores,07 - 17,Cruzeiro FA,campeonato-mineiro-2022,,,,
2022-06-18 19:00:04,Galo FA,58 - 00,Tigres FA,campeonato-mineiro-2022,,,,
2022-06-19 14:00:01,Locomotiva FA,12 - 43,Nova Serrana Forgeds,campeonato-mineiro-2022,,,,
2022-07-02 16:00:57,Galo FA,56 - 00,Juiz de Fora Imperadores,campeonato-mineiro-2022,,,,
2022-07-03 10:00:57,Cruzeiro FA,16 - 06,Nova Serrana Forgeds,campeonato-mineiro-2022,,,,
2022-07-16 16:00:49,Galo FA,52 - 00,Cruzeiro FA,campeonato-mineiro-2022,,,,
2022-05-07 14:00:00,Manaus FA,41 - 00,Porto Velho Miners,brasileirao-2022,Estádio Carlos Zamith - Manaus/AM,,,
2022-07-30 14:00:00,Tritões FA,20 - 28,Flamengo Imperadores,brasileirao-2022,Toca do Índio - Vila Velha/ES,,,
2022-07-30 14:00:00,Cruzeiro FA,03 - 58,Galo FA,brasileirao-2022,Pará de Minas/MG,,,
2022-07-30 14:00:00,Gama Leões de Judá,34 - 00,Goiânia Rednecks,brasileirao-2022,Gama/DF,,,
2022-08-06 18:00:00,Rondonópolis Hawks,32 - 18,Moura Lacerda Dragons,brasileirao-2022,Estádio Eng. Luthero Lopes - Rondonópolis/MT,,,
2022-08-13 14:00:00,Brown Spiders,42 - 00,Spartans Football,brasileirao-2022,Centro Esportivo Fanático - Campo Largo/PR,,,
2022-08-14 10:00:00,Galo FA,50 - 00,Corinthians Steamrollers,brasileirao-2022,CTE/UFMG - Belo Horizonte/MG,,,
2022-08-14 14:00:00,Guarulhos Rhynos,42 - 08,Paraná HP,brasileirao-2022,Guarulhos/SP,,,
2022-08-14 14:00:00,Santos Tsunami,00 - 52,Coritiba Crocodiles,brasileirao-2022,CT Meninos da Vila - Santos/SP,,,
2022-08-14 14:00:00,Rio Preto Weilers,64 - 00,Goiânia Rednecks,brasileirao-2022,Teixeirão - S. J. do Rio Preto/SP,,,
2022-08-20 14:00:00,Porto Velho Miners,00 - 16,São Raimundo C. Cavaliers,brasileirao-2022,Estádio Aluízio Ferreira - Porto Velho/RO,,,
2022-08-27 14:00:00,Tritões FA,21 - 22,Corinthians Steamrollers,brasileirao-2022,Toca do Índio - Vila Velha/ES,,,
2022-08-27 14:00:00,Flamengo Imperadores,21 - 09,Cruzeiro FA,brasileirao-2022,Praia Do Forte - Cabo Frio/RJ,,,
2022-08-27 14:45:00,Rio Preto Weilers,42 - 00,Rondonópolis Hawks,brasileirao-2022,Teixeirão - S. J. do Rio Preto/SP,,,
2022-08-28 10:00:00,Santos Tsunami,06 - 35,Guarulhos Rhynos,brasileirao-2022,CT Touchdown - São Paulo/SP,,,
2022-08-28 10:00:00,Moura Lacerda Dragons,16 - 08,Gama Leões de Judá,brasileirao-2022,Campus Moura Lacerda - Ribeirão Preto/SP,,,
2022-08-28 14:00:00,Paraná HP,13 - 21,Brown Spiders,brasileirao-2022,Centro Esportivo Fanático - Campo Largo/PR,,,
2022-09-07 10:00:00,Goiânia Rednecks,14 - 35,Moura Lacerda Dragons,brasileirao-2022,SESI Ferreira Pacheco - Goiânia/GO,,,
2022-09-10 14:00:00,Cruzeiro FA,31 - 07,Tritões FA,brasileirao-2022,Arena Frigoarnaldo - Contagem/MG,,,
2022-09-10 17:00:00,Brown Spiders,14 - 06,Santos Tsunami,brasileirao-2022,Campo União Capão Raso - Curitiba/PR,,,
2022-09-11 10:00:00,Spartans Football,06 - 35,Paraná HP,brasileirao-2022,CT Touchdown - São Paulo/SP,,,
2022-09-11 10:00:00,Gama Leões de Judá,14 - 42,Rio Preto Weilers,brasileirao-2022,,,,
2022-09-11 11:00:00,Galo FA,42 - 08,Flamengo Imperadores,brasileirao-2022,CTE/UFMG - Belo Horizonte/MG,,,
2022-09-11 14:00:00,Coritiba Crocodiles,45 - 07,Guarulhos Rhynos,brasileirao-2022,Croco Stadium - Curitiba/PR,,,
2022-09-17 15:00:00,Corinthians Steamrollers,23 - 14,Cruzeiro FA,brasileirao-2022,Itapecerica da Serra/SP,,,
2022-09-24 15:00:00,Moura Lacerda Dragons,08 - 35,Rio Preto Weilers,brasileirao-2022,Campus Moura Lacerda - Ribeirão Preto/SP,,,
2022-09-24 17:00:00,Galo FA,50 - 00,Tritões FA,brasileirao-2022,CTE/UFMG - Belo Horizonte/MG,,,
2022-09-24 18:00:00,Rondonópolis Hawks,40 - 14,Gama Leões de Judá,brasileirao-2022,Estádio Eng. Luthero Lopes - Rondonópolis/MT,,,
2022-09-25 14:00:00,Coritiba Crocodiles,35 - 00,Brown Spiders,brasileirao-2022,Croco Stadium - Curitiba/PR,,,
2022-09-25 14:00:00,Guarulhos Rhynos,51 - 06,Spartans Football,brasileirao-2022,Guarulhos/SP,,,
2022-09-25 14:00:00,São Raimundo C. Cavaliers,00 - 35,Manaus FA,brasileirao-2022,Estádio Ismael Benigno - Manaus/AM,,,
2022-10-01 14:00:00,Spartans Football,00 - 77,Coritiba Crocodiles,brasileirao-2022,CT Touchdown - São Paulo/SP,,,
2022-10-01 14:00:00,Paraná HP,45 - 03,Santos Tsunami,brasileirao-2022,Centro Esportivo Fanático - Campo Largo/PR,,,
2022-10-01 15:00:00,Corinthians Steamrollers,15 - 40,Flamengo Imperadores,brasileirao-2022,Campo do Aliança - Itapecerica da Serra/SP,,,
2022-10-01 18:00:00,Goiânia Rednecks,00 - 46,Rondonópolis Hawks,brasileirao-2022,SESI Ferreira Pacheco - Goiânia/GO,,,
2022-07-09 00:00:00,Palmeiras Locomotives,21 - 00,Mooca Destroyers,brasileirao-2022,W.O.,,,
2022-07-09 00:00:00,Tigres FA,00 - 21,Pouso Alegre Gladiadores,brasileirao-2022,W.O.,,,
2022-07-10 10:00:00,Sorocaba Vipers,21 - 00,São Paulo Storm,brasileirao-2022,Sorocaba/SP,,,
2022-07-10 10:00:00,Mesquita Titans,13 - 12,Rio de Janeiro Captains,brasileirao-2022,Louzadão - Mesquita/RJ,,,
2022-07-10 14:00:00,Curitiba Lions,15 - 38,PRC Guardian Saints,brasileirao-2022,Croco Stadium - Curitiba/PR,,,
2022-07-10 14:00:00,Carlos Barbosa Ximangos,37 - 08,Criciúma Iron Tigers,brasileirao-2022,Carlos Barbosa/RS,,,
2022-07-10 14:00:00,Blaze FA,07 - 14,Juiz de Fora Imperadores,brasileirao-2022,C. E. Miécimo da Silva - Rio de Janeiro/RJ,,,
2022-07-23 00:00:00,Criciúma Iron Tigers,21 - 00,Mooca Destroyers,brasileirao-2022,W.O.,,,
2022-07-23 00:00:00,Nova Serrana Forgeds,21 - 00,Brasília Wizards,brasileirao-2022,W.O.,,,
2022-07-23 00:00:00,Tigres FA,00 - 21,Golden Lions,brasileirao-2022,W.O.,,,
2022-07-23 14:00:00,Carlos Barbosa Ximangos,43 - 06,Curitiba Lions,brasileirao-2022,Carlos Barbosa/RS,,,
2022-07-23 14:00:00,Pouso Alegre Gladiadores,21 - 06,Goiânia Saints,brasileirao-2022,UNIVÁS - Pouso Alegre/MG,,,
2022-07-24 09:00:00,Sorocaba Vipers,24 - 06,Campo Grande Cowboys,brasileirao-2022,Sorocaba/SP,,,
2022-07-24 10:00:00,Juiz de Fora Imperadores,27 - 07,Mesquita Titans,brasileirao-2022,Juiz de Fora/MG,,,
2022-07-24 11:00:00,Londrina Bristlebacks,22 - 29,São Paulo Storm,brasileirao-2022,Estádio VGD - Londrina/PR,,,
2022-07-24 14:00:00,PRC Guardian Saints,74 - 18,Palmeiras Locomotives,brasileirao-2022,Croco Stadium - Curitiba/PR,,,
2022-07-24 14:00:00,Rio de Janeiro Captains,06 - 16,Blaze FA,brasileirao-2022,Rio de Janeiro/RJ,,,
2022-08-06 00:00:00,Mooca Destroyers,00 - 21,Carlos Barbosa Ximangos,brasileirao-2022,W.O.,,,
2022-08-06 00:00:00,Brasília Wizards,21 - 00,Tigres FA,brasileirao-2022,W.O.,,,
2022-08-07 09:00:00,Blaze FA,31 - 00,Mesquita Titans,brasileirao-2022,C.E. Univ. Castelo Branco - Rio de Janeiro/RJ,,,
2022-08-07 10:00:00,Pouso Alegre Gladiadores,22 - 00,Golden Lions,brasileirao-2022,Arena Frigoarnaldo - Contagem/MG,,,
2022-08-07 10:00:00,Goiânia Saints,20 - 00,Nova Serrana Forgeds,brasileirao-2022,Goiânia/GO,,,
2022-08-07 10:00:00,Juiz de Fora Imperadores,46 - 06,Rio de Janeiro Captains,brasileirao-2022,Juiz de Fora/MG,,,
2022-08-07 14:00:00,Criciúma Iron Tigers,02 - 21,PRC Guardian Saints,brasileirao-2022,SATC - Criciúma/SC,,,
2022-08-07 14:00:00,Curitiba Lions,27 - 14,Palmeiras Locomotives,brasileirao-2022,Croco Stadium - Curitiba/PR,,,
2022-08-07 14:00:00,Londrina Bristlebacks,20 - 32,Sorocaba Vipers,brasileirao-2022,Estádio VGD - Londrina/PR,,,
2022-08-14 10:00:00,São Paulo Storm,21 - 00,Campo Grande Cowboys,brasileirao-2022,W.O.,,,
2022-08-20 14:00:00,Campo Grande Cowboys,00 - 21,Londrina Bristlebacks,brasileirao-2022,Centro Olímpico Vila Nasser - Campo Grande/MS,,,
2022-08-21 10:00:00,Nova Serrana Forgeds,38 - 00,Golden Lions,brasileirao-2022,Campo Frei Ambrósio - Nova Serrana/MG,,,
2022-08-21 14:00:00,Goiânia Saints,53 - 00,Brasília Wizards,brasileirao-2022,Estádio Olímpico - Goiânia/GO,,,
2022-09-04 11:00:30,PRC Guardian Saints,10 - 09,Pouso Alegre Gladiadores,brasileirao-2022,,Semifinal D2,,
2022-09-04 14:00:22,Carlos Barbosa Ximangos,12 - 19,Juiz de Fora Imperadores,brasileirao-2022,,Semifinal D2,,
2022-09-17 20:00:29,PRC Guardian Saints,13 - 14,Juiz de Fora Imperadores,brasileirao-2022,,Final D2,,
2022-10-22 14:00:09,Guarulhos Rhynos,36 - 28,Rondonópolis Hawks,brasileirao-2022,,Quartas de Final,,
2022-10-23 10:00:06,Paraná HP,55 - 45,Corinthians Steamrollers,brasileirao-2022,,Wildcard,,
2022-10-29 14:30:14,Coritiba Crocodiles,22 - 00,Paraná HP,brasileirao-2022,,Quartas de Final,,
2022-10-29 14:30:51,Rio Preto Weilers,32 - 03,Brown Spiders,brasileirao-2022,,Quartas de Final,,
2022-11-05 17:00:58,Galo FA,29 - 14,Flamengo Imperadores,brasileirao-2022,,Quartas de Final,,
2022-11-12 17:00:50,Galo FA,20 - 00,Rio Preto Weilers,brasileirao-2022,,,,
2022-11-13 13:00:39,Coritiba Crocodiles,24 - 15,Guarulhos Rhynos,brasileirao-2022,,,,
2022-11-27 15:00:38,Coritiba Crocodiles,16 - 14,Galo FA,brasileirao-2022,,,,
2022-04-03 14:00:00,Jangadeiros FA,14 - 14,Mariners Development,copa-nordeste-2022,Estádio Benigno Acioly - Satuba/AL,,,
2022-04-10 09:00:00,Caucaia Sabres,00 - 22,Ceará Bulldogs,copa-nordeste-2022,Estádio do Bom Jardim - Fortaleza/CE,,,
2022-04-17 15:00:00,Mariners Development,17 - 06,Tropa Campina,copa-nordeste-2022,Cabo de Sto. Agostinho/PE,,,
2022-05-01 14:00:00,Tropa Campina,00 - 21,Jangadeiros FA,copa-nordeste-2022,Campina Grande/PB,,,
2022-05-08 09:00:00,Patos FA,28 - 00,Caucaia Sabres,copa-nordeste-2022,Estádio Municipal - Patos/PB,,,
2022-05-15 09:00:00,Ceará Bulldogs,00 - 22,Patos FA,copa-nordeste-2022,Pindoretama/CE,,,
2022-05-29 09:00:00,Patos FA,07 - 23,Jangadeiros FA,copa-nordeste-2022,,,,
2021-12-11 14:00:02,Leões de Judá,07 - 12,Goiânia Rednecks,campeonato-candango-2021,,,,
2021-12-18 14:00:15,Goiânia Rednecks,06 - 28,Leões de Judá,campeonato-candango-2021,,,,
2021-12-12 10:00:35,Corinthians Steamrollers,40 - 06,São Paulo Storm,ctt-summer-festival-2021,,,,
2021-12-12 15:00:59,Spartans Football,34 - 06,Guarani Indians,ctt-summer-festival-2021,,,,
2021-12-19 10:10:43,São Paulo Storm,12 - 19,Guarani Indians,ctt-summer-festival-2021,,,,
2021-12-19 15:00:57,Corinthians Steamrollers,00 - 06,Spartans Football,ctt-summer-festival-2021,,,,
2019-06-29 18:00:00,Sorriso Hornets,16 - 03,Cuiabá Arsenal,campeonato-mato-grossense-2019,Toca do Lobo - Sorriso/MT,,,
2019-07-06 18:00:00,Rondonópolis Hawks,45 - 33,Sinop Coyotes,campeonato-mato-grossense-2019,Estádio Eng. Luthero Lopes - Rondonópolis/MT,,,
2019-07-27 17:00:00,Sinop Coyotes,20 - 31,Sorriso Hornets,campeonato-mato-grossense-2019,Estádio Gigante do Norte - Sinop/MT,,,
2019-07-28 14:00:00,Cuiabá Arsenal,35 - 32,Rondonópolis Hawks,campeonato-mato-grossense-2019,44° BIM - Cuiabá/MT,,,
2019-08-17 14:00:00,Rondonópolis Hawks,25 - 22,Sorriso Hornets,campeonato-mato-grossense-2019,Estádio Eng. Luthero Lopes - Rondonópolis/MT,,,
2019-08-18 17:00:00,Sinop Coyotes,17 - 24,Cuiabá Arsenal,campeonato-mato-grossense-2019,Estádio Gigante do Norte - Sinop/MT,,,
2019-08-31 18:00:00,Sorriso Hornets,21 - 20,Rondonópolis Hawks,campeonato-mato-grossense-2019,Toca do Lobo - Sorriso/MT,,,
2019-09-01 16:00:00,Cuiabá Arsenal,27 - 00,Sinop Coyotes,campeonato-mato-grossense-2019,Arena Pantanal - Cuiabá/MT,,,
2019-09-14 14:00:00,Rondonópolis Hawks,21 - 24,Cuiabá Arsenal,campeonato-mato-grossense-2019,Estádio Eng. Luthero Lopes - Rondonópolis/MT,,,
2019-09-22 17:00:00,Sorriso Hornets,20 - 05,Sinop Coyotes,campeonato-mato-grossense-2019,Toca do Lobo - Sorriso/MT,,,
2019-10-05 17:00:00,Sinop Coyotes,07 - 42,Rondonópolis Hawks,campeonato-mato-grossense-2019,Estádio Gigante do Norte - Sinop/MT,,,
2019-10-19 15:00:00,Cuiabá Arsenal,07 - 06,Sorriso Hornets,campeonato-mato-grossense-2019,Várzea Grande/MT,,,
2021-11-06 15:00:11,Galo FA,79 - 00,Golden Lions,minas-gerais-football-league-2021,,,,
2021-11-07 14:00:31,Cruzeiro FA,42 - 13,Nova Serrana Forgeds,minas-gerais-football-league-2021,,,,
2021-11-13 15:00:39,Golden Lions,00 - 57,Nova Serrana Forgeds,minas-gerais-football-league-2021,,,,
2021-11-15 15:00:21,Galo FA,40 - 03,Cruzeiro FA,minas-gerais-football-league-2021,,,,
2022-06-11 14:00:00,Cavalaria 2 de Julho,20 - 26,Carrancas FA,bfa-2022,Camaçari/BA,,,
2022-06-12 10:00:00,São Bento Snakes,00 - 40,João Pessoa Espectros,bfa-2022,Estádio Municipal - São Bento/PB,,,
2022-06-12 14:30:00,T-Rex,56 - 00,Almirantes FA,bfa-2022,Complexo Esportivo - Timbó/SC,,,
2022-06-12 15:00:00,Parnamirim Scorpions,34 - 00,América Bulls,bfa-2022,Estádio do Potiguar - Parnamirim/RN,,,
2022-06-18 14:00:00,Moon Howlers FA,09 - 14,JEC Gladiators,bfa-2022,São José dos Pinhais/PR,,,
2022-06-19 14:00:00,Sergipe Redentores,17 - 10,Jangadeiros FA,bfa-2022,Barra do Coqueiro/SE,,,
2022-06-19 14:00:00,Juventude FA,07 - 42,Istepôs FA,bfa-2022,Farroupilha/RS,,,
2022-06-19 14:00:00,Canoas Bulls,18 - 13,Porto Alegre Pumpkins,bfa-2022,Canoas/RS,,,
2022-06-19 15:00:00,Recife Apaches,22 - 08,Maceió Marechais,bfa-2022,Cabo de Sto. Agostinho/PE,,,
2022-06-25 14:00:00,Locomotiva FA,26 - 21,Macaé Oilers,bfa-2022,Faculdade Universo - Belo Horizonte/MG,,,
2022-06-25 15:00:00,Almirantes FA,53 - 00,Jaraguá Breakers,bfa-2022,Estádio Camilo Mussi - Itajaí/SC,,,
2022-06-26 13:30:00,Vasco Almirantes,16 - 09,Palmeiras Locomotives,bfa-2022,C. E. Miécimo da Silva - Rio de Janeiro/RJ,,,
2022-07-02 18:00:00,Carrancas FA,30 - 13,São Bento Snakes,bfa-2022,Estádio Paulo Coelho - Petrolina/PE,,,
2022-07-03 08:00:00,Manaus FA,54 - 14,São Luís Sharks,bfa-2022,AABB - Ananindeua/PA,,,
2022-07-03 11:30:00,Remo Lions,14 - 32,Lobo Vingador,bfa-2022,AABB - Ananindeua/PA,,,
2022-07-03 13:00:00,Ceará Caçadores,16 - 14,Mossoró Petroleiros,bfa-2022,UNIFOR - Fortaleza/CE,,,
2022-07-03 14:00:00,Recife Mariners,38 - 00,Santa Cruz Pirates,bfa-2022,Arena de Pernambuco - São Lourenço da Mata/PE,,,
2022-07-09 14:30:00,JEC Gladiators,00 - 35,Porto Alegre Pumpkins,bfa-2022,Joinville/SC,,,
2022-07-09 15:00:00,Galo FA,44 - 00,Tubarões do Cerrado,bfa-2022,Alçapão do Bonfim - Nova Lima/MG,,,
2022-07-09 18:00:00,Sorriso Hornets,09 - 06,Cuiabá Arsenal,bfa-2022,Toca do Lobo - Sorriso/MT,,,
2022-07-10 14:00:00,Sergipe Redentores,13 - 10,Santana Red Bulls,bfa-2022,Barra do Coqueiro/SE,,,
2022-07-10 14:00:00,Juventude FA,39 - 19,Bulldogs FA,bfa-2022,Farroupilha/RS,,,
2022-07-10 14:00:00,Canoas Bulls,10 - 30,Santa Maria Soldiers,bfa-2022,Centro Olímpico - Canoas/RS,,,
2022-07-17 09:30:00,São Luís Sharks,22 - 19,Remo Lions,bfa-2022,São Luís/MA,,,
2022-07-17 10:00:00,Fortaleza Tritões,15 - 09,Parnamirim Scorpions,bfa-2022,UNIFOR - Fortaleza/CE,,,
2022-07-17 14:00:00,Macaé Oilers,06 - 20,Vasco Almirantes,bfa-2022,Macaé/RJ,,,
2022-07-17 14:00:00,Recife Mariners,22 - 00,Cavalaria 2 de Julho,bfa-2022,Arena de Pernambuco - São Lourenço da Mata/PE,,,
2022-07-17 14:00:00,Istepôs FA,10 - 40,T-Rex,bfa-2022,Estádio Municipal Galeão - Canelinha/SC,,,
2022-07-17 15:00:00,Jangadeiros FA,00 - 61,João Pessoa Espectros,bfa-2022,SESI Cambona - Maceió/AL,,,
2022-07-23 14:00:00,Moon Howlers FA,00 - 42,Canoas Bulls,bfa-2022,São José dos Pinhais/PR,,,
2022-07-23 18:00:00,Mossoró Petroleiros,21 - 15,São Bento Snakes,bfa-2022,Estádio Nogueirão - Mossoró/RN,,,
2022-07-24 14:00:00,Jaraguá Breakers,34 - 00,JEC Gladiators,bfa-2022,ARSEPUM - Jaraguá do Sul/SC,,,
2022-07-24 14:00:00,Santa Maria Soldiers,41 - 12,Juventude FA,bfa-2022,Estádio dos Eucaliptos - Santa Maria/RS,,,
2022-07-24 15:00:00,Santa Cruz Pirates,28 - 06,Recife Apaches,bfa-2022,Cabo de Sto. Agostinho/PE,,,
2022-07-30 14:00:00,Porto Alegre Pumpkins,00 - 47,T-Rex,bfa-2022,Coelhão - Guaíba/RS,,,
2022-07-30 17:00:00,Carrancas FA,62 - 10,Sergipe Redentores,bfa-2022,Estádio Paulo Coelho - Petrolina/PE,,,
2022-07-31 09:00:00,Palmeiras Locomotives,06 - 11,Cuiabá Arsenal,bfa-2022,Estádio Municipal - Nazaré Paulista/SP,,,
2022-07-31 11:00:00,Galo FA,41 - 00,Locomotiva FA,bfa-2022,CTE/UFMG - Belo Horizonte/MG,,,
2022-07-31 14:00:00,João Pessoa Espectros,55 - 12,Ceará Caçadores,bfa-2022,Vila Olímpica Parahyba - João Pessoa/PB,,,
2022-07-31 14:00:00,América Bulls,06 - 43,Recife Mariners,bfa-2022,Vila Olímpica - Macaíba/RN,,,
2022-08-06 10:00:00,Galo FA,48 - 34,Vasco Almirantes,bfa-2022,CTE/UFMG - Belo Horizonte/MG,,,
2022-08-06 15:00:00,Tubarões do Cerrado,23 - 20,Sorriso Hornets,bfa-2022,Brasília/DF,,,
2022-08-06 16:30:00,Mossoró Petroleiros,37 - 31,Fortaleza Tritões,bfa-2022,Estádio Nogueirão - Mossoró/RN,,,
2022-08-06 18:00:00,Santana Red Bulls,03 - 42,Cavalaria 2 de Julho,bfa-2022,Joia da Princesa - Feira de Santana/BA,,,
2022-08-07 09:00:00,Remo Lions,14 - 54,Manaus FA,bfa-2022,AABB - Ananindeua/PA,,,
2022-08-07 09:15:00,São Luís Sharks,16 - 18,Lobo Vingador,bfa-2022,Campo do Leão Dourado - Paço do Lumiar/MA,,,
2022-08-07 14:00:00,JEC Gladiators,00 - 23,Istepôs FA,bfa-2022,Grêmio Whirlpool - Joinville/SC,,,
2022-08-07 14:30:00,Bulldogs FA,00 - 30,Canoas Bulls,bfa-2022,Venâncio Aires/RS,,,
2022-08-07 15:00:00,Almirantes FA,68 - 00,Moon Howlers FA,bfa-2022,Estádio Camilo Mussi - Itajaí/SC,,,
2022-08-14 10:00:00,Palmeiras Locomotives,28 - 06,Locomotiva FA,bfa-2022,Estádio Municipal - Nazaré Paulista/SP,,,
2022-08-14 13:00:00,Ceará Caçadores,42 - 02,América Bulls,bfa-2022,UNIFOR - Fortaleza/CE,,,
2022-08-14 14:00:00,Maceió Marechais,20 - 43,Santana Red Bulls,bfa-2022,SESI Cambona - Maceió/AL,,,
2022-08-14 15:00:00,Santa Cruz Pirates,12 - 15,Parnamirim Scorpions,bfa-2022,Cabo de Sto. Agostinho/PE,,,
2022-08-20 14:00:00,Tubarões do Cerrado,47 - 19,Locomotiva FA,bfa-2022,Brasília/DF,,,
2022-08-20 14:30:00,Bulldogs FA,00 - 46,Almirantes FA,bfa-2022,Venâncio Aires/RS,,,
2022-08-20 14:30:00,T-Rex,49 - 03,Santa Maria Soldiers,bfa-2022,Complexo Esportivo - Timbó/SC,,,
2022-08-20 14:30:00,Porto Alegre Pumpkins,46 - 09,Moon Howlers FA,bfa-2022,Coelhão - Guaíba/RS,,,
2022-08-20 14:30:00,São Bento Snakes,12 - 38,Fortaleza Tritões,bfa-2022,Estádio Municipal - São Bento/PB,,,
2022-08-20 18:00:00,Cuiabá Arsenal,15 - 20,Sorriso Hornets,bfa-2022,Dutrinha - Cuiabá/MT,,,
2022-08-21 14:00:00,Istepôs FA,41 - 00,Jaraguá Breakers,bfa-2022,Estádio Municipal Galeão - Canelinha/SC,,,
2022-08-21 14:00:00,América Bulls,04 - 19,Recife Apaches,bfa-2022,Vila Olímpica - Macaíba/RN,,,
2022-08-21 14:30:00,Vasco Almirantes,49 - 14,Macaé Oilers,bfa-2022,Estádio Nivaldo Pereira - Nova Iguaçu/RJ,,,
2022-08-21 15:00:00,João Pessoa Espectros,10 - 07,Recife Mariners,bfa-2022,Almeidão - João Pessoa/PB,,,
2022-08-27 14:00:00,Santana Red Bulls,00 - 31,Carrancas FA,bfa-2022,Joia da Princesa - Feira de Santana/BA,,,
2022-08-28 09:00:00,Fortaleza Tritões,17 - 16,Ceará Caçadores,bfa-2022,Fortaleza/CE,,,
2022-08-28 14:00:00,Recife Apaches,00 - 08,Jangadeiros FA,bfa-2022,Cabo de Sto. Agostinho/PE,,,
2022-08-28 14:00:00,Cavalaria 2 de Julho,28 - 07,Santa Cruz Pirates,bfa-2022,Camaçari/BA,,,
2022-08-28 14:00:00,Maceió Marechais,07 - 35,Sergipe Redentores,bfa-2022,SESI Cambona - Maceió/AL,,,
2022-08-28 15:00:00,Parnamirim Scorpions,00 - 14,Mossoró Petroleiros,bfa-2022,Estádio do Potiguar - Parnamirim/RN,,,
2022-09-03 14:30:00,Jaraguá Breakers,13 - 16,Juventude FA,bfa-2022,S.E.R. Menegotti - Jaraguá do Sul/SC,,,
2022-09-03 18:00:00,Sorriso Hornets,00 - 53,Galo FA,bfa-2022,Toca do Lobo - Sorriso/MT,,,
2022-09-04 14:00:00,Santa Maria Soldiers,35 - 00,Bulldogs FA,bfa-2022,Estádio dos Eucaliptos - Santa Maria/RS,,,
2022-09-10 18:00:00,Cuiabá Arsenal,14 - 17,Tubarões do Cerrado,bfa-2022,Dutrinha - Cuiabá/MT,,,
2022-09-11 10:00:00,Macaé Oilers,13 - 20,Palmeiras Locomotives,bfa-2022,Estádio Municipal - Rio das Ostras/RJ,,,
2022-09-11 14:30:00,Jangadeiros FA,10 - 00,Maceió Marechais,bfa-2022,SESI Cambona - Maceió/AL,,,
2022-09-10 14:00:13,Canoas Bulls,12 - 42,Almirantes FA,bfa-2022,,Wildcard Sul,,
2022-09-10 15:00:30,Mossoró Petroleiros,27 - 38,Carrancas FA,bfa-2022,,Wildcard NE,,
2022-09-11 11:00:40,Manaus FA,25 - 26,Lobo Vingador,bfa-2022,,Final Norte,,
2022-09-11 13:00:50,Ceará Caçadores,23 - 13,Fortaleza Tritões,bfa-2022,,Wildcard NE,,
2022-09-11 14:00:36,Istepôs FA,17 - 14,Porto Alegre Pumpkins,bfa-2022,,Wildcard Sul,,
2022-09-18 16:00:29,Galo FA,60 - 00,Locomotiva FA,bfa-2022,,Semifinal SE,,
2022-09-24 14:00:36,Tubarões do Cerrado,02 - 21,Sorriso Hornets,bfa-2022,,Final CO,,
2022-09-24 14:30:31,Santa Maria Soldiers,21 - 14,Istepôs FA,bfa-2022,,Semifinal Sul,,
2022-09-24 14:30:50,T-Rex,41 - 00,Almirantes FA,bfa-2022,,Semifinal Sul,,
2022-09-25 13:00:09,Vasco Almirantes,21 - 00,Palmeiras Locomotives,bfa-2022,,Semifinal SE,,
2022-09-25 14:00:01,Recife Mariners,20 - 16,Carrancas FA,bfa-2022,,Semifinal NE,,
2022-09-25 14:00:36,João Pessoa Espectros,55 - 06,Ceará Caçadores,bfa-2022,,Semifinal NE,,
2022-10-08 14:30:35,T-Rex,48 - 00,Santa Maria Soldiers,bfa-2022,,Final Sul,,
2022-10-09 14:00:19,João Pessoa Espectros,49 - 14,Recife Mariners,bfa-2022,,Final NE,,
2022-10-15 18:00:54,Galo FA,35 - 06,Vasco Almirantes,bfa-2022,,Final SE,,
2022-10-16 18:00:26,Sorriso Hornets,37 - 08,Lobo Vingador,bfa-2022,,,,
2022-10-29 19:00:34,Sorriso Hornets,06 - 28,Timbó Rex,bfa-2022,,,,
2022-11-02 18:00:20,Galo FA,18 - 11,João Pessoa Espectros,bfa-2022,,,,
2022-11-19 15:00:47,Timbó Rex,30 - 20,Galo FA,bfa-2022,,,,
2020-12-05 14:00:20,Leões de Judá,11 - 16,Goiânia Rednecks,campeonato-candango-2020,,,,
2020-12-12 14:00:44,Goiânia Rednecks,00 - 09,Leões de Judá,campeonato-candango-2020,,,,
2022-03-13 10:00:00,Rio Preto Weilers,28 - 03,Ocelots FA,sao-paulo-football-league-2022,Distrito Industrial - S. J. do Rio Preto/SP,,,
2022-03-13 14:00:00,Empyreo Leme Lizards,24 - 07,Santos Tsunami,sao-paulo-football-league-2022,CT Meninos da Vila - Santos/SP,,,
2022-03-20 08:00:00,Corinthians Steamrollers,22 - 00,São Paulo Storm,sao-paulo-football-league-2022,CT Touchdown - São Paulo/SP,,,
2022-03-20 14:30:00,Scelta Guardians,20 - 00,Spartans Football,sao-paulo-football-league-2022,CT Touchdown - São Paulo/SP,,,
2022-03-27 10:00:00,São Paulo Storm,07 - 35,São José Jets,sao-paulo-football-league-2022,Clube de Campo Empyreo - Leme/SP,,,
2022-03-27 14:00:00,Guarani Indians,12 - 31,Moura Lacerda Dragons,sao-paulo-football-league-2022,Clube de Campo Empyreo - Leme/SP,,,
2022-03-27 14:00:00,Corinthians Steamrollers,14 - 33,Guarulhos Rhynos,sao-paulo-football-league-2022,CT Touchdown - São Paulo/SP,,,
2022-04-03 14:00:00,Ocelots FA,09 - 16,Spartans Football,sao-paulo-football-league-2022,Estádio Jayme Cintra - Jundiaí/SP,,,
2022-04-03 14:00:00,Empyreo Leme Lizards,12 - 13,Scelta Guardians,sao-paulo-football-league-2022,Clube de Campo Empyreo - Leme/SP,,,
2022-04-10 14:00:00,Guarulhos Rhynos,44 - 14,Guarani Indians,sao-paulo-football-league-2022,Guarulhos/SP,,,
2022-04-24 10:00:00,Rio Preto Weilers,45 - 07,Empyreo Leme Lizards,sao-paulo-football-league-2022,Ginásio Champagnat - Franca/SP,,,
2022-04-24 11:00:00,Corinthians Steamrollers,18 - 35,Moura Lacerda Dragons,sao-paulo-football-league-2022,CT Touchdown - São Paulo/SP,,,
2022-04-24 14:30:00,Ocelots FA,13 - 00,Santos Tsunami,sao-paulo-football-league-2022,CT Touchdown - São Paulo/SP,,,
2022-05-01 10:00:00,Guarani Indians,19 - 20,São José Jets,sao-paulo-football-league-2022,Caraguatatuba/SP,,,
2022-05-15 10:00:00,Rio Preto Weilers,55 - 00,Scelta Guardians,sao-paulo-football-league-2022,Teixeirão - S. J. do Rio Preto/SP,,,
2022-05-15 14:00:00,Corinthians Steamrollers,35 - 00,São José Jets,sao-paulo-football-league-2022,Campo da CTI - Taubaté/SP,,,
2022-05-22 10:00:00,Guarulhos Rhynos,42 - 00,São Paulo Storm,sao-paulo-football-league-2022,CT Touchdown - São Paulo/SP,,,
2022-05-22 10:00:00,Empyreo Leme Lizards,00 - 22,Spartans Football,sao-paulo-football-league-2022,Estádio Municipal - Rio das Pedras/SP,,,
2022-05-29 10:00:00,Ocelots FA,23 - 00,Scelta Guardians,sao-paulo-football-league-2022,CECE Benedito de Lima - Jundiaí/SP,,,
2022-05-29 10:00:00,Rio Preto Weilers,55 - 00,Santos Tsunami,sao-paulo-football-league-2022,Campus Moura Lacerda - Ribeirão Preto/SP,,,
2022-05-29 14:00:00,Moura Lacerda Dragons,32 - 00,São José Jets,sao-paulo-football-league-2022,Campus Moura Lacerda - Ribeirão Preto/SP,,,
2022-06-05 14:00:00,São Paulo Storm,20 - 27,Guarani Indians,sao-paulo-football-league-2022,Ribeirão Pires/SP,,,
2022-06-12 10:00:00,Rio Preto Weilers,44 - 12,Spartans Football,sao-paulo-football-league-2022,Sarapuí/SP,,,
2022-06-12 10:00:00,Guarulhos Rhynos,22 - 23,Moura Lacerda Dragons,sao-paulo-football-league-2022,Clube de Campo Empyreo - Leme/SP,,,
2022-06-12 14:00:00,Scelta Guardians,00 - 06,Santos Tsunami,sao-paulo-football-league-2022,Sarapuí/SP,,,
2022-06-12 14:00:00,Ocelots FA,23 - 03,Empyreo Leme Lizards,sao-paulo-football-league-2022,Clube de Campo Empyreo - Leme/SP,,,
2022-06-26 08:30:19,Santos Tsunami,08 - 10,Spartans Football,sao-paulo-football-league-2022,CT Touchdown - São Paulo/SP,,,
2022-06-26 10:00:00,Guarulhos Rhynos,31 - 03,São José Jets,sao-paulo-football-league-2022,Estádio Municipal - Paraibuna/SP,,,
2022-06-26 14:00:00,São Paulo Storm,00 - 40,Moura Lacerda Dragons,sao-paulo-football-league-2022,Estádio Municipal - Paraibuna/SP,,,
2022-06-26 14:30:26,Corinthians Steamrollers,34 - 07,Guarani Indians,sao-paulo-football-league-2022,CT Touchdown - São Paulo/SP,,,
2022-03-20 11:30:00,Vikings FA,06 - 29,,sao-paulo-football-league-2022,CT Touchdown - São Paulo/SP,,,
2022-03-27 10:00:00,Franca Carrascos,06 - 07,Werewolves Football,sao-paulo-football-league-2022,CT Touchdown - São Paulo/SP,,,
2022-04-03 10:00:00,Sorocaba Vipers,12 - 33,Tatuapé Monsters,sao-paulo-football-league-2022,Clube de Campo Empyreo - Leme/SP,,,
2022-04-24 08:30:00,Tatuapé Monsters,24 - 14,Werewolves Football,sao-paulo-football-league-2022,CT Touchdown - São Paulo/SP,,,
2022-04-24 14:00:00,Franca Carrascos,18 - 13,Sorocaba Vipers,sao-paulo-football-league-2022,Ginásio Champagnat - Franca/SP,,,
2022-05-22 14:00:00,Vikings FA,18 - 16,Werewolves Football,sao-paulo-football-league-2022,CT Touchdown - São Paulo/SP,,,
2022-05-29 14:00:30,Tatuapé Monsters,27 - 00,,sao-paulo-football-league-2022,CECE Benedito de Lima - Jundiaí/SP,,,
2022-06-05 10:00:00,Vikings FA,47 - 08,Franca Carrascos,sao-paulo-football-league-2022,Ribeirão Pires/SP,,,
2022-06-19 10:00:00,Sorocaba Vipers,21 - 09,,sao-paulo-football-league-2022,Sorocaba/SP,,,
2022-04-03 10:00:00,Piracicaba Cane Cutters,14 - 06,Steamrollers Desenvovimento,sao-paulo-football-league-2022,Estádio Jayme Cintra - Jundiaí/SP,,,
2022-04-10 10:00:00,ABC Corsários,00 - 36,Rhynos Academy,sao-paulo-football-league-2022,Guarulhos/SP,,,
2022-05-01 14:00:00,Caraguá Ghostship,07 - 08,ABC Corsários,sao-paulo-football-league-2022,Caraguatatuba/SP,,,
2022-05-15 10:00:00,Cruzeiro Guardians,50 - 06,Taubaté Football,sao-paulo-football-league-2022,Campo da CTI - Taubaté/SP,,,
2022-05-22 14:00:00,Piracicaba Cane Cutters,00 - 23,Guarás FA,sao-paulo-football-league-2022,Estádio Municipal - Rio das Pedras/SP,,,
2022-06-05 14:30:00,Cruzeiro Guardians,14 - 07,Mooca Destroyers,sao-paulo-football-league-2022,Estádio Municipal - Cruzeiro/SP,,,
2022-06-19 10:00:00,Guarás FA,36 - 06,Steamrollers Desenvovimento,sao-paulo-football-league-2022,Estádio João Roberto Vagula - Lençóis Paulista/SP,,,
2022-06-19 14:00:00,Caraguá Ghostship,00 - 32,Rhynos Academy,sao-paulo-football-league-2022,Sorocaba/SP,,,
2022-06-26 11:30:00,Taubaté Football,00 - 20,Mooca Destroyers,sao-paulo-football-league-2022,CT Touchdown - São Paulo/SP,,,
2022-07-03 10:00:56,Spartans Football,18 - 20,Corinthians Steamrollers,sao-paulo-football-league-2022,,,,
2022-07-03 14:00:31,Guarulhos Rhynos,38 - 15,Ocelots FA,sao-paulo-football-league-2022,,,,
2022-07-17 10:00:43,Rio Preto Weilers,56 - 14,Corinthians Steamrollers,sao-paulo-football-league-2022,,,,
2022-07-17 14:00:44,Moura Lacerda Dragons,21 - 34,Guarulhos Rhynos,sao-paulo-football-league-2022,,,,
2022-07-31 14:00:53,Rio Preto Weilers,28 - 20,Guarulhos Rhynos,sao-paulo-football-league-2022,,,,
2022-07-10 14:00:09,Tatuapé Monsters,19 - 22,Vikings FA,sao-paulo-football-league-2022,,,,
2022-07-03 11:00:03,Piracicaba Cane Cutters,07 - 10,Mooca Destroyers,sao-paulo-football-league-2022,,,,
2022-07-03 15:00:01,Cruzeiro Guardians,20 - 00,ABC Corsários,sao-paulo-football-league-2022,,,,
2022-07-24 10:00:46,Guarás FA,03 - 14,Cruzeiro Guardians,sao-paulo-football-league-2022,,,,
2022-07-24 14:00:45,Rhynos Academy,27 - 14,Mooca Destroyers,sao-paulo-football-league-2022,,,,
2022-07-30 10:00:51,Cruzeiro Guardians,14 - 09,Rhynos Academy,sao-paulo-football-league-2022,,,,
2022-03-12 14:30:00,Porto Alegre Pumpkins,27 - 20,Canoas Bulls,campeonato-gaucho-2022,Coelhão - Guaíba/RS,,,
2022-03-13 14:00:00,Juventude FA,03 - 05,Carlos Barbosa Ximangos,campeonato-gaucho-2022,Farroupilha/RS,,,
2022-03-19 15:00:00,Santa Cruz Chacais,15 - 02,Erechim Coroados,campeonato-gaucho-2022,Santa Cruz do Sul/RS,,,
2022-03-20 15:00:00,Santa Maria Soldiers,42 - 00,Bulldogs FA,campeonato-gaucho-2022,Estádio Presidente Vargas - Santa Maria/RS,,,
2022-04-02 15:00:00,Juventude FA,00 - 51,Canoas Bulls,campeonato-gaucho-2022,Farroupilha/RS,,,
2022-04-03 15:00:00,Carlos Barbosa Ximangos,12 - 30,Porto Alegre Pumpkins,campeonato-gaucho-2022,Estádio da Montanha - Bento Gonçalves/RS,,,
2022-04-09 15:00:00,Santa Cruz Chacais,00 - 16,Bulldogs FA,campeonato-gaucho-2022,Santa Cruz do Sul/RS,,,
2022-04-10 14:00:00,Erechim Coroados,00 - 44,Santa Maria Soldiers,campeonato-gaucho-2022,Erechim/RS,,,
2022-04-24 14:30:00,Porto Alegre Pumpkins,35 - 00,Juventude FA,campeonato-gaucho-2022,Coelhão - Guaíba/RS,,,
2022-04-24 15:00:00,Canoas Bulls,23 - 07,Carlos Barbosa Ximangos,campeonato-gaucho-2022,Centro Olímpico - Canoas/RS,,,
2022-05-01 14:00:00,Santa Maria Soldiers,21 - 00,Santa Cruz Chacais,campeonato-gaucho-2022,Estádio Presidente Vargas - Santa Maria/RS,,,
2022-05-01 14:00:00,Bulldogs FA,08 - 00,Erechim Coroados,campeonato-gaucho-2022,Campo do 11 Unidos - Venâncio Aires/RS,,,
2022-05-15 14:00:44,Santa Maria Soldiers,17 - 14,Porto Alegre Pumpkins,campeonato-gaucho-2022,,,,
2022-03-19 14:00:00,Maringá Pyros,30 - 27,Londrina Bristlebacks,campeonato-paranaense-2022,Estádio Willie Davids - Maringá/PR,,,
2022-03-20 14:30:00,Coritiba Crocodiles,06 - 03,Paraná HP,campeonato-paranaense-2022,Croco Stadium - Curitiba/PR,,,
2022-03-27 14:00:00,PRC Guardian Saints,14 - 03,Curitiba Lions,campeonato-paranaense-2022,Croco Stadium - Curitiba/PR,,,
2022-04-02 14:00:00,Cascavel Olympians,07 - 00,São Miguel Indians,campeonato-paranaense-2022,Cascavel/PR,,,
2022-04-09 14:00:00,Curitiba Lions,07 - 39,PRC Guardian Saints,campeonato-paranaense-2022,Croco Stadium - Curitiba/PR,,,
2022-04-10 14:00:00,Brown Spiders,06 - 20,Coritiba Crocodiles,campeonato-paranaense-2022,CT Barcelos - Curitiba/PR,,,
2022-04-23 14:00:00,Londrina Bristlebacks,13 - 10,Maringá Pyros,campeonato-paranaense-2022,Londrina/PR,,,
2022-05-07 14:00:00,São Miguel Indians,13 - 15,Cascavel Olympians,campeonato-paranaense-2022,Estádio Pr. Aurélio Canzi - São Miguel do Oeste/SC,,,
2022-05-14 19:00:00,Maringá Pyros,10 - 09,Londrina Bristlebacks,campeonato-paranaense-2022,Estádio Willie Davids - Maringá/PR,,,
2022-05-15 14:00:00,Paraná HP,23 - 06,Brown Spiders,campeonato-paranaense-2022,Centro Esportivo Fanático - Campo Largo/PR,,,
2022-06-04 14:00:00,Cascavel Olympians,14 - 36,Brown Spiders,campeonato-paranaense-2022,,,,
2022-06-05 14:00:41,Guardian Saints,21 - 23,Maringá Pyros,campeonato-paranaense-2022,,,,
2022-06-19 14:00:45,Londrina Bristlebacks,34 - 09,Guardian Saints,campeonato-paranaense-2022,,,,
2022-06-25 14:00:35,Cascavel Olympians,22 - 20,São Miguel Indians,campeonato-paranaense-2022,,,,
2022-06-26 14:00:20,Paraná HP,00 - 07,Brown Spiders,campeonato-paranaense-2022,,,,
2022-07-02 14:00:00,Londrina Bristlebacks,39 - 23,Cascavel Olympians,campeonato-paranaense-2022,,,,
2022-07-03 14:00:50,Coritiba Crocodiles,56 - 00,Maringá Pyros,campeonato-paranaense-2022,,,,
2022-07-31 14:00:16,Coritiba Crocodiles,35 - 07,Brown Spiders,campeonato-paranaense-2022,,,,
2019-10-06 14:30:17,Chape FA,00 - 26,Erechim Coroados,copa-oeste-2019,Chapecó/SC,,,
2019-10-27 14:00:21,Erechim Coroados,06 - 14,São Miguel Indians,copa-oeste-2019,Erechim/RS,,,
2019-11-10 14:30:17,São Miguel Indians,53 - 00,Chape FA,copa-oeste-2019,Estádio Pr. Aurélio Canzi - São Miguel do Oeste/SC,,,
2019-09-22 14:30:00,América Big Riders,09 - 07,Piratas de Copacabana,taca-rio-2019,Louzadão - Mesquita/RJ,,,
2019-10-13 14:30:00,Piratas de Copacabana,14 - 12,Nova Iguaçu FA,taca-rio-2019,Louzadão - Mesquita/RJ,,,
2019-10-27 14:30:00,Nova Iguaçu FA,44 - 46,América Big Riders,taca-rio-2019,Louzadão - Mesquita/RJ,,,
2019-11-24 14:30:39,América Big Riders,24 - 06,Piratas de Copacabana,taca-rio-2019,Louzadão - Mesquita/RJ,,,
2019-09-22 10:00:00,Juiz de Fora Imperadores,56 - 00,Golden Lions,copa-ouro-2019,Campo da Faefid - Juiz de Fora/MG,,,
2019-10-12 15:00:00,Galo FA,42 - 00,Locomotiva FA,copa-ouro-2019,Faculdade Universo - Belo Horizonte/MG,,,
2019-10-27 14:00:00,Golden Lions,00 - 21,Galo FA,copa-ouro-2019,Belo Horizonte/MG,,,
2019-10-27 14:00:00,Juiz de Fora Imperadores,29 - 00,Locomotiva FA,copa-ouro-2019,Campo da Faefid - Juiz de Fora/MG,,,
2019-11-16 14:00:00,Locomotiva FA,43 - 00,Golden Lions,copa-ouro-2019,Faculdade Universo - Belo Horizonte/MG,,,
2019-11-24 14:00:00,Galo FA,03 - 15,Juiz de Fora Imperadores,copa-ouro-2019,Belo Horizonte/MG,,,
2019-12-08 14:00:41,Juiz de Fora Imperadores,20 - 19,Galo FA,copa-ouro-2019,Esporte Clube Benfica - Juiz de Fora/MG,,,
2019-08-11 09:30:00,PRC Guardian Saints,37 - 00,Guarapuava DarkWolves,copa-sul-2019,Croco Stadium - Curitiba/PR,,,
2019-08-24 14:30:00,Bugios Indaial,12 - 34,Almirantes FA,copa-sul-2019,Indaial/SC,,,
2019-08-25 14:00:00,Wolves UTFPR-CP,00 - 33,Street Dogs FA,copa-sul-2019,Estádio Municipal - Cornélio Procópio/PR,,,
2019-08-25 14:30:00,Brusque Weavers,10 - 26,Blumenau Vikings,copa-sul-2019,Brusque/SC,,,
2019-09-15 14:30:00,PRC Guardian Saints,30 - 00,Street Dogs FA,copa-sul-2019,Croco Stadium - Curitiba/PR,,,
2019-09-22 14:00:00,Guarapuava DarkWolves,32 - 14,Wolves UTFPR-CP,copa-sul-2019,Campo Municipal - Guarapuava/PR,,,
2019-10-19 15:00:00,Bulldogs FA,52 - 00,Bugios Indaial,copa-sul-2019,Estádio Edmundo Feix - Venâncio Aires/RS,,,
2019-10-20 09:30:00,Street Dogs FA,00 - 10,Guarapuava DarkWolves,copa-sul-2019,Campo Largo/PR,,,
2019-10-20 14:00:00,Wolves UTFPR-CP,13 - 41,PRC Guardian Saints,copa-sul-2019,Estádio Municipal - Cornélio Procópio/PR,,,
2019-10-20 14:30:00,Blumenau Vikings,21 - 00,JEC Gladiators,copa-sul-2019,Associação Haco - Blumenau/SC,,,
2019-10-26 15:00:00,Almirantes FA,29 - 06,Bulldogs FA,copa-sul-2019,Estádio Camilo Mussi - Itajaí/SC,,,
2019-10-27 14:00:00,JEC Gladiators,07 - 18,Brusque Weavers,copa-sul-2019,Grêmio Whirlpool - Joinville/SC,,,
2019-11-09 14:00:25,Guardian Saints,13 - 17,Blumenau Vikings,copa-sul-2019,,,,
2019-11-17 15:00:26,Almirantes FA,31 - 00,Guarapuava DarkWolves,copa-sul-2019,,,,
2019-12-07 14:30:30,Almirantes FA,28 - 17,Blumenau Vikings,copa-sul-2019,,,,
2019-08-25 10:00:00,Campo Mourão Black Rams,06 - 20,Curitiba Lions,copa-fronteira-2019,Peabiru/PR,,,
2019-09-01 14:00:00,Cascavel Olympians,13 - 08,Foz Black Sharks,copa-fronteira-2019,Estádio Ninho da Cobra - Cascavel/PR,,,
2019-09-15 14:00:00,Francisco Beltrão Red Feet,09 - 03,Cascavel Olympians,copa-fronteira-2019,Francisco Beltrão/PR,,,
2019-10-06 14:00:00,Foz Black Sharks,29 - 00,Campo Mourão Black Rams,copa-fronteira-2019,Campo da AKLP - Foz do Iguaçu/PR,,,
2019-10-12 14:00:00,Curitiba Lions,00 - 30,Francisco Beltrão Red Feet,copa-fronteira-2019,Croco Stadium - Curitiba/PR,,,
2019-10-27 10:00:00,Cascavel Olympians,10 - 06,Curitiba Lions,copa-fronteira-2019,Cascavel/PR,,,
2019-11-02 14:00:00,Foz Black Sharks,16 - 13,Francisco Beltrão Red Feet,copa-fronteira-2019,Campo da AKLP - Foz do Iguaçu/PR,,,
2019-11-10 00:00:00,Campo Mourão Black Rams,00:00:00Cancel.,Cascavel Olympians,copa-fronteira-2019,Peabiru/PR,,,
2019-11-16 00:00:00,Curitiba Lions,00:00:00Cancel.,Foz Black Sharks,copa-fronteira-2019,Curitiba/PR,,,
2019-11-17 00:00:00,Francisco Beltrão Red Feet,00:00:00Cancel.,Campo Mourão Black Rams,copa-fronteira-2019,Francisco Beltrão/PR,,,
2019-12-08 09:00:00,Foz do Iguaçu Black Sharks,26 - 13,Curitiba Lions,copa-fronteira-2019,,,,
2019-12-08 14:00:00,Cascavel Olympians,14 - 10,Francisco Beltrão Red Feet,copa-fronteira-2019,,,,
2019-10-05 14:00:00,Carlos Barbosa Ximangos,28 - 00,Ijuí Drones,copa-rs-2019,Clube Serrano - Carlos Barbosa/RS,,,
2019-10-20 14:30:00,Carlos Barbosa Ximangos,30 - 00,Gravataí Spartans,copa-rs-2019,Clube Serrano - Carlos Barbosa/RS,,,
2019-11-09 14:00:00,Gravataí Spartans,33 - 13,Ijuí Drones,copa-rs-2019,Grêmio Esportivo Nacional - São Leopoldo/RS,,,
2019-11-30 14:30:00,Carlos Barbosa Ximangos,38 - 00,Gravataí Spartans,copa-rs-2019,,,,
2019-07-21 10:00:00,Corinthians Steamrollers,15 - 21,Caraguá Ghostship,pick-six-cup-2019,CECE Benedito de Lima - Jundiaí/SP,,,
2019-07-21 14:00:00,Cajamar Hunters,00 - 40,Cruzeiro Guardians,pick-six-cup-2019,CECE Benedito de Lima - Jundiaí/SP,,,
2019-07-28 10:00:00,Tatuapé Monsters,02 - 21,Tatuapé Black Panthers,pick-six-cup-2019,São Bernardo do Campo/SP,,,
2019-07-28 14:00:00,ABC Corsários,00 - 27,Vikings FA,pick-six-cup-2019,Mauá/SP,,,
2019-08-11 10:00:00,Tatuapé Black Panthers,06 - 32,Werewolves Football,pick-six-cup-2019,São Paulo/SP,,,
2019-08-11 10:00:00,ABC Corsários,00 - 52,,pick-six-cup-2019,São Paulo/SP,,,
2019-08-18 09:30:00,Scelta Guardians,32 - 06,São Roque Fighters,pick-six-cup-2019,Ferraz de Vasconcelos/SP,,,
2019-08-18 10:00:00,Cruzeiro Guardians,39 - 00,Tatuapé Monsters,pick-six-cup-2019,CEMUG - Caraguatatuba/SP,,,
2019-08-18 13:30:00,Corinthians Steamrollers,27 - 06,Orange Machine,pick-six-cup-2019,Ferraz de Vasconcelos/SP,,,
2019-08-18 14:00:00,Caraguá Ghostship,06 - 35,São José Jets,pick-six-cup-2019,CEMUG - Caraguatatuba/SP,,,
2019-09-15 10:00:00,Caraguá Ghostship,25 - 00,Tatuapé Monsters,pick-six-cup-2019,São José dos Campos/SP,,,
2019-09-15 10:00:00,São Roque Fighters,40 - 00,Cajamar Hunters,pick-six-cup-2019,Itapetininga/SP,,,
2019-09-15 10:00:00,Vikings FA,06 - 07,,pick-six-cup-2019,Rio Grande da Serra/SP,,,
2019-09-15 14:00:00,São José Jets,09 - 00,Cruzeiro Guardians,pick-six-cup-2019,São José dos Campos/SP,,,
2019-09-15 14:00:00,Orange Machine,00 - 35,Scelta Guardians,pick-six-cup-2019,Itapetininga/SP,,,
2019-09-15 14:00:00,Werewolves Football,22 - 17,ABC Corsários,pick-six-cup-2019,Rio Grande da Serra/SP,,,
2019-10-06 10:00:00,São Roque Fighters,22 - 14,Orange Machine,pick-six-cup-2019,Sorocaba/SP,,,
2019-10-06 10:00:00,Werewolves Football,08 - 31,,pick-six-cup-2019,Rio Grande da Serra/SP,,,
2019-10-06 14:00:00,Scelta Guardians,44 - 00,Corinthians Steamrollers,pick-six-cup-2019,Sorocaba/SP,,,
2019-10-06 14:00:00,Vikings FA,07 - 00,Tatuapé Black Panthers,pick-six-cup-2019,Rio Grande da Serra/SP,,,
2019-10-13 11:00:00,São José Jets,48 - 00,Cajamar Hunters,pick-six-cup-2019,CT Touchdown - São Paulo/SP,,,
2019-10-13 14:00:00,Tatuapé Monsters,28 - 20,ABC Corsários,pick-six-cup-2019,CT Touchdown - São Paulo/SP,,,
2019-10-27 10:00:00,São José Jets,20 - 44,Scelta Guardians,pick-six-cup-2019,Estádio Municipal - Cruzeiro/SP,,,
2019-10-27 10:00:00,Orange Machine,00 - 06,Cajamar Hunters,pick-six-cup-2019,São Roque/SP,,,
2019-10-27 10:00:00,Vikings FA,07 - 26,Werewolves Football,pick-six-cup-2019,São Bernardo do Campo/SP,,,
2019-10-27 14:00:00,Cruzeiro Guardians,13 - 00,Caraguá Ghostship,pick-six-cup-2019,Estádio Municipal - Cruzeiro/SP,,,
2019-10-27 14:00:00,São Roque Fighters,07 - 07,Corinthians Steamrollers,pick-six-cup-2019,São Roque/SP,,,
2019-10-27 14:00:00,Tatuapé Black Panthers,51 - 06,,pick-six-cup-2019,São Bernardo do Campo/SP,,,
2019-11-10 09:00:00,Barueri Guardians,38 - 00,Tatuapé Monsters,pick-six-cup-2019,,,,
2019-11-10 10:00:00,São Roque Fighters,06 - 20,São José Jets,pick-six-cup-2019,,,,
2019-11-10 15:00:13,Vikings FA,00 - 07,Cruzeiro Guardians,pick-six-cup-2019,,,,
2019-11-24 10:00:00,São Bernardo Avengers,07 - 14,Barueri Guardians,pick-six-cup-2019,,,,
2019-11-24 14:00:00,São José Jets,12 - 15,Cruzeiro Guardians,pick-six-cup-2019,,,,
2019-12-15 14:00:00,Barueri Guardians,28 - 00,Cruzeiro Guardians,pick-six-cup-2019,,,,
2019-07-28 10:00:00,Sertãozinho Bullcaners,00 - 07,Pirajuí Golden Warriors,copa-mogiana-2019,Centro Olímpico Zeferina Baldaia - Sertãozinho/SP,,,
2019-08-11 14:00:00,Zebus Redwolves,10 - 29,Uberlândia Lobos,copa-mogiana-2019,Uberaba/MG,,,
2019-08-25 10:00:00,Prudente Thunders,00 - 14,Monte Alto Rippers,copa-mogiana-2019,Prudentão - Presidente Prudente/SP,,,
2019-09-21 14:00:00,Monte Alto Rippers,49 - 08,Sertãozinho Bullcaners,copa-mogiana-2019,Estádio Municipal - Monte Alto/SP,,,
2019-09-22 10:00:00,Pirajuí Golden Warriors,10 - 15,Prudente Thunders,copa-mogiana-2019,Pirajuí/SP,,,
2019-10-06 11:00:00,Franca Carrascos,33 - 17,Zebus Redwolves,copa-mogiana-2019,Franca/SP,,,
2019-10-20 10:00:00,Prudente Thunders,25 - 00,Sertãozinho Bullcaners,copa-mogiana-2019,Pirajuí/SP,,,
2019-10-20 14:00:00,Pirajuí Golden Warriors,33 - 06,Monte Alto Rippers,copa-mogiana-2019,Pirajuí/SP,,,
2019-11-10 10:00:00,Uberlândia Lobos,33 - 00,Franca Carrascos,copa-mogiana-2019,Uberlândia/MG,,,
2019-11-24 09:30:00,Uberlândia Lobos,13 - 21,Monte Alto Rippers,copa-mogiana-2019,,,,
2019-11-24 11:00:00,Pirajuí Golden Warriors,37 - 00,Franca Carrascos,copa-mogiana-2019,,,,
2019-12-08 11:00:00,Pirajuí Golden Warriors,07 - 17,Monte Alto Rippers,copa-mogiana-2019,,,,
2019-02-24 14:00:59,São Paulo,17 - 23,Paraná,torneio-de-selecoes-sub-20-2019,,,,
2019-07-21 09:00:00,Vingadores FA,14 - 16,Remo Lions,bfa-norte-2019,Escola Superior de Educação Física - Belém/PA,,,
2019-07-21 14:30:00,Paysandu Lobos,00 - 32,Belém Titans,bfa-norte-2019,Escola Superior de Educação Física - Belém/PA,,,
2019-08-04 14:00:00,Paysandu Lobos,14 - 00,Tupinambás FA,bfa-norte-2019,Escola Superior de Educação Física - Belém/PA,,,
2019-08-04 14:30:00,Belém Titans,02 - 33,Vingadores FA,bfa-norte-2019,Estádio Abelardo Conduru - Belém/PA,,,
2019-08-04 15:00:00,Manaus FA,13 - 05,São Raimundo C. Cavaliers,bfa-norte-2019,Estádio Álvaro Maranhão - Iranduba/AM,,,
2019-08-18 09:00:00,Vingadores FA,53 - 06,Paysandu Lobos,bfa-norte-2019,Escola Superior de Educação Física - Belém/PA,,,
2019-08-18 10:00:00,Tupinambás FA,00 - 47,Remo Lions,bfa-norte-2019,São Luís/MA,,,
2019-09-01 09:00:00,São Raimundo C. Cavaliers,13 - 00,Manaus FA,bfa-norte-2019,Vila Olímpica - Manaus/AM,,,
2019-09-15 09:00:00,Remo Lions,30 - 07,Belém Titans,bfa-norte-2019,Escola Superior de Educação Física - Belém/PA,,,
2019-09-15 09:00:00,Tupinambás FA,00 - 43,Vingadores FA,bfa-norte-2019,São Luís/MA,,,
2019-09-29 15:00:00,Manaus FA,25 - 03,São Raimundo C. Cavaliers,bfa-norte-2019,Vila Olímpica - Manaus/AM,,,
2019-10-05 09:00:00,Remo Lions,41 - 06,Paysandu Lobos,bfa-norte-2019,Escola Superior de Educação Física - Belém/PA,,,
2019-10-05 14:00:00,Belém Titans,49 - 00,Tupinambás FA,bfa-norte-2019,W.O.,,,
2019-10-27 13:00:00,Manaus FA,06 - 03,São Raimundo C. Cavaliers,bfa-norte-2019,CEPE - Manaus/AM,,,
2019-11-02 18:30:32,Remo Lions,20 - 31,Vingadores FA,bfa-norte-2019,,,,
2019-11-30 16:00:12,Manaus FA,13 - 10,Vingadores FA,bfa-norte-2019,,,,
,,,,bfa-acesso-2019,,,Sorriso Hornets,
2019-07-06 17:00:00,Carrancas FA,49 - 00,Roma Gladiadores,bfa-acesso-2019,Estádio Paulo Coelho - Petrolina/PE,,,
2019-07-07 09:00:00,São Luís Sharks,30 - 23,Fortaleza Tritões,bfa-acesso-2019,SESI Araçagi - São José de Ribamar/MA,,,
2019-07-07 15:00:00,Caruaru Wolves,16 - 06,Tropa Campina,bfa-acesso-2019,Lacerdão - Caruaru/PE,,,
2019-07-28 14:00:00,Tropa Campina,09 - 00,Mariners Development,bfa-acesso-2019,,,,
2019-07-28 14:00:00,Fortaleza Tritões,00 - 55,Carrancas FA,bfa-acesso-2019,Estádio Murilão - Fortaleza/CE,,,
2019-08-11 09:00:00,Mariners Development,02 - 46,Caruaru Wolves,bfa-acesso-2019,Arena de Pernambuco - São Lourenço da Mata/PE,,,
2019-08-11 09:30:00,Roma Gladiadores,00 - 44,São Luís Sharks,bfa-acesso-2019,SESI Barra do Ceará - Fortaleza/CE,,,
2019-08-25 09:00:00,Recife Apaches,18 - 06,Maceió Marechais,bfa-acesso-2019,Arena de Pernambuco - São Lourenço da Mata/PE,,,
2019-09-01 14:00:00,Fortaleza Tritões,10 - 08,Roma Gladiadores,bfa-acesso-2019,Estádio Murilão - Fortaleza/CE,,,
2019-09-08 14:00:00,Recife Apaches,14 - 00,Sergipe Redentores,bfa-acesso-2019,Estádio Grito da República - Olinda/PE,,,
2019-09-22 14:00:00,Caruaru Wolves,60 - 00,Mariners Development,bfa-acesso-2019,Lacerdão - Caruaru/PE,,,
2019-10-05 17:00:00,Carrancas FA,43 - 26,São Luís Sharks,bfa-acesso-2019,Estádio Paulo Coelho - Petrolina/PE,,,
2019-10-06 14:00:00,Sergipe Redentores,13 - 14,Maceió Marechais,bfa-acesso-2019,Nossa Senhora do Socorro/SE,,,
2019-10-20 10:00:00,Roma Gladiadores,00 - 29,Recife Apaches,bfa-acesso-2019,SESI Barra do Ceará - Fortaleza/CE,,,
2019-10-20 10:00:00,São Luís Sharks,49 - 00,Tropa Campina,bfa-acesso-2019,W.O.,,,
2019-10-20 14:00:00,Maceió Marechais,13 - 19,Caruaru Wolves,bfa-acesso-2019,Maceió/AL,,,
2019-10-27 10:30:00,Mariners Development,07 - 40,Sergipe Redentores,bfa-acesso-2019,CT Unibol - Paulista/PE,,,
2019-10-27 14:00:00,Tropa Campina,00 - 49,Carrancas FA,bfa-acesso-2019,W.O.,,,
2019-07-13 13:30:00,Goiânia Saints,20 - 00,Leões De Judá B,bfa-acesso-2019,Estádio Olímpico - Goiânia/GO,,,
2019-07-14 14:00:00,Brasília Wizards,00 - 54,Brasília V8,bfa-acesso-2019,Estádio Augustinho Lima - Sobradinho/DF,,,
2019-08-10 09:00:00,Leões De Judá B,14 - 20,Brasília V8,bfa-acesso-2019,Abadião - Ceilândia/DF,,,
2019-09-01 10:00:00,Brasília V8,26 - 07,Goiânia Saints,bfa-acesso-2019,Estádio Augustinho Lima - Sobradinho/DF,,,
2019-10-06 17:00:00,Goiânia Saints,51 - 10,Brasília Wizards,bfa-acesso-2019,Goiânia/GO,,,
2019-11-10 09:00:00,Leões De Judá B,14 - 12,Brasília Wizards,bfa-acesso-2019,Estádio Chapadinha - Brasilândia/DF,,,
2019-07-27 16:00:00,Betim Bulldogs,24 - 18,Tigres FA,bfa-acesso-2019,Estádio Jadir Xavier - Betim/MG,,,
2019-07-28 14:00:00,Blaze FA,24 - 00,ES Black Knights,bfa-acesso-2019,Cerezão - Rio de Janeiro/RJ,,,
2019-07-28 15:00:00,Contagem Inconfidentes,48 - 28,Nova Serrana Forgeds,bfa-acesso-2019,Arena Frigoarnaldo - Contagem/MG,,,
2019-08-03 17:00:00,Independente Tomahawk,14 - 31,Mooca Destroyers,bfa-acesso-2019,Pradão - Limeira/SP,,,
2019-08-04 10:00:00,Delta Football,14 - 00,Pouso Alegre Gladiadores,bfa-acesso-2019,Arena Esportiva - Volta Redonda/RJ,,,
2019-08-04 11:00:00,Dark Owls FA,00 - 12,Palmeiras Locomotives,bfa-acesso-2019,Campo do União - Silva Jardim/RJ,,,
2019-08-04 14:00:00,Spartans Football,26 - 00,Tatuapé Monsters,bfa-acesso-2019,CT Touchdown - São Paulo/SP,,,
2019-08-04 14:30:00,Rio Preto Weilers,39 - 00,Sorocaba Vipers,bfa-acesso-2019,Teixeirão - S. J. do Rio Preto/SP,,,
2019-08-17 14:00:00,Tigres FA,13 - 47,Contagem Inconfidentes,bfa-acesso-2019,Ipatingão - Ipatinga/MG,,,
2019-08-17 14:00:00,Pouso Alegre Gladiadores,02 - 33,Independente Tomahawk,bfa-acesso-2019,UNIVÁS - Pouso Alegre/MG,,,
2019-08-17 14:00:00,Nova Serrana Forgeds,20 - 19,Betim Bulldogs,bfa-acesso-2019,Campo Frei Ambrósio - Nova Serrana/MG,,,
2019-08-17 19:00:00,Mooca Destroyers,14 - 20,Delta Football,bfa-acesso-2019,GDR 7 de Setembro - São Paulo/SP,,,
2019-08-18 11:00:00,Palmeiras Locomotives,22 - 32,Blaze FA,bfa-acesso-2019,Clube de Campo do Palmeiras - São Paulo/SP,,,
2019-08-18 14:00:00,ES Black Knights,34 - 07,Dark Owls FA,bfa-acesso-2019,Campo Nacional - Vila Velha/ES,,,
2019-08-25 10:00:00,Sorocaba Vipers,08 - 12,Tatuapé Monsters,bfa-acesso-2019,Sorocaba/SP,,,
2019-08-25 14:00:00,Spartans Football,00 - 21,Rio Preto Weilers,bfa-acesso-2019,CT Touchdown - São Paulo/SP,,,
2019-08-31 15:00:00,Betim Bulldogs,49 - 00,Dark Owls FA,bfa-acesso-2019,W.O.,,,
2019-09-01 15:00:00,Contagem Inconfidentes,41 - 33,Blaze FA,bfa-acesso-2019,Contagem/MG,,,
2019-09-14 14:00:00,Nova Serrana Forgeds,16 - 33,Palmeiras Locomotives,bfa-acesso-2019,Campo Frei Ambrósio - Nova Serrana/MG,,,
2019-09-15 10:00:00,Tigres FA,27 - 20,ES Black Knights,bfa-acesso-2019,Ipatingão - Ipatinga/MG,,,
2019-09-15 10:00:00,Delta Football,21 - 07,Spartans Football,bfa-acesso-2019,Clube dos Coroados - Valença/RJ,,,
2019-09-22 10:00:00,Sorocaba Vipers,00 - 24,Independente Tomahawk,bfa-acesso-2019,Sorocaba/SP,,,
2019-09-22 14:00:00,Rio Preto Weilers,52 - 00,Pouso Alegre Gladiadores,bfa-acesso-2019,Teixeirão - S. J. do Rio Preto/SP,,,
2019-09-22 14:00:00,Tatuapé Monsters,21 - 19,Mooca Destroyers,bfa-acesso-2019,CT Touchdown - São Paulo/SP,,,
2019-09-28 14:00:00,Palmeiras Locomotives,17 - 12,Contagem Inconfidentes,bfa-acesso-2019,CT Touchdown - São Paulo/SP,,,
2019-09-29 14:00:00,ES Black Knights,45 - 28,Betim Bulldogs,bfa-acesso-2019,Campo Nacional - Vila Velha/ES,,,
2019-10-06 14:00:00,Pouso Alegre Gladiadores,00 - 13,Sorocaba Vipers,bfa-acesso-2019,UNIVÁS - Pouso Alegre/MG,,,
2019-10-06 14:00:00,Tatuapé Monsters,27 - 23,Delta Football,bfa-acesso-2019,CT Touchdown - São Paulo/SP,,,
2019-10-12 14:00:00,Dark Owls FA,00 - 49,Tigres FA,bfa-acesso-2019,W.O.,,,
2019-10-12 14:00:00,Blaze FA,42 - 17,Nova Serrana Forgeds,bfa-acesso-2019,C.E. Univ. Castelo Branco - Rio de Janeiro/RJ,,,
2019-10-12 17:00:00,Independente Tomahawk,00 - 49,Rio Preto Weilers,bfa-acesso-2019,Pradão - Limeira/SP,,,
2019-10-13 08:00:00,Mooca Destroyers,07 - 34,Spartans Football,bfa-acesso-2019,CT Touchdown - São Paulo/SP,,,
2019-07-06 14:00:00,Moon Howlers FA,12 - 22,Porto Alegre Gorillas,bfa-acesso-2019,Croco Stadium - Curitiba/PR,,,
2019-07-13 14:00:00,Armada Lions,14 - 00,Santa Cruz Chacais,bfa-acesso-2019,Grêmio Esportivo Nacional - São Leopoldo/RS,,,
2019-08-03 14:00:00,Santa Cruz Chacais,06 - 19,Brown Spiders,bfa-acesso-2019,Estádio dos Plátanos - Santa Cruz do Sul/RS,,,
2019-08-10 14:00:00,Porto Alegre Gorillas,07 - 24,Canoas Bulls,bfa-acesso-2019,Parque Esportivo PUCRS - Porto Alegre/RS,,,
2019-08-24 14:00:00,Canoas Bulls,29 - 06,Santa Cruz Chacais,bfa-acesso-2019,Grêmio Esportivo Nacional - São Leopoldo/RS,,,
2019-08-24 14:00:00,Juventude FA,00 - 54,Armada Lions,bfa-acesso-2019,Farroupilha/RS,,,
2019-08-25 14:00:00,Brown Spiders,24 - 03,Moon Howlers FA,bfa-acesso-2019,Centro Politécnico UFPR - Curitiba/PR,,,
2019-09-08 13:30:04,Canoas Bulls,21 - 03,Juventude FA,bfa-acesso-2019,Estádio da Montanha - Bento Gonçalves/RS,,,
2019-09-21 14:00:00,Armada Lions,30 - 00,Moon Howlers FA,bfa-acesso-2019,Parque Esportivo PUCRS - Porto Alegre/RS,,,
2019-09-22 14:00:06,Juventude FA,10 - 28,Porto Alegre Gorillas,bfa-acesso-2019,Farroupilha/RS,,,
2019-10-05 14:00:00,Brown Spiders,50 - 09,Canoas Bulls,bfa-acesso-2019,Centro Politécnico UFPR - Curitiba/PR,,,
2019-10-12 14:00:00,Porto Alegre Gorillas,18 - 20,Armada Lions,bfa-acesso-2019,Parque Esportivo PUCRS - Porto Alegre/RS,,,
2019-10-26 14:00:13,Moon Howlers FA,00 - 28,Brown Spiders,bfa-acesso-2019,Croco Stadium - Curitiba/PR,,,
2019-10-27 14:00:00,Santa Cruz Chacais,14:00:00Cancel.,Juventude FA,bfa-acesso-2019,Estádio dos Plátanos - Santa Cruz do Sul/RS,,,
2019-10-26 14:00:00,Rio Preto Weilers,37 - 06,Espírito Santo Black Knights,bfa-acesso-2019,,,,
2019-10-26 15:00:00,Tigres FA,21 - 37,Tomahawk FA,bfa-acesso-2019,,,,
2019-10-27 14:30:00,Tatuapé Monsters,12 - 21,Blaze FA,bfa-acesso-2019,,,,
2019-10-27 15:00:00,Contagem Inconfidentes,33 - 13,Delta Football,bfa-acesso-2019,,,,
2019-11-02 14:00:41,Caruaru Wolves,16 - 00,Maceió Marechais,bfa-acesso-2019,,,,
2019-11-10 10:00:50,Contagem Inconfidentes,23 - 17,Tomahawk FA,bfa-acesso-2019,,,,
2019-11-10 14:00:25,Rio Preto Weilers,31 - 00,Blaze FA,bfa-acesso-2019,,,,
2019-11-23 18:00:56,Armada Lions,14 - 07,Canoas Bulls,bfa-acesso-2019,,,,
2019-11-24 10:00:19,Brasília V8,19 - 15,Goiânia Saints,bfa-acesso-2019,,,,
2019-11-24 14:00:15,Rio Preto Weilers,56 - 27,Contagem Inconfidentes,bfa-acesso-2019,,,,
2019-11-24 14:00:27,Brown Spiders,36 - 02,Porto Alegre Gorillas,bfa-acesso-2019,,,,
2019-11-24 14:00:53,Recife Apaches,12 - 06,São Luís Sharks,bfa-acesso-2019,,,,
2019-11-30 17:00:45,Carrancas FA,00 - 07,Caruaru Wolves,bfa-acesso-2019,,,,
2019-12-07 14:00:23,Brown Spiders,24 - 21,Armada Lions,bfa-acesso-2019,,,,
2019-12-08 14:00:28,Recife Apaches,00 - 27,Caruaru Wolves,bfa-acesso-2019,,,,
2019-03-31 14:30:40,Dourados Redlands,00 - 48,CG Predadores,campeonato-sul-matogrossense-2019,,,,
2019-04-14 14:30:34,CG Predadores,37 - 00,Dourados Tenentes,campeonato-sul-matogrossense-2019,Parque Municipal - Terenos/MS,,,
2019-04-28 14:30:57,Dourados Tenentes,00 - 06,Dourados Redlands,campeonato-sul-matogrossense-2019,Estádio Chavinha - Itaporã/MS,,,
2019-05-19 14:30:40,Campo Grande Predadores,47 - 00,Dourados Redlands,campeonato-sul-matogrossense-2019,,,,
2019-04-28 15:00:00,Bulls Potiguares 2,31 - 23,Patos FA,copa-nordeste-2019,,,,
2019-05-12 09:00:00,Recife Horses,09 - 14,Santana Red Bulls,copa-nordeste-2019,,,,
2019-05-12 15:00:00,Patos FA,03 - 09,São Bento Snakes,copa-nordeste-2019,,,,
2019-05-26 14:00:00,São Bento Snakes,20 - 26,Bulls Potiguares 2,copa-nordeste-2019,,,,
2019-08-10 18:00:00,Santana Red Bulls,25 - 14,Bulls Potiguares 2,copa-nordeste-2019,,,,
2019-06-30 14:00:00,João Pessoa Espectros,58 - 13,Santa Cruz Pirates,bfa-2019,Vila Olímpica Parahyba - João Pessoa/PB,,,
2019-06-30 15:00:00,América Bulls,32 - 06,Parnamirim Scorpions,bfa-2019,SESI - Natal/RN,,,
2019-07-06 16:00:00,Ceará Caçadores,44 - 10,Mossoró Petroleiros,bfa-2019,Estádio Presidente Vargas - Fortaleza/CE,,,
2019-07-14 16:00:00,Mossoró Petroleiros,15 - 07,Parnamirim Scorpions,bfa-2019,Estádio Nogueirão - Mossoró/RN,,,
2019-07-21 14:00:00,Santa Cruz Pirates,14 - 19,Cavalaria 2 de Julho,bfa-2019,Arena de Pernambuco - São Lourenço da Mata/PE,,,
2019-07-21 15:00:00,América Bulls,21 - 30,Recife Mariners,bfa-2019,Arena das Dunas - Natal/RN,,,
2019-08-03 18:30:00,Cavalaria 2 de Julho,00 - 30,João Pessoa Espectros,bfa-2019,Estádio Municipal - Santo Amaro/BA⠀,,,
2019-08-04 15:00:00,Parnamirim Scorpions,03 - 66,América Bulls,bfa-2019,SESI - Natal/RN,,,
2019-08-04 16:00:00,Mossoró Petroleiros,10 - 51,Ceará Caçadores,bfa-2019,Estádio Nogueirão - Mossoró/RN,,,
2019-08-11 14:00:00,Recife Mariners,28 - 07,Santa Cruz Pirates,bfa-2019,Arena de Pernambuco - São Lourenço da Mata/PE,,,
2019-08-24 17:00:00,Cavalaria 2 de Julho,40 - 00,Parnamirim Scorpions,bfa-2019,Estádio de Pituaçu - Salvador/BA,,,
2019-08-25 14:00:00,Santa Cruz Pirates,00 - 52,João Pessoa Espectros,bfa-2019,Arena de Pernambuco - São Lourenço da Mata/PE,,,
2019-08-25 14:00:00,América Bulls,21 - 15,Mossoró Petroleiros,bfa-2019,Vila Olímpica - Macaíba/RN,,,
2019-08-25 15:00:00,Ceará Caçadores,34 - 36,Recife Mariners,bfa-2019,Fortaleza/CE,,,
2019-08-31 14:00:00,Cavalaria 2 de Julho,06 - 43,Recife Mariners,bfa-2019,Estádio Gileno de Carli - Cabo de Sto. Agostinho/PE,,,
2019-09-01 14:00:00,João Pessoa Espectros,52 - 21,Ceará Caçadores,bfa-2019,Vila Olímpica Parahyba - João Pessoa/PB,,,
2019-09-14 14:00:00,Recife Mariners,35 - 06,Cavalaria 2 de Julho,bfa-2019,Arena de Pernambuco - São Lourenço da Mata/PE,,,
2019-09-15 14:00:00,Santa Cruz Pirates,20 - 14,Mossoró Petroleiros,bfa-2019,Arena de Pernambuco - São Lourenço da Mata/PE,,,
2019-09-15 14:00:00,João Pessoa Espectros,65 - 07,América Bulls,bfa-2019,Vila Olímpica Parahyba - João Pessoa/PB,,,
2019-09-15 15:00:00,Parnamirim Scorpions,00 - 55,Ceará Caçadores,bfa-2019,SESI - Natal/RN,,,
2019-09-29 14:00:00,Recife Mariners,35 - 19,João Pessoa Espectros,bfa-2019,Arena de Pernambuco - São Lourenço da Mata/PE,,,
2019-09-29 14:00:00,Mossoró Petroleiros,14 - 08,Cavalaria 2 de Julho,bfa-2019,Estádio Nogueirão - Mossoró/RN,,,
2019-09-29 15:00:00,Parnamirim Scorpions,06 - 31,Santa Cruz Pirates,bfa-2019,SESI - Natal/RN,,,
2019-09-29 16:00:00,Ceará Caçadores,27 - 15,América Bulls,bfa-2019,Estádio Presidente Vargas - Fortaleza/CE,,,
2019-06-29 14:30:00,CG Predadores,07 - 18,Gama Leões de Judá,bfa-2019,Estadio Municipal - São Gabriel do Oeste/MS,,,
2019-06-29 18:00:00,Sorriso Hornets,16 - 03,Cuiabá Arsenal,bfa-2019,Toca do Lobo - Sorriso/MT,,,
2019-07-06 14:30:00,Brasília Templários,00 - 79,Tubarões do Cerrado,bfa-2019,UCB - Brasília/DF,,,
2019-07-06 18:00:00,Rondonópolis Hawks,45 - 33,Sinop Coyotes,bfa-2019,Estádio Eng. Luthero Lopes - Rondonópolis/MT,,,
2019-07-20 14:00:00,Tubarões do Cerrado,56 - 00,CG Predadores,bfa-2019,Estádio Augustinho Lima - Sobradinho/DF,,,
2019-07-20 14:00:00,Gama Leões de Judá,53 - 00,Brasília Templários,bfa-2019,UCB - Brasília/DF,,,
2019-07-27 17:00:00,Sinop Coyotes,20 - 31,Sorriso Hornets,bfa-2019,Estádio Gigante do Norte - Sinop/MT,,,
2019-07-28 14:00:00,Cuiabá Arsenal,35 - 32,Rondonópolis Hawks,bfa-2019,44° BIM - Cuiabá/MT,,,
2019-08-10 14:00:00,Gama Leões de Judá,02 - 46,Tubarões do Cerrado,bfa-2019,Abadião - Ceilândia/DF,,,
2019-08-17 14:00:00,Rondonópolis Hawks,25 - 22,Sorriso Hornets,bfa-2019,Estádio Eng. Luthero Lopes - Rondonópolis/MT,,,
2019-08-18 17:00:00,Sinop Coyotes,17 - 24,Cuiabá Arsenal,bfa-2019,Estádio Gigante do Norte - Sinop/MT,,,
2019-08-31 18:00:00,Sorriso Hornets,21 - 20,Rondonópolis Hawks,bfa-2019,Toca do Lobo - Sorriso/MT,,,
2019-09-01 14:30:00,Tubarões do Cerrado,84 - 00,Brasília Templários,bfa-2019,Estádio Augustinho Lima - Sobradinho/DF,,,
2019-09-01 16:00:00,Cuiabá Arsenal,27 - 00,Sinop Coyotes,bfa-2019,Arena Pantanal - Cuiabá/MT,,,
2019-09-14 14:00:00,Rondonópolis Hawks,21 - 24,Cuiabá Arsenal,bfa-2019,Estádio Eng. Luthero Lopes - Rondonópolis/MT,,,
2019-09-21 14:00:00,Brasília Templários,00 - 50,Gama Leões de Judá,bfa-2019,UCB - Brasília/DF,,,
2019-09-21 14:00:00,CG Predadores,14 - 49,Tubarões do Cerrado,bfa-2019,Estádio Olho do Furacão - Campo Grande/MS,,,
2019-09-22 17:00:00,Sorriso Hornets,20 - 05,Sinop Coyotes,bfa-2019,Toca do Lobo - Sorriso/MT,,,
2019-10-05 14:00:00,CG Predadores,100 - 00,Brasília Templários,bfa-2019,Estádio Olho do Furacão - Campo Grande/MS,,,
2019-10-05 17:00:00,Sinop Coyotes,07 - 42,Rondonópolis Hawks,bfa-2019,Estádio Gigante do Norte - Sinop/MT,,,
2019-10-12 14:00:00,Tubarões do Cerrado,38 - 08,Gama Leões de Judá,bfa-2019,Estádio Augustinho Lima - Sobradinho/DF,,,
2019-10-19 00:00:00,Brasília Templários,00 - 49,CG Predadores,bfa-2019,W.O.,,,
2019-10-19 15:00:00,Cuiabá Arsenal,07 - 06,Sorriso Hornets,bfa-2019,Várzea Grande/MT,,,
2019-10-26 14:00:00,Gama Leões de Judá,22 - 21,CG Predadores,bfa-2019,Estádio Augustinho Lima - Sobradinho/DF,,,
2019-06-29 14:00:00,Guarulhos Rhynos,31 - 13,Flamengo Imperadores,bfa-2019,Estádio do Ibirapuera - São Paulo/SP,,,
2019-07-13 17:00:00,Galo FA,29 - 06,Tritões FA,bfa-2019,SESC Venda Nova - Belo Horizonte/MG,,,
2019-07-21 14:00:00,Macaé Oilers,25 - 39,Vasco Almirantes,bfa-2019,Estádio Municipal - Rio das Ostras/RJ,,,
2019-07-27 10:00:00,Guarulhos Rhynos,38 - 20,Corinthians Steamrollers,bfa-2019,Estádio do Canindé - São Paulo/SP,,,
2019-07-27 14:00:00,Flamengo Imperadores,35 - 22,Locomotiva FA,bfa-2019,Faculdade Universo - Belo Horizonte/MG,,,
2019-07-28 10:00:00,Ribeirão Preto Challengers,23 - 15,São Paulo Storm,bfa-2019,Campus Moura Lacerda - Ribeirão Preto/SP,,,
2019-08-03 14:00:00,Tritões FA,28 - 23,Macaé Oilers,bfa-2019,Toca do Índio - Vila Velha/ES,,,
2019-08-10 15:00:00,Ribeirão Preto Challengers,07 - 38,Galo FA,bfa-2019,Campus Moura Lacerda - Ribeirão Preto/SP,,,
2019-08-10 19:30:00,Corinthians Steamrollers,20 - 28,Locomotiva FA,bfa-2019,Parque São Jorge - São Paulo/SP,,,
2019-08-17 14:30:00,São Paulo Storm,00 - 37,Vasco Almirantes,bfa-2019,CT Touchdown - São Paulo/SP,,,
2019-08-24 16:00:00,Tritões FA,41 - 16,Corinthians Steamrollers,bfa-2019,Estádio do Sumaré - Cachoeiro de Itapemirim/ES,,,
2019-08-31 13:30:00,Locomotiva FA,07 - 44,Vasco Almirantes,bfa-2019,Faculdade Universo - Belo Horizonte/MG,,,
2019-08-31 14:00:00,Macaé Oilers,12 - 16,Ribeirão Preto Challengers,bfa-2019,Estádio Municipal - Rio das Ostras/RJ,,,
2019-08-31 14:30:00,São Paulo Storm,00 - 42,Guarulhos Rhynos,bfa-2019,CT Touchdown - São Paulo/SP,,,
2019-08-31 18:00:00,Galo FA,25 - 03,Flamengo Imperadores,bfa-2019,SESC Venda Nova - Belo Horizonte/MG,,,
2019-09-14 14:00:00,Corinthians Steamrollers,14 - 16,São Paulo Storm,bfa-2019,CT Touchdown - São Paulo/SP,,,
2019-09-14 14:00:00,Macaé Oilers,07 - 39,Galo FA,bfa-2019,Estádio Municipal - Rio das Ostras/RJ,,,
2019-09-15 10:00:00,Ribeirão Preto Challengers,14 - 42,Guarulhos Rhynos,bfa-2019,Campus Moura Lacerda - Ribeirão Preto/SP,,,
2019-09-22 10:00:00,Tritões FA,43 - 14,Locomotiva FA,bfa-2019,Estádio do Sumaré - Cachoeiro de Itapemirim/ES,,,
2019-09-22 11:00:00,Vasco Almirantes,21 - 10,Flamengo Imperadores,bfa-2019,Rua Bariri - Rio de Janeiro/RJ,,,
2019-09-28 17:00:00,Galo FA,22 - 19,Guarulhos Rhynos,bfa-2019,SESC Venda Nova - Belo Horizonte/MG,,,
2019-10-05 14:00:00,Corinthians Steamrollers,28 - 12,Ribeirão Preto Challengers,bfa-2019,CT Touchdown - São Paulo/SP,,,
2019-10-06 10:00:00,Flamengo Imperadores,40 - 00,Macaé Oilers,bfa-2019,Rua Bariri - Rio de Janeiro/RJ,,,
2019-10-06 10:00:00,Locomotiva FA,10 - 09,São Paulo Storm,bfa-2019,Faculdade Universo - Belo Horizonte/MG,,,
2019-10-06 14:30:00,Vasco Almirantes,35 - 13,Tritões FA,bfa-2019,Rua Bariri - Rio de Janeiro/RJ,,,
2019-10-19 14:00:00,São Paulo Storm,13 - 20,Tritões FA,bfa-2019,CT Touchdown - São Paulo/SP,,,
2019-10-20 10:00:00,Flamengo Imperadores,34 - 00,Ribeirão Preto Challengers,bfa-2019,Rua Bariri - Rio de Janeiro/RJ,,,
2019-10-20 10:00:00,Guarulhos Rhynos,42 - 07,Macaé Oilers,bfa-2019,Estádio do Canindé - São Paulo/SP,,,
2019-10-20 10:00:00,Locomotiva FA,00 - 28,Galo FA,bfa-2019,Faculdade Universo - Belo Horizonte/MG,,,
2019-10-20 14:30:00,Vasco Almirantes,31 - 06,Corinthians Steamrollers,bfa-2019,Rua Bariri - Rio de Janeiro/RJ,,,
2019-07-21 14:00:00,Coritiba Crocodiles,13 - 14,Paraná HP,bfa-2019,Croco Stadium - Curitiba/PR,,,
2019-07-21 14:30:00,Istepôs FA,06 - 14,Santa Maria Soldiers,bfa-2019,Colégio Forquilhão - São José/SC,,,
2019-07-21 14:30:00,Black Hawks,10 - 06,T-Rex,bfa-2019,Estádio 7 de Setembro - Gaspar/SC,,,
2019-08-03 14:30:00,T-Rex,50 - 00,Jaraguá Breakers,bfa-2019,Complexo Esportivo - Timbó/SC,,,
2019-08-04 14:00:00,Santa Maria Soldiers,41 - 10,Paraná HP,bfa-2019,SESI - Santa Maria/RS,,,
2019-08-04 14:30:00,Istepôs FA,07 - 27,Coritiba Crocodiles,bfa-2019,Colégio Forquilhão - São José/SC,,,
2019-08-17 14:00:00,Coritiba Crocodiles,00 - 03,Santa Maria Soldiers,bfa-2019,Croco Stadium - Curitiba/PR,,,
2019-08-17 14:30:00,Jaraguá Breakers,14 - 33,Black Hawks,bfa-2019,Estádio Municipal - Schoroeder/SC,,,
2019-08-18 14:00:00,Paraná HP,09 - 07,Istepôs FA,bfa-2019,Croco Stadium - Curitiba/PR,,,
2019-08-31 14:00:00,Paraná HP,03 - 11,Black Hawks,bfa-2019,Croco Stadium - Curitiba/PR,,,
2019-09-01 14:00:00,T-Rex,19 - 14,Coritiba Crocodiles,bfa-2019,Complexo Esportivo - Timbó/SC,,,
2019-09-14 14:30:00,Jaraguá Breakers,06 - 14,Paraná HP,bfa-2019,Estádio João Marcatto - Jaraguá do Sul/SC,,,
2019-09-15 14:00:00,Black Hawks,07 - 34,Coritiba Crocodiles,bfa-2019,Estádio 7 de Setembro - Gaspar/SC,,,
2019-09-15 14:00:00,T-Rex,11 - 03,Istepôs FA,bfa-2019,Indaial/SC,,,
2019-09-28 14:00:00,Santa Maria Soldiers,21 - 28,T-Rex,bfa-2019,Estádio Presidente Vargas - Santa Maria/RS,,,
2019-09-29 14:00:00,Coritiba Crocodiles,48 - 00,Jaraguá Breakers,bfa-2019,Croco Stadium - Curitiba/PR,,,
2019-09-29 14:00:00,Istepôs FA,15 - 26,Black Hawks,bfa-2019,Colégio Forquilhão - São José/SC,,,
2019-10-12 14:30:00,Jaraguá Breakers,12 - 00,Istepôs FA,bfa-2019,Estádio João Marcatto - Jaraguá do Sul/SC,,,
2019-10-12 14:30:00,Black Hawks,07 - 14,Santa Maria Soldiers,bfa-2019,Estádio 7 de Setembro - Gaspar/SC,,,
2019-10-13 14:00:00,Paraná HP,13 - 37,T-Rex,bfa-2019,Croco Stadium - Curitiba/PR,,,
2019-10-20 10:00:00,Santa Maria Soldiers,09 - 00,Jaraguá Breakers,bfa-2019,Estádio Presidente Vargas - Santa Maria/RS,,,
2019-10-13 15:00:00,João Pessoa Espectros,10 - 07,Ceará Caçadores,bfa-2019,,,,
2019-10-20 14:00:00,Recife Mariners,33 - 00,Bulls Potiguares,bfa-2019,,,,
2019-11-02 15:00:00,Recife Mariners,12 - 26,João Pessoa Espectros,bfa-2019,,,,
2019-11-02 17:00:00,Galo FA,63 - 00,Tritões FA,bfa-2019,,,,
2019-11-03 14:00:00,Vasco Almirantes,28 - 14,Guarulhos Rhynos,bfa-2019,,,,
2019-11-16 17:00:00,Galo FA,27 - 00,Vasco Almirantes,bfa-2019,,,,
2019-11-02 14:00:00,Tubarões do Cerrado,27 - 20,Sorriso Hornets,bfa-2019,,,,
2019-11-02 14:00:00,Cuiabá Arsenal,30 - 00,Leões de Judá,bfa-2019,,,,
2019-11-16 18:00:00,Tubarões do Cerrado,60 - 14,Cuiabá Arsenal,bfa-2019,,,,
2019-11-02 14:30:00,Santa Maria Soldiers,20 - 12,Black Hawks,bfa-2019,,,,
2019-11-03 14:00:00,Timbó Rex,26 - 07,Paraná HP,bfa-2019,,,,
2019-11-16 14:00:00,Timbó Rex,48 - 28,Santa Maria Soldiers,bfa-2019,,,,
2019-12-01 15:00:00,João Pessoa Espectros,20 - 07,Galo FA,bfa-2019,,,,
2019-11-30 15:00:00,Timbó Rex,31 - 06,Tubarões do Cerrado,bfa-2019,,,,
2019-12-14 15:00:00,Timbó Rex,21 - 45,João Pessoa Espectros,bfa-2019,,,,
2019-05-12 18:00:00,Manaus FA,07 - 06,North Lions,campeonato-amazonense-2019,Estádio da Colina - Manaus/AM,,,
2019-06-02 09:00:00,North Lions,32 - 07,Amazon Black Hawks,campeonato-amazonense-2019,Vila Olímpica - Manaus/AM,,,
2019-06-16 09:00:00,Amazon Black Hawks,00 - 49,Manaus FA,campeonato-amazonense-2019,W.O.,,,
2019-06-30 00:00:00,Manaus FA,X - X,North Lions,campeonato-amazonense-2019,,,,
2019-05-19 10:00:00,Vingadores FA,50 - 00,New Tigers,campeonato-paraense-2019,Estádio Abelardo Conduru - Belém/PA,,,
2019-05-19 14:00:00,Paysandu Lobos,08 - 25,Belém Titans,campeonato-paraense-2019,Estádio Abelardo Conduru - Belém/PA,,,
2019-06-02 10:00:00,Remo Lions,19 - 06,Castanhal Yellow Blacks,campeonato-paraense-2019,Estádio Abelardo Conduru - Belém/PA,,,
2019-06-02 14:00:00,Vingadores FA,24 - 20,Belém Titans,campeonato-paraense-2019,Estádio Abelardo Conduru - Belém/PA,,,
2019-06-09 14:30:00,Castanhal Yellow Blacks,36 - 00,Paysandu Lobos,campeonato-paraense-2019,,,,
2019-06-16 14:00:00,Remo Lions,63 - 00,New Tigers,campeonato-paraense-2019,Estádio Abelardo Conduru - Belém/PA,,,
2019-06-23 14:00:00,Paysandu Lobos,06 - 28,Vingadores FA,campeonato-paraense-2019,Estádio Abelardo Conduru - Belém/PA,,,
2019-06-30 09:00:00,Belém Titans,15 - 09,Remo Lions,campeonato-paraense-2019,Estádio Abelardo Conduru - Belém/PA,,,
2019-06-30 16:00:00,Castanhal Yellow Blacks,40 - 00,New Tigers,campeonato-paraense-2019,Estádio Abelardo Conduru - Belém/PA,,,
2019-07-07 10:00:19,Vingadores FA,08 - 03,Remo Lions,campeonato-paraense-2019,,,,
2019-04-14 14:00:16,Flamengo Imperadores,40 - 00,América Big Riders,campeonato-carioca-2019,Rua Bariri - Rio de Janeiro/RJ,,,
2019-04-28 14:00:39,América Big Riders,02 - 61,Vasco Almirantes,campeonato-carioca-2019,Rua Bariri - Rio de Janeiro/RJ,,,
2019-05-19 14:00:10,Vasco Almirantes,18 - 17,Flamengo Imperadores,campeonato-carioca-2019,Rua Bariri - Rio de Janeiro/RJ,,,
2019-03-09 14:00:00,Armada Lions,00 - 35,Santa Maria Soldiers,campeonato-gaucho-2019,Grêmio Esportivo Nacional - São Leopoldo/RS,,,
2019-03-10 14:00:00,Santa Cruz Chacais,07 - 14,Canoas Bulls,campeonato-gaucho-2019,Estádio dos Plátanos - Santa Cruz do Sul/RS,,,
2019-03-16 14:30:00,Bulldogs FA,46 - 00,Juventude FA,campeonato-gaucho-2019,Estádio da Montanha - Mato Leitão/RS,,,
2019-03-17 14:00:00,Carlos Barbosa Ximangos,00 - 34,Porto Alegre Gorillas,campeonato-gaucho-2019,Clube Serrano - Carlos Barbosa/RS,,,
2019-03-30 14:00:00,Erechim Coroados,06 - 23,Santa Cruz Chacais,campeonato-gaucho-2019,Erechim/RS,,,
2019-03-31 14:00:00,Santa Maria Soldiers,74 - 00,Bento Gonçalves Snakes,campeonato-gaucho-2019,SESI - Santa Maria/RS,,,
2019-04-06 14:00:00,Porto Alegre Gorillas,00 - 16,Bulldogs FA,campeonato-gaucho-2019,Parque Esportivo PUCRS - Porto Alegre/RS,,,
2019-04-07 14:30:00,Carlos Barbosa Ximangos,03 - 10,Juventude FA,campeonato-gaucho-2019,Clube Serrano - Carlos Barbosa/RS,,,
2019-04-13 14:00:00,Canoas Bulls,00 - 49,Erechim Coroados,campeonato-gaucho-2019,W.O.,,,
2019-04-14 14:00:00,Bento Gonçalves Snakes,22 - 34,Armada Lions,campeonato-gaucho-2019,Estádio da Montanha - Bento Gonçalves/RS,,,
2019-04-28 10:00:00,Bulldogs FA,43 - 00,Carlos Barbosa Ximangos,campeonato-gaucho-2019,Estádio da Montanha - Mato Leitão/RS,,,
2019-04-28 15:00:00,Juventude FA,20 - 24,Porto Alegre Gorillas,campeonato-gaucho-2019,CT do Juventude - Caxias do Sul/RS,,,
2019-05-04 14:00:00,Santa Cruz Chacais,07 - 33,Armada Lions,campeonato-gaucho-2019,,,,
2019-05-05 14:00:00,Santa Maria Soldiers,65 - 00,Erechim Coroados,campeonato-gaucho-2019,,,,
2019-05-18 14:00:00,Bulldogs FA,20 - 14,Porto Alegre Gorillas,campeonato-gaucho-2019,,,,
2019-05-19 14:00:00,Santa Maria Soldiers,48 - 08,Armada Lions,campeonato-gaucho-2019,,,,
2019-06-01 14:15:00,Santa Maria Soldiers,40 - 00,Bulldogs FA,campeonato-gaucho-2019,,,,
2019-03-17 10:30:00,Rio Preto Weilers,21 - 13,Ocelots FA,sao-paulo-football-league-2019,Secretaria Municipal de Esporte - Cravinhos/SP,,,
2019-03-17 14:00:00,São Paulo Storm,18 - 06,Piracicaba Cane Cutters,sao-paulo-football-league-2019,Clube de Campo Empyreo - Leme/SP,,,
2019-03-17 14:00:00,Empyreo Leme Lizards,49 - 00,ABC Corsários,sao-paulo-football-league-2019,W.O.,,,
2019-03-23 13:30:00,Ponte Preta Gorilas,00 - 27,Santos Tsunami,sao-paulo-football-league-2019,Pradão - Limeira/SP,,,
2019-03-23 17:00:00,Corinthians Steamrollers,13 - 00,Independente Tomahawk,sao-paulo-football-league-2019,Pradão - Limeira/SP,,,
2019-03-24 14:00:00,Spartans Football,03 - 06,Tatuapé Monsters,sao-paulo-football-league-2019,CT Touchdown - São Paulo/SP,,,
2019-03-31 10:00:00,Ocelots FA,07 - 06,Piracicaba Cane Cutters,sao-paulo-football-league-2019,Estádio Tobias Nogueira - Cajamar/SP,,,
2019-03-31 10:00:00,São Paulo Storm,49 - 00,ABC Corsários,sao-paulo-football-league-2019,W.O.,,,
2019-03-31 14:00:00,Rio Preto Weilers,38 - 06,Empyreo Leme Lizards,sao-paulo-football-league-2019,Clube de Campo Empyreo - Leme/SP,,,
2019-04-07 10:00:00,Corinthians Steamrollers,24 - 00,Spartans Football,sao-paulo-football-league-2019,CT Touchdown - São Paulo/SP,,,
2019-04-07 14:00:00,Independente Tomahawk,06 - 07,Santos Tsunami,sao-paulo-football-league-2019,CT Touchdown - São Paulo/SP,,,
2019-04-07 14:00:00,Ponte Preta Gorilas,06 - 29,Tatuapé Monsters,sao-paulo-football-league-2019,Clube do NAIS - Sorocaba/SP,,,
2019-04-14 10:00:00,Ocelots FA,22 - 08,Empyreo Leme Lizards,sao-paulo-football-league-2019,Estádio Baetão - São Bernardo do Campo/SP,,,
2019-04-14 10:30:00,Rio Preto Weilers,07 - 09,São Paulo Storm,sao-paulo-football-league-2019,Teixeirão - S. J. do Rio Preto/SP,,,
2019-04-14 14:00:00,Piracicaba Cane Cutters,49 - 00,ABC Corsários,sao-paulo-football-league-2019,W.O.,,,
2019-04-27 19:00:00,Corinthians Steamrollers,51 - 00,Ponte Preta Gorilas,sao-paulo-football-league-2019,Parque São Jorge - São Paulo/SP,,,
2019-04-28 10:00:00,Santos Tsunami,22 - 07,Tatuapé Monsters,sao-paulo-football-league-2019,Estádio Martins Pereira - São José dos Campos/SP,,,
2019-04-28 14:00:00,Independente Tomahawk,20 - 06,Spartans Football,sao-paulo-football-league-2019,CT Touchdown - São Paulo/SP,,,
2019-05-05 10:00:00,Rio Preto Weilers,32 - 00,Piracicaba Cane Cutters,sao-paulo-football-league-2019,Estádio Mário Milani - Itupeva/SP,,,
2019-05-05 14:00:00,Empyreo Leme Lizards,07 - 31,São Paulo Storm,sao-paulo-football-league-2019,Estádio Mário Milani - Itupeva/SP,,,
2019-05-05 14:00:00,Ocelots FA,49 - 00,ABC Corsários,sao-paulo-football-league-2019,W.O.,,,
2019-05-19 10:00:00,Spartans Football,35 - 15,Ponte Preta Gorilas,sao-paulo-football-league-2019,Clube de Campo dos Metalúrgicos - Limeira/SP,,,
2019-05-19 14:00:00,Corinthians Steamrollers,20 - 00,Santos Tsunami,sao-paulo-football-league-2019,CT Meninos da Vila - Santos/SP,,,
2019-05-19 14:00:00,Independente Tomahawk,20 - 13,Tatuapé Monsters,sao-paulo-football-league-2019,Clube de Campo dos Metalúrgicos - Limeira/SP,,,
2019-05-26 10:00:00,Rio Preto Weilers,49 - 00,ABC Corsários,sao-paulo-football-league-2019,W.O.,,,
2019-05-26 10:00:00,Ocelots FA,20 - 17,São Paulo Storm,sao-paulo-football-league-2019,Estádio Municipal - Rio das Pedras/SP,,,
2019-05-26 14:00:00,Empyreo Leme Lizards,40 - 02,Piracicaba Cane Cutters,sao-paulo-football-league-2019,Estádio Municipal - Rio das Pedras/SP,,,
2019-06-02 10:00:00,Corinthians Steamrollers,24 - 14,Tatuapé Monsters,sao-paulo-football-league-2019,CT Meninos da Vila - Santos/SP,,,
2019-06-02 10:00:00,Independente Tomahawk,32 - 07,Ponte Preta Gorilas,sao-paulo-football-league-2019,Hortolândia/SP,,,
2019-06-02 14:00:00,Spartans Football,07 - 12,Santos Tsunami,sao-paulo-football-league-2019,CT Meninos da Vila - Santos/SP,,,
2019-03-17 09:30:00,Guarani Indians,17 - 13,Franca Carrascos,sao-paulo-football-league-2019,Clube de Campo Empyreo - Leme/SP,,,
2019-03-17 11:30:00,Scelta Guardians,29 - 07,Tatuapé Black Panthers,sao-paulo-football-league-2019,Clube de Campo Empyreo - Leme/SP,,,
2019-03-17 14:00:00,Barões de Ribeirão Preto,23 - 00,Prudente Thunders,sao-paulo-football-league-2019,Secretaria Municipal de Esporte - Cravinhos/SP,,,
2019-03-24 10:00:00,Vikings FA,22 - 00,,sao-paulo-football-league-2019,CT Touchdown - São Paulo/SP,,,
2019-03-31 10:00:00,Franca Carrascos,00 - 31,Barões de Ribeirão Preto,sao-paulo-football-league-2019,Clube de Campo Empyreo - Leme/SP,,,
2019-03-31 14:00:00,Cajamar Hunters,00 - 23,Prudente Thunders,sao-paulo-football-league-2019,Estádio Tobias Nogueira - Cajamar/SP,,,
2019-03-31 15:30:00,São José Jets,45 - 06,Tatuapé Black Panthers,sao-paulo-football-league-2019,CT Touchdown - São Paulo/SP,,,
2019-04-07 10:00:00,Vikings FA,06 - 19,Scelta Guardians,sao-paulo-football-league-2019,Clube do NAIS - Sorocaba/SP,,,
2019-04-14 10:00:00,Prudente Thunders,00 - 09,Guarani Indians,sao-paulo-football-league-2019,Prudentão - Presidente Prudente/SP,,,
2019-04-14 14:00:00,Tatuapé Black Panthers,35 - 00,,sao-paulo-football-league-2019,Estádio Baetão - São Bernardo do Campo/SP,,,
2019-04-28 10:00:00,Cajamar Hunters,00 - 42,Scelta Guardians,sao-paulo-football-league-2019,CT Touchdown - São Paulo/SP,,,
2019-04-28 14:00:00,São José Jets,33 - 00,Vikings FA,sao-paulo-football-league-2019,Estádio Martins Pereira - São José dos Campos/SP,,,
2019-05-19 10:00:00,São José Jets,10 - 28,,sao-paulo-football-league-2019,CT Meninos da Vila - Santos/SP,,,
2019-05-26 14:00:00,Franca Carrascos,20 - 00,Cajamar Hunters,sao-paulo-football-league-2019,Ginásio Champagnat - Franca/SP,,,
2019-06-02 14:00:00,Barões de Ribeirão Preto,16 - 15,Guarani Indians,sao-paulo-football-league-2019,Hortolândia/SP,,,
2019-06-16 11:30:00,Ocelots FA,22 - 06,Tomahawk FA,sao-paulo-football-league-2019,,,,
2019-06-16 14:30:00,Santos Tsunami,00 - 21,São Paulo Storm,sao-paulo-football-league-2019,,,,
2019-06-29 14:00:00,Rio Preto Weilers,35 - 13,Ocelots FA,sao-paulo-football-league-2019,,,,
2019-06-30 14:00:00,Corinthians Steamrollers,12 - 00,São Paulo Storm,sao-paulo-football-league-2019,,,,
2019-07-14 14:00:00,Rio Preto Weilers,35 - 00,Corinthians Steamrollers,sao-paulo-football-league-2019,,,,
2019-06-29 10:00:58,Barões de Ribeirão Preto,12 - 26,Barueri Guardians,sao-paulo-football-league-2019,,,,
2019-06-30 10:00:56,São José Jets,21 - 28,Guarani Indians,sao-paulo-football-league-2019,,,,
2019-07-14 10:00:03,Barueri Guardians,39 - 14,Guarani Indians,sao-paulo-football-league-2019,,,,
2018-09-23 14:00:00,Galo FA,13 - 06,Matias Barbosa Primatas,copa-ouro-2018,Campo do Botafogo - Matozinhos/MG,,,
2018-09-23 18:00:00,Locomotiva FA,00 - 06,Tigres FA,copa-ouro-2018,Campo do Botafogo - Matozinhos/MG,,,
2018-10-14 10:00:00,Tigres FA,13 - 00,Matias Barbosa Primatas,copa-ouro-2018,Matias Barbosa/MG,,,
2018-10-14 14:00:00,Contagem Inconfidentes,06 - 07,Galo FA,copa-ouro-2018,Matias Barbosa/MG,,,
2018-11-25 13:00:00,Locomotiva FA,26 - 06,Matias Barbosa Primatas,copa-ouro-2018,Campo do Iguaçu - Ipatinga/MG,,,
2018-11-25 15:00:00,Tigres FA,55 - 06,Contagem Inconfidentes,copa-ouro-2018,Campo do Iguaçu - Ipatinga/MG,,,
2018-12-09 13:00:00,Contagem Inconfidentes,08 - 00,Matias Barbosa Primatas,copa-ouro-2018,Arena Frigoarnaldo - Contagem/MG,,,
2018-12-09 15:00:00,Galo FA,14 - 16,Locomotiva FA,copa-ouro-2018,Faculdade Universo - Belo Horizonte/MG,,,
2019-01-13 13:00:00,Contagem Inconfidentes,22 - 15,Locomotiva FA,copa-ouro-2018,Arena Frigoarnaldo - Contagem/MG,,,
2019-01-13 16:00:00,Tigres FA,27 - 00,Galo FA,copa-ouro-2018,Arena Frigoarnaldo - Contagem/MG,,,
2018-08-12 14:00:00,HP Desenvolvimento,21 - 24,PRC Guardian Saints,copa-sul-2018,Croco Stadium - Curitiba/PR,,,
2018-08-12 14:30:00,Street Dogs FA,14 - 28,Moon Howlers FA,copa-sul-2018,Centro Esportivo Fanático - Campo Largo/PR,,,
2018-08-12 14:30:00,JEC Gladiators,00 - 45,Itajaí Dockers,copa-sul-2018,Grêmio Whirlpool - Joinville/SC,,,
2018-08-19 10:00:00,Londrina Bristlebacks,26 - 34,Canoas Bulls,copa-sul-2018,SER Tigre - Joinville/SC,,,
2018-08-19 14:00:00,Bulldogs FA,00 - 13,Cruzeiro Lions,copa-sul-2018,Estádio Edmundo Feix - Venâncio Aires/RS,,,
2018-09-02 14:30:00,Londrina Bristlebacks,29 - 06,JEC Gladiators,copa-sul-2018,Grêmio Whirlpool - Joinville/SC,,,
2018-09-07 10:00:00,Moon Howlers FA,14 - 36,HP Desenvolvimento,copa-sul-2018,Croco Stadium - Curitiba/PR,,,
2018-09-07 14:00:00,PRC Guardian Saints,09 - 03,Street Dogs FA,copa-sul-2018,Croco Stadium - Curitiba/PR,,,
2018-09-08 14:30:00,Itajaí Dockers,25 - 23,Cruzeiro Lions,copa-sul-2018,Pista de Atletismo - Itajaí/SC,,,
2018-09-09 14:00:00,Canoas Bulls,33 - 14,Bulldogs FA,copa-sul-2018,Grêmio Esportivo Nacional - São Leopoldo/RS,,,
2018-09-23 14:00:00,Cruzeiro Lions,09 - 10,Canoas Bulls,copa-sul-2018,Parque Esportivo PUCRS - Porto Alegre/RS,,,
2018-09-23 14:30:00,Street Dogs FA,07 - 27,HP Desenvolvimento,copa-sul-2018,Centro Esportivo Fanático - Campo Largo/PR,,,
2018-09-29 14:00:00,JEC Gladiators,14:00:00Adiado,Bulldogs FA,copa-sul-2018,Grêmio Whirlpool - Joinville/SC,,,
2018-09-29 14:00:00,PRC Guardian Saints,00 - 12,Moon Howlers FA,copa-sul-2018,Croco Stadium - Curitiba/PR,,,
2018-09-30 15:00:00,Itajaí Dockers,44 - 00,Londrina Bristlebacks,copa-sul-2018,Pista de Atletismo - Itajaí/SC,,,
2018-10-14 10:00:00,HP Desenvolvimento,17 - 02,Moon Howlers FA,copa-sul-2018,,,,
2018-10-27 14:00:00,Guardian Saints,00 - 26,Cruzeiro Lions,copa-sul-2018,,,,
2018-11-17 14:00:00,Canoas Bulls,21 - 00,HP Desenvolvimento,copa-sul-2018,,,,
2018-11-17 15:00:00,Itajaí Dockers,22 - 13,Cruzeiro Lions,copa-sul-2018,,,,
2018-12-09 15:00:00,Itajaí Dockers,08 - 07,Canoas Bulls,copa-sul-2018,,,,
2018-04-22 10:00:00,Vasco Almirantes,73 - 07,Blaze FA,campeonato-carioca-2018,Santa Cruz Social Clube - Rio de Janeiro/RJ,,,
2018-04-22 14:00:00,Flamengo Imperadores,20 - 13,Rio Football Academy,campeonato-carioca-2018,Santa Cruz Social Clube - Rio de Janeiro/RJ,,,
2018-04-29 10:00:00,Dark Owls FA,00 - 19,Vasco Almirantes,campeonato-carioca-2018,Estádio Raulino de Oliveira - Volta Redonda/RJ,,,
2018-04-29 14:00:00,Volta Redonda Falcons,03 - 16,Flamengo Imperadores,campeonato-carioca-2018,Estádio Raulino de Oliveira - Volta Redonda/RJ,,,
2018-05-13 10:00:00,Dark Owls FA,19 - 13,Blaze FA,campeonato-carioca-2018,Estádio Caio Martins - Niterói/RJ,,,
2018-05-13 14:00:00,Rio Football Academy,28 - 06,Volta Redonda Falcons,campeonato-carioca-2018,Estádio Caio Martins - Niterói/RJ,,,
2018-05-27 10:00:00,Rio Football Academy,20 - 14,Dark Owls FA,campeonato-carioca-2018,Estádio Caio Martins - Niterói/RJ,,,
2018-05-27 10:30:00,Blaze FA,13 - 24,Volta Redonda Falcons,campeonato-carioca-2018,Complexo Jorn. Oscar Cardoso - Volta Redonda/RJ,,,
2018-05-27 14:00:00,Vasco Almirantes,06 - 12,Flamengo Imperadores,campeonato-carioca-2018,Estádio Caio Martins - Niterói/RJ,,,
2018-06-10 09:30:00,Rio Football Academy,32 - 07,Dark Owls FA,campeonato-carioca-2018,,,,
2018-06-10 14:00:00,Flamengo Imperadores,09 - 06,Vasco Almirantes,campeonato-carioca-2018,,,,
2017-04-09 10:00:14,Cronos Football,06 - 41,Rio Preto Weilers,super-copa-sao-paulo-2017,Clube de Campo Empyreo - Leme/SP,,,
2017-04-09 10:00:14,Nemesis Football,13 - 14,Ribeirão Preto Challengers,super-copa-sao-paulo-2017,Campo do Cascalho - Cordeirópolis/SP,,,
2017-04-09 14:00:14,Empyreo Leme Lizards,34 - 06,Spartans Football,super-copa-sao-paulo-2017,Clube de Campo Empyreo - Leme/SP,,,
2017-04-09 14:00:14,Independente Tomahawk,27 - 07,Pouso Alegre Gladiadores,super-copa-sao-paulo-2017,Campo do Cascalho - Cordeirópolis/SP,,,
2017-04-30 10:00:14,Empyreo Leme Lizards,20 - 00,Ribeirão Preto Challengers,super-copa-sao-paulo-2017,Clube de Campo Empyreo - Leme/SP,,,
2017-04-30 10:00:14,Cronos Football,24 - 08,Nemesis Football,super-copa-sao-paulo-2017,CT Touchdown - São Paulo/SP,,,
2017-04-30 14:00:14,Rio Preto Weilers,26 - 00,Independente Tomahawk,super-copa-sao-paulo-2017,Clube de Campo Empyreo - Leme/SP,,,
2017-04-30 14:00:14,Spartans Football,14 - 06,Pouso Alegre Gladiadores,super-copa-sao-paulo-2017,CT Touchdown - São Paulo/SP,,,
2017-05-14 14:00:14,Nemesis Football,06 - 07,Pouso Alegre Gladiadores,super-copa-sao-paulo-2017,Estádio Municipal - Piedade/SP,,,
2017-05-14 14:00:14,Cronos Football,12 - 18,Spartans Football,super-copa-sao-paulo-2017,Estádio Municipal - Piedade/SP,,,
2017-05-14 14:00:14,Empyreo Leme Lizards,13 - 38,Rio Preto Weilers,super-copa-sao-paulo-2017,Ribeirão Preto/SP,,,
2017-05-14 14:00:14,Ribeirão Preto Challengers,34 - 24,Independente Tomahawk,super-copa-sao-paulo-2017,Ribeirão Preto/SP,,,
2017-05-28 10:00:14,Empyreo Leme Lizards,33 - 00,Independente Tomahawk,super-copa-sao-paulo-2017,Teixeirão - S. J. do Rio Preto/SP,,,
2017-05-28 14:00:14,Pouso Alegre Gladiadores,20 - 12,Cronos Football,super-copa-sao-paulo-2017,Estádio Manduzão - Pouso Alegre/MG,,,
2017-05-28 14:00:14,Nemesis Football,00 - 00,Spartans Football,super-copa-sao-paulo-2017,Estádio Manduzão - Pouso Alegre/MG,,,
2017-05-28 14:00:14,Rio Preto Weilers,49 - 20,Ribeirão Preto Challengers,super-copa-sao-paulo-2017,Teixeirão - S. J. do Rio Preto/SP,,,
2017-06-11 10:00:14,Pouso Alegre Gladiadores,08 - 14,Ribeirão Preto Challengers,super-copa-sao-paulo-2017,,,,
2017-06-11 14:00:14,Empyreo Leme Lizards,52 - 00,Cronos Football,super-copa-sao-paulo-2017,,,,
2017-06-25 10:00:14,Spartans Football,06 - 46,Empyreo Leme Lizards,super-copa-sao-paulo-2017,,,,
2017-06-25 14:00:14,Rio Preto Weilers,33 - 00,Ribeirão Preto Challengers,super-copa-sao-paulo-2017,,,,
2017-07-09 14:00:14,Rio Preto Weilers,21 - 13,Empyreo Leme Lizards,super-copa-sao-paulo-2017,,,,
2017-08-13 10:00:51,Araxá Red Wolves,46 - 02,Passos Madbulls,copa-mogiana-2017,Campo do Dínamo - Araxá/MG,,,
2017-08-19 14:00:51,Uberaba Zebus,18 - 24,Paraíso Miners,copa-mogiana-2017,Uberabão - Uberaba/MG,,,
2017-09-10 10:00:51,Passos Madbulls,00 - 30,Paraíso Miners,copa-mogiana-2017,Campo do Horto - Passos/MG,,,
2017-09-24 10:00:51,Araxá Red Wolves,26 - 18,Uberaba Zebus,copa-mogiana-2017,Campo do Dínamo - Araxá/MG,,,
2017-10-15 10:00:51,Paraíso Miners,53 - 12,Araxá Red Wolves,copa-mogiana-2017,Arena Olímpica - São Sebastião do Paraíso/MG,,,
2017-10-15 10:00:51,Passos Madbulls,00 - 49,Uberaba Zebus,copa-mogiana-2017,W.O.,,,
2017-08-13 10:00:51,Franca Carrascos,00 - 14,Barões de Ribeirão Preto,copa-mogiana-2017,Ginásio Champagnat - Franca/SP,,,
2017-08-20 10:00:51,Monte Alto Rippers,21 - 00,Araçatuba Touros,copa-mogiana-2017,Campo do Baby Barioni - Monte Alto/SP,,,
2017-09-10 10:00:51,Franca Carrascos,21 - 41,Monte Alto Rippers,copa-mogiana-2017,Ginásio Champagnat - Franca/SP,,,
2017-09-17 10:00:51,Barões de Ribeirão Preto,06 - 07,Araçatuba Touros,copa-mogiana-2017,Esporte Clube Mogiana - Ribeirão Preto/SP,,,
2017-10-01 10:00:51,Araçatuba Touros,21 - 06,Franca Carrascos,copa-mogiana-2017,Adhemarzão - Araçatuba/SP,,,
2017-10-15 10:00:51,Monte Alto Rippers,13 - 23,Barões de Ribeirão Preto,copa-mogiana-2017,Campo do Baby Barioni - Monte Alto/SP,,,
2017-11-19 10:00:51,Paraíso Miners,19 - 16,Araçatuba Touros,copa-mogiana-2017,,,,
2017-11-19 10:00:51,Monte Alto Rippers,26 - 00,Araxá Red Wolves,copa-mogiana-2017,,,,
2017-12-10 10:00:51,Paraíso Miners,16 - 22,Monte Alto Rippers,copa-mogiana-2017,,,,
2017-02-18 15:00:47,Santa Cruz Chacais,48 - 07,Porto Alegre Gorillas,campeonato-gaucho-2017,Estádio dos Plátanos - Santa Cruz do Sul/RS,,,
2017-03-04 15:00:47,Ijuí Drones,39 - 07,São Leopoldo Mustangs,campeonato-gaucho-2017,Estádio 19 de Outubro - Ijuí/RS,,,
2017-03-11 15:00:47,Santa Cruz Chacais,48 - 13,Canoas Bulls,campeonato-gaucho-2017,Estádio dos Plátanos - Santa Cruz do Sul/RS,,,
2017-03-18 14:30:47,Porto Alegre Gorillas,20 - 21,Ijuí Drones,campeonato-gaucho-2017,Grêmio Esportivo Nacional - São Leopoldo/RS,,,
2017-03-19 14:00:47,São Leopoldo Mustangs,00 - 84,Santa Maria Soldiers,campeonato-gaucho-2017,Grêmio Esportivo Nacional - São Leopoldo/RS,,,
2017-04-02 14:00:47,Santa Maria Soldiers,60 - 00,Santa Cruz Chacais,campeonato-gaucho-2017,Estádio Presidente Vargas - Santa Maria/RS,,,
2017-04-02 14:30:47,Porto Alegre Gorillas,44 - 12,São Leopoldo Mustangs,campeonato-gaucho-2017,Grêmio Esportivo Nacional - São Leopoldo/RS,,,
2017-04-08 14:00:47,Ijuí Drones,19 - 16,Canoas Bulls,campeonato-gaucho-2017,Campo Poliesportivo - Ijuí/RS,,,
2017-04-22 14:00:47,Canoas Bulls,00 - 64,Santa Maria Soldiers,campeonato-gaucho-2017,Grêmio Esportivo Nacional - São Leopoldo/RS,,,
2017-04-29 14:00:47,São Leopoldo Mustangs,06 - 65,Santa Cruz Chacais,campeonato-gaucho-2017,Grêmio Esportivo Nacional - São Leopoldo/RS,,,
2017-04-30 14:00:47,Santa Maria Soldiers,59 - 12,Ijuí Drones,campeonato-gaucho-2017,Estádio Presidente Vargas - Santa Maria/RS,,,
2017-05-07 14:00:47,Canoas Bulls,20 - 19,Porto Alegre Gorillas,campeonato-gaucho-2017,Grêmio Esportivo Nacional - São Leopoldo/RS,,,
2017-05-20 14:00:47,Santa Maria Soldiers,64 - 00,Porto Alegre Gorillas,campeonato-gaucho-2017,Estádio dos Eucaliptos - Santa Maria/RS,,,
2017-05-21 14:00:47,Ijuí Drones,19 - 37,Santa Cruz Chacais,campeonato-gaucho-2017,Campo Poliesportivo - Ijuí/RS,,,
2017-05-27 14:00:47,Canoas Bulls,27 - 06,São Leopoldo Mustangs,campeonato-gaucho-2017,Grêmio Esportivo Nacional - São Leopoldo/RS,,,
2017-02-19 15:00:47,Bento Gonçalves Snakes,36 - 00,Carlos Barbosa Ximangos,campeonato-gaucho-2017,Estádio da Montanha - Bento Gonçalves/RS,,,
2017-03-05 14:00:47,Bulldogs FA,06 - 27,Restinga Redskulls,campeonato-gaucho-2017,Estádio Edmundo Feix - Venâncio Aires/RS,,,
2017-03-12 14:00:47,Juventude FA,30 - 02,Porto Alegre Pumpkins,campeonato-gaucho-2017,CT do Juventude - Caxias do Sul/RS,,,
2017-03-25 14:30:47,Carlos Barbosa Ximangos,06 - 05,Bulldogs FA,campeonato-gaucho-2017,Clube Serrano - Carlos Barbosa/RS,,,
2017-03-26 14:00:47,Juventude FA,34 - 09,Restinga Redskulls,campeonato-gaucho-2017,CT do Juventude - Caxias do Sul/RS,,,
2017-04-09 14:30:47,Porto Alegre Pumpkins,16 - 29,Bulldogs FA,campeonato-gaucho-2017,Grêmio Esportivo Nacional - São Leopoldo/RS,,,
2017-04-09 14:30:47,Bento Gonçalves Snakes,00 - 29,Juventude FA,campeonato-gaucho-2017,Estádio da Montanha - Bento Gonçalves/RS,,,
2017-04-23 14:00:47,Restinga Redskulls,61 - 00,Carlos Barbosa Ximangos,campeonato-gaucho-2017,Campo do Pampa - Porto Alegre/RS,,,
2017-04-23 14:30:47,Bento Gonçalves Snakes,44 - 26*,Porto Alegre Pumpkins,campeonato-gaucho-2017,Estádio da Montanha - Bento Gonçalves/RS,,,
2017-04-30 14:00:47,Bulldogs FA,03 - 46,Juventude FA,campeonato-gaucho-2017,Estádio Edmundo Feix - Venâncio Aires/RS,,,
2017-05-07 14:00:47,Restinga Redskulls,26 - 29,Bento Gonçalves Snakes,campeonato-gaucho-2017,Campo do Pampa - Porto Alegre/RS,,,
2017-05-13 14:00:47,Porto Alegre Pumpkins,43 - 00,Carlos Barbosa Ximangos,campeonato-gaucho-2017,,,,
2017-05-21 14:00:47,Bulldogs FA,10 - 28,Bento Gonçalves Snakes,campeonato-gaucho-2017,Estádio Edmundo Feix - Venâncio Aires/RS,,,
2017-05-28 14:00:47,Carlos Barbosa Ximangos,00 - 84,Juventude FA,campeonato-gaucho-2017,Clube Serrano - Carlos Barbosa/RS,,,
2017-05-28 14:00:47,Restinga Redskulls,02 - 09,Porto Alegre Pumpkins,campeonato-gaucho-2017,Campo do Pampa - Porto Alegre/RS,,,
2017-06-03 14:00:49,Santa Cruz Chacais,13 - 03,Bento Gonçalves Snakes,campeonato-gaucho-2017,,,,
2017-06-04 12:00:49,Porto Alegre Pumpkins,41 - 07,Ijuí Drones,campeonato-gaucho-2017,,,,
2017-06-17 19:00:49,Juventude FA,27 - 13,Santa Cruz Chacais,campeonato-gaucho-2017,,,,
2017-06-18 14:00:49,Santa Maria Soldiers,47 - 06,Porto Alegre Pumpkins,campeonato-gaucho-2017,,,,
2017-07-01 13:30:49,Santa Maria Soldiers,31 - 07,Juventude FA,campeonato-gaucho-2017,,,,
2017-04-02 10:00:40,Sada Cruzeiro,26 - 08,Juiz de Fora Imperadores,copa-minas-2017,Arena Independência - Belo Horizonte/MG,,,
2017-04-22 18:30:40,Juiz de Fora Imperadores,60 - 06,Betim Bulldogs,copa-minas-2017,SESC Venda Nova - Belo Horizonte/MG,,,
2017-05-14 18:30:40,Betim Bulldogs,00 - 109,Sada Cruzeiro,copa-minas-2017,SESC Venda Nova - Belo Horizonte/MG,,,
2017-04-09 09:00:40,Araxá Red Wolves,00 - 36,Paraíso Miners,copa-minas-2017,Estádio Fausto Alvim - Araxá/MG,,,
2017-05-07 09:00:40,Paraíso Miners,38 - 13,Uberaba Zebus,copa-minas-2017,Arena Olímpica - São Sebastião do Paraíso/MG,,,
2017-05-21 14:00:40,Uberaba Zebus,06 - 21,Araxá Red Wolves,copa-minas-2017,Uberabão - Uberaba/MG,,,
2017-06-03 18:30:47,Sada Cruzeiro,76 - 06,Araxá Red Wolves,copa-minas-2017,,,,
2017-06-04 09:00:47,Paraíso Miners,06 - 87,Juiz de Fora Imperadores,copa-minas-2017,,,,
2017-06-24 17:00:47,Sada Cruzeiro,57 - 00,Juiz de Fora Imperadores,copa-minas-2017,,,,
2017-03-18 16:00:09,Arcoverde Templários,45 - 00,Recife Horses,campeonato-pernambucano-2017,Estádio Municipal - Arcoverde/PE,,,
2017-03-19 14:00:09,Santa Cruz Pirates,00 - 17,Recife Mariners,campeonato-pernambucano-2017,Estádio Grito da República - Olinda/PE,,,
2017-04-01 16:00:09,Arcoverde Templários,00 - 42,Recife Mariners,campeonato-pernambucano-2017,Estádio Municipal - Arcoverde/PE,,,
2017-04-02 14:00:09,Recife Horses,00 - 54,Santa Cruz Pirates,campeonato-pernambucano-2017,Estádio Grito da República - Olinda/PE,,,
2017-04-22 14:00:09,Santa Cruz Pirates,41 - 06,Arcoverde Templários,campeonato-pernambucano-2017,Estádio Grito da República - Olinda/PE,,,
2017-04-23 14:00:09,Recife Horses,00 - 65,Recife Mariners,campeonato-pernambucano-2017,Estádio Grito da República - Olinda/PE,,,
2017-03-12 13:00:09,Recife Apaches,30 - 00,Mariners Development,campeonato-pernambucano-2017,Estádio Grito da República - Olinda/PE,,,
2017-03-12 15:00:09,Caruaru Wolves,06 - 14,Olinda Sharks,campeonato-pernambucano-2017,Estádio da Vera Cruz - Caruaru/PE,,,
2017-03-25 14:00:09,Olinda Sharks,19 - 06,Recife Apaches,campeonato-pernambucano-2017,Estádio Grito da República - Olinda/PE,,,
2017-03-26 14:00:09,Mariners Development,25 - 41,Caruaru Wolves,campeonato-pernambucano-2017,Estádio Grito da República - Olinda/PE,,,
2017-04-08 16:00:09,Caruaru Wolves,06 - 09,Recife Apaches,campeonato-pernambucano-2017,Estádio da Vera Cruz - Caruaru/PE,,,
2017-04-09 14:00:09,Olinda Sharks,43 - 03,Mariners Development,campeonato-pernambucano-2017,Estádio Grito da República - Olinda/PE,,,
2017-05-13 15:00:09,Recife Mariners,36 - 12,Recife Pirates,campeonato-pernambucano-2017,,,,
2017-05-06 14:00:09,Olinda Sharks,06 - 13,Recife Apaches,campeonato-pernambucano-2017,,,,
2018-09-23 10:00:47,Uberlândia Lobos,12 - 18,Monte Alto Rippers,copa-mogiana-2018,Praia Clube - Uberlândia/MG,,,
2018-09-30 10:00:14,Araçatuba Touros,00 - 03,Sertãozinho Bullcaners,copa-mogiana-2018,Adhemarzão - Araçatuba/SP,,,
2018-10-14 10:00:07,Monte Alto Rippers,58 - 07,Franca Carrascos,copa-mogiana-2018,Associação Nipo Brasileira - Monte Alto/SP,,,
2018-10-21 10:00:44,Sertãozinho Bullcaners,00 - 30,Uberlândia Lobos,copa-mogiana-2018,Sertãozinho/SP,,,
2018-11-04 10:00:29,Franca Carrascos,00 - 16,Araçatuba Touros,copa-mogiana-2018,Ginásio Champagnat - Franca/SP,,,
2018-11-18 10:00:50,Uberlândia Lobos,00 - 12,Araçatuba Touros,copa-mogiana-2018,,,,
2018-11-18 14:00:50,Monte Alto Rippers,06 - 12,Sertãozinho Bullcaners,copa-mogiana-2018,,,,
2018-12-09 10:00:45,Araçatuba Touros,07 - 14,Sertãozinho Bullcaners,copa-mogiana-2018,,,,
2018-08-25 10:00:50,Corinthians Steamrollers,10 - 18,Scelta Guardians,copa-baixada-santista-2018,CT Meninos da Vila - Santos/SP,,,
2018-08-25 14:00:50,Santos Tsunami,26 - 00,Werewolves Football,copa-baixada-santista-2018,CT Meninos da Vila - Santos/SP,,,
2018-09-23 10:00:40,Corinthians Steamrollers,30 - 18,Werewolves Football,copa-baixada-santista-2018,CT Meninos da Vila - Santos/SP,,,
2018-09-23 14:00:40,Santos Tsunami,38 - 06,Scelta Guardians,copa-baixada-santista-2018,CT Meninos da Vila - Santos/SP,,,
2018-10-28 10:00:29,Scelta Guardians,19 - 10,Werewolves Football,copa-baixada-santista-2018,CT Meninos da Vila - Santos/SP,,,
2018-10-28 14:00:29,Santos Tsunami,06 - 14,Corinthians Steamrollers,copa-baixada-santista-2018,CT Meninos da Vila - Santos/SP,,,
2018-11-17 14:00:53,Corinthians Steamrollers,22 - 18,Barueri Guardians,copa-baixada-santista-2018,,,,
2018-11-25 14:00:44,Santos Tsunami,33 - 02,Werewolves Football,copa-baixada-santista-2018,,,,
2018-12-15 13:00:47,Barueri Guardians,25 - 08,Werewolves Football,copa-baixada-santista-2018,,,,
2018-12-15 16:00:47,Santos Tsunami,12 - 06,Corinthians Steamrollers,copa-baixada-santista-2018,,,,
2018-03-04 14:00:00,Bento Gonçalves Snakes,10 - 15,Santa Cruz Chacais,campeonato-gaucho-2018,Estádio da Montanha - Bento Gonçalves/RS,,,
2018-03-18 13:30:00,Porto Alegre Gorillas,49 - 06,Viamão Raptors,campeonato-gaucho-2018,Grêmio Esportivo Nacional - São Leopoldo/RS,,,
2018-04-08 14:00:00,Santa Cruz Chacais,10 - 00,Porto Alegre Gorillas,campeonato-gaucho-2018,Estádio Municipal - Rio Pardo/RS,,,
2018-04-15 14:00:00,Viamão Raptors,00 - 39,Bento Gonçalves Snakes,campeonato-gaucho-2018,Grêmio Esportivo Nacional - São Leopoldo/RS,,,
2018-04-28 14:00:00,Santa Cruz Chacais,77 - 06,Viamão Raptors,campeonato-gaucho-2018,Estádio Municipal - Rio Pardo/RS,,,
2018-04-29 13:30:00,Porto Alegre Gorillas,13 - 07,Bento Gonçalves Snakes,campeonato-gaucho-2018,Grêmio Esportivo Nacional - São Leopoldo/RS,,,
2018-03-10 14:00:00,Bulldogs FA,28 - 40,Ijuí Drones,campeonato-gaucho-2018,Estádio Edmundo Feix - Venâncio Aires/RS,,,
2018-03-17 14:00:00,Cruzeiro Lions,34 - 06,Gravataí Spartans,campeonato-gaucho-2018,Grêmio Esportivo Nacional - São Leopoldo/RS,,,
2018-04-07 14:00:00,Gravataí Spartans,00 - 87,Ijuí Drones,campeonato-gaucho-2018,Grêmio Esportivo Nacional - São Leopoldo/RS,,,
2018-04-22 14:00:00,Cruzeiro Lions,32 - 12,Bulldogs FA,campeonato-gaucho-2018,Grêmio Esportivo Nacional - São Leopoldo/RS,,,
2018-05-05 14:00:00,Ijuí Drones,24 - 20,Cruzeiro Lions,campeonato-gaucho-2018,Estádio 19 de Outubro - Ijuí/RS,,,
2018-05-06 14:00:00,Gravataí Spartans,00 - 67,Bulldogs FA,campeonato-gaucho-2018,Grêmio Esportivo Nacional - São Leopoldo/RS,,,
2018-03-11 14:00:00,Carlos Barbosa Ximangos,00 - 39,Armada FA,campeonato-gaucho-2018,Clube Serrano - Carlos Barbosa/RS,,,
2018-03-25 14:00:00,Buriers Football,11 - 16,Canoas Bulls,campeonato-gaucho-2018,Vila Olímpica - Parobé/RS,,,
2018-04-15 10:00:00,Canoas Bulls,20 - 24,Armada FA,campeonato-gaucho-2018,Grêmio Esportivo Nacional - São Leopoldo/RS,,,
2018-04-21 14:00:00,Carlos Barbosa Ximangos,15 - 00,Buriers Football,campeonato-gaucho-2018,Clube Serrano - Carlos Barbosa/RS,,,
2018-05-12 14:00:00,Carlos Barbosa Ximangos,12 - 13,Canoas Bulls,campeonato-gaucho-2018,Clube Serrano - Carlos Barbosa/RS,,,
2018-05-13 10:00:00,Buriers Football,00 - 46,Armada FA,campeonato-gaucho-2018,Grêmio Esportivo Nacional - São Leopoldo/RS,,,
2018-02-17 14:00:00,Viamão Raptors,06 - 12,Gravataí Spartans,campeonato-gaucho-2018,,,,
2018-02-18 14:00:00,Canoas Jaguars,06 - 67,Buriers Football,campeonato-gaucho-2018,,,,
2018-03-03 14:00:00,Viamão Raptors,53 - 07,Canoas Jaguars,campeonato-gaucho-2018,,,,
2018-06-02 14:30:12,Cruzeiro Lions,14 - 33,Juventude FA,campeonato-gaucho-2018,,,,
2018-06-03 14:00:12,Santa Cruz Chacais,10 - 22,Porto Alegre Gorillas,campeonato-gaucho-2018,,,,
2018-06-09 14:00:12,Santa Maria Soldiers,56 - 00,Canoas Bulls,campeonato-gaucho-2018,,,,
2018-06-10 14:00:12,Ijuí Drones,22 - 21,Armada FA,campeonato-gaucho-2018,,,,
2018-06-16 14:00:53,Porto Alegre Gorillas,14 - 07,Juventude FA,campeonato-gaucho-2018,,,,
2018-06-23 14:00:53,Santa Maria Soldiers,45 - 00,Ijuí Drones,campeonato-gaucho-2018,,,,
2018-07-01 14:00:53,Santa Maria Soldiers,28 - 00,Porto Alegre Gorillas,campeonato-gaucho-2018,,,,
2017-10-22 10:00:00,BH Eagles,00 - 49,Betim Bulldogs,copa-ouro-2017,W.O.,,,
2017-10-22 14:00:00,Piratas da Serra,06 - 13,Nova Serrana Forgeds,copa-ouro-2017,Estádio Jurandir Elias - Betim/MG,,,
2017-11-02 10:00:00,Nova Serrana Forgeds,49 - 00,BH Eagles,copa-ouro-2017,W.O.,,,
2017-11-02 15:00:00,Locomotiva FA,17 - 12,Betim Bulldogs,copa-ouro-2017,Arena do Calçado - Nova Serrana/MG,,,
2017-11-19 10:00:00,Locomotiva FA,18 - 06,Piratas da Serra,copa-ouro-2017,Estádio do Frimisa - Santa Luzia/MG,,,
2017-11-19 14:00:00,Betim Bulldogs,12 - 07,Nova Serrana Forgeds,copa-ouro-2017,Estádio do Frimisa - Santa Luzia/MG,,,
2017-12-03 14:00:00,Piratas da Serra,49 - 00,BH Eagles,copa-ouro-2017,W.O.,,,
2017-12-17 10:00:00,BH Eagles,00 - 49,Locomotiva FA,copa-ouro-2017,W.O.,,,
2018-02-18 10:00:00,Betim Bulldogs,39 - 00,Piratas da Serra,copa-ouro-2017,Estádio Jurandir Elias - Betim/MG,,,
2018-02-18 15:00:00,Nova Serrana Forgeds,12 - 25,Locomotiva FA,copa-ouro-2017,Estádio Jurandir Elias - Betim/MG,,,
2018-09-23 14:00:00,Galo FA,13 - 06,Matias Barbosa Primatas,copa-ouro-2017,Campo do Botafogo - Matozinhos/MG,,,
2018-09-23 18:00:00,Locomotiva FA,00 - 06,Tigres FA,copa-ouro-2017,Campo do Botafogo - Matozinhos/MG,,,
2018-10-14 10:00:00,Tigres FA,13 - 00,Matias Barbosa Primatas,copa-ouro-2017,Matias Barbosa/MG,,,
2018-10-14 14:00:00,Contagem Inconfidentes,06 - 07,Galo FA,copa-ouro-2017,Matias Barbosa/MG,,,
2018-11-25 13:00:00,Locomotiva FA,26 - 06,Matias Barbosa Primatas,copa-ouro-2017,Campo do Iguaçu - Ipatinga/MG,,,
2018-11-25 15:00:00,Tigres FA,55 - 06,Contagem Inconfidentes,copa-ouro-2017,Campo do Iguaçu - Ipatinga/MG,,,
2018-12-09 13:00:00,Contagem Inconfidentes,08 - 00,Matias Barbosa Primatas,copa-ouro-2017,Arena Frigoarnaldo - Contagem/MG,,,
2018-12-09 15:00:00,Galo FA,14 - 16,Locomotiva FA,copa-ouro-2017,Faculdade Universo - Belo Horizonte/MG,,,
2019-01-13 13:00:00,Contagem Inconfidentes,22 - 15,Locomotiva FA,copa-ouro-2017,Arena Frigoarnaldo - Contagem/MG,,,
2019-01-13 16:00:00,Tigres FA,27 - 00,Galo FA,copa-ouro-2017,Arena Frigoarnaldo - Contagem/MG,,,
2019-09-22 10:00:00,Juiz de Fora Imperadores,56 - 00,Golden Lions,copa-ouro-2017,Campo da Faefid - Juiz de Fora/MG,,,
2019-10-12 15:00:00,Galo FA,42 - 00,Locomotiva FA,copa-ouro-2017,Faculdade Universo - Belo Horizonte/MG,,,
2019-10-27 14:00:00,Golden Lions,00 - 21,Galo FA,copa-ouro-2017,Belo Horizonte/MG,,,
2019-10-27 14:00:00,Juiz de Fora Imperadores,29 - 00,Locomotiva FA,copa-ouro-2017,Campo da Faefid - Juiz de Fora/MG,,,
2019-11-16 14:00:00,Locomotiva FA,43 - 00,Golden Lions,copa-ouro-2017,Faculdade Universo - Belo Horizonte/MG,,,
2019-11-24 14:00:00,Galo FA,03 - 15,Juiz de Fora Imperadores,copa-ouro-2017,Belo Horizonte/MG,,,
2019-12-08 14:00:41,Juiz de Fora Imperadores,20 - 19,Galo FA,copa-ouro-2017,Esporte Clube Benfica - Juiz de Fora/MG,,,
2012-03-31 14:00:00,Locomotiva FA,29 - 06,Tigres FA,campeonato-mineiro-2012,Campo do Reinaldo - Nova Lima/MG,,,
2012-04-01 10:00:00,Uberlândia Lobos,48 - 00,Pouso Alegre Gladiadores,campeonato-mineiro-2012,Poliesportivo Santa Luzia - Uberlândia/MG,,,
2012-04-14 14:00:00,Pouso Alegre Gladiadores,00 - 37,Locomotiva FA,campeonato-mineiro-2012,Estádio Manduzão - Pouso Alegre/MG,,,
2012-04-15 10:30:00,Tigres FA,25 - 28,Uberlândia Lobos,campeonato-mineiro-2012,A.A. Aciaria – Ipatinga/MG,,,
2012-04-28 14:00:00,Tigres FA,55 - 00,Pouso Alegre Gladiadores,campeonato-mineiro-2012,Canaã E. C. – Ipatinga/MG,,,
2012-04-28 16:00:00,Uberlândia Lobos,06 - 12,Locomotiva FA,campeonato-mineiro-2012,Poliesportivo Santa Luzia - Uberlândia/MG,,,
2012-05-12 14:00:00,Tigres FA,00 - 34,Locomotiva FA,campeonato-mineiro-2012,Canaã E. C. – Ipatinga/MG,,,
2012-05-13 11:00:00,Pouso Alegre Gladiadores,12 - 34,Uberlândia Lobos,campeonato-mineiro-2012,Estádio Manduzão - Pouso Alegre/MG,,,
2012-05-26 14:00:00,Locomotiva FA,54 - 00,Pouso Alegre Gladiadores,campeonato-mineiro-2012,PUC Minas - Belo Horizonte/MG,,,
2012-05-27 10:00:00,Uberlândia Lobos,43 - 06,Tigres FA,campeonato-mineiro-2012,Poliesportivo Santa Luzia - Uberlândia/MG,,,
2012-06-10 11:00:00,Pouso Alegre Gladiadores,28 - 34,Tigres FA,campeonato-mineiro-2012,Estádio Manduzão - Pouso Alegre/MG,,,
2012-06-10 14:00:00,Locomotiva FA,42 - 06,Uberlândia Lobos,campeonato-mineiro-2012,Campo do Reinaldo - Nova Lima/MG,,,
2016-03-20 14:00:20,Locomotiva FA,34 - 24,BH Eagles,campeonato-mineiro-2016,,,,
2016-04-02 14:00:20,Timóteo Titans,06 - 35,Locomotiva FA,campeonato-mineiro-2016,,,,
2016-04-23 14:00:20,BH Eagles,27 - 07,Timóteo Titans,campeonato-mineiro-2016,,,,
2016-03-12 14:00:20,Uberlândia Lobos,80 - 00,Uberaba Zebus,campeonato-mineiro-2016,,,,
2016-04-02 14:00:20,Uberaba Zebus,00 - 54,Pouso Alegre Gladiadores,campeonato-mineiro-2016,,,,
2016-04-23 14:00:20,Pouso Alegre Gladiadores,24 - 03,Uberlândia Lobos,campeonato-mineiro-2016,,,,
2016-05-14 14:00:36,Pouso Alegre Gladiadores,06 - 12,BH Eagles,campeonato-mineiro-2016,,,,
2016-05-14 16:00:36,Locomotiva FA,49 - 03,Uberlândia Lobos,campeonato-mineiro-2016,,,,
2016-06-18 18:00:42,Locomotiva FA,21 - 17,BH Eagles,campeonato-mineiro-2016,,,,
2019-03-10 10:00:00,Juiz de Fora Imperadores,18 - 21,Pouso Alegre Gladiadores,campeonato-mineiro-2019,Campo Prainha - Rio Novo/MG,,,
2019-03-17 14:00:00,Tigres FA,21 - 23,Betim Bulldogs,campeonato-mineiro-2019,Canaã E. C. – Ipatinga/MG,,,
2019-03-24 14:00:00,Pouso Alegre Gladiadores,49 - 00,Nova Serrana Forgeds,campeonato-mineiro-2019,UNIVÁS - Pouso Alegre/MG,,,
2019-03-31 14:30:00,Betim Bulldogs,16 - 06,Juiz de Fora Imperadores,campeonato-mineiro-2019,Estádio Jurandir Elias - Betim/MG,,,
2019-04-07 14:00:00,Nova Serrana Forgeds,25 - 22,Tigres FA,campeonato-mineiro-2019,Campo Frei Ambrósio - Nova Serrana/MG,,,
2019-04-21 10:00:00,Pouso Alegre Gladiadores,21 - 14,Juiz de Fora Imperadores,campeonato-mineiro-2019,,,,
2019-04-21 14:00:00,Betim Bulldogs,40 - 22,Nova Serrana Forgeds,campeonato-mineiro-2019,,,,
2019-05-05 14:00:00,Pouso Alegre Gladiadores,28 - 18,Betim Bulldogs,campeonato-mineiro-2019,,,,
2019-05-18 14:00:00,Locomotiva FA,37 - 12,Pouso Alegre Gladiadores,campeonato-mineiro-2019,,,,
2019-05-18 18:00:00,Galo FA,62 - 06,Betim Bulldogs,campeonato-mineiro-2019,,,,
2019-06-15 16:00:00,Galo FA,28 - 12,Locomotiva FA,campeonato-mineiro-2019,,,,
2018-03-11 10:00:00,Paraíso Miners,06 - 07,Uberaba Zebus,campeonato-mineiro-2018,Arena Olímpica - São Sebastião do Paraíso/MG,,,
2018-03-17 17:00:00,Galo FA,82 - 07,Nova Serrana Forgeds,campeonato-mineiro-2018,SESC Venda Nova - Belo Horizonte/MG,,,
2018-03-24 14:30:00,Betim Bulldogs,11 - 14,Contagem Inconfidentes,campeonato-mineiro-2018,Estádio Jurandir Elias - Betim/MG,,,
2018-04-01 10:00:00,Uberaba Zebus,00 - 37,Locomotiva FA,campeonato-mineiro-2018,Uberabão - Uberaba/MG,,,
2018-04-07 17:00:00,Piratas da Serra,00 - 74,Galo FA,campeonato-mineiro-2018,SESC Venda Nova - Belo Horizonte/MG,,,
2018-04-14 19:00:00,Juiz de Fora Imperadores,00 - 49,Pouso Alegre Gladiadores,campeonato-mineiro-2018,W.O.,,,
2018-04-28 16:00:00,Nova Serrana Forgeds,52 - 06,Piratas da Serra,campeonato-mineiro-2018,Campo do Juventus - Nova Serrana/MG,,,
2018-04-29 10:00:00,Locomotiva FA,75 - 00,Paraíso Miners,campeonato-mineiro-2018,SESC Venda Nova - Belo Horizonte/MG,,,
2018-05-06 10:00:00,Contagem Inconfidentes,07 - 67,Juiz de Fora Imperadores,campeonato-mineiro-2018,CSU Amazonas - Contagem/MG,,,
2018-05-06 14:00:00,Pouso Alegre Gladiadores,15 - 13,Betim Bulldogs,campeonato-mineiro-2018,Estádio Manduzão - Pouso Alegre/MG,,,
2018-06-10 10:00:13,Pouso Alegre Gladiadores,06 - 12,Contagem Inconfidentes,campeonato-mineiro-2018,,,,
2018-06-10 10:00:13,Nova Serrana Forgeds,28 - 06,Uberaba Zebus,campeonato-mineiro-2018,,,,
2018-06-16 14:00:13,Galo FA,58 - 06,Contagem Inconfidentes,campeonato-mineiro-2018,,,,
2018-06-17 10:00:13,Locomotiva FA,49 - 00,Nova Serrana Forgeds,campeonato-mineiro-2018,,,,
2018-06-23 16:00:13,Galo FA,50 - 14,Locomotiva FA,campeonato-mineiro-2018,,,,
2013-03-16 14:30:00,Bárbaros do Vale,00 - 06,Corupá Buffalos,campeonato-catarinense-2013,Associação Haco - Blumenau/SC,,,
2013-03-17 14:30:00,Lobos do Mar,00 - 26,Itapema White Sharks,campeonato-catarinense-2013,Campo da Barra - Balneário Camboriu/SC,,,
2013-03-23 13:30:00,Itapema White Sharks,06 - 21,Bárbaros do Vale,campeonato-catarinense-2013,Itapema/SC,,,
2013-03-24 14:00:00,Criciuma Slayers,38 - 00,Lobos do Mar,campeonato-catarinense-2013,SATC - Criciúma/SC,,,
2013-03-26 14:00:00,Itapema White Sharks,00 - 40,Corupá Buffalos,campeonato-catarinense-2013,Campo da SEI - Itapema/SC,,,
2013-04-06 14:00:00,Corupá Buffalos,14 - 32,Istepôs FA,campeonato-catarinense-2013,Seminário SCJ - Corupá/SC,,,
2013-04-07 14:00:00,Criciuma Slayers,00 - 29,Bárbaros do Vale,campeonato-catarinense-2013,SATC - Criciúma/SC,,,
2013-04-13 14:30:00,Istepôs FA,40 - 00,Itapema White Sharks,campeonato-catarinense-2013,Colégio Forquilhão - São José/SC,,,
2013-04-21 14:30:00,Lobos do Mar,00 - 106,Corupá Buffalos,campeonato-catarinense-2013,Campo da Barra - Balneário Camboriu/SC,,,
2013-04-27 14:00:00,Criciuma Slayers,20 - 25,Itapema White Sharks,campeonato-catarinense-2013,Criciúma/SC,,,
2013-04-28 14:00:00,Istepôs FA,80 - 00,Lobos do Mar,campeonato-catarinense-2013,Colégio Forquilhão - São José/SC,,,
2013-05-04 14:00:00,Istepôs FA,84 - 00,Criciuma Slayers,campeonato-catarinense-2013,Colégio Forquilhão - São José/SC,,,
2013-05-05 14:30:00,Lobos do Mar,00 - 71,Bárbaros do Vale,campeonato-catarinense-2013,Campo da Barra - Balneário Camboriu/SC,,,
2013-05-18 14:30:00,Bárbaros do Vale,00 - 15,Istepôs FA,campeonato-catarinense-2013,Associação Haco - Blumenau/SC,,,
2013-05-19 14:00:00,Criciuma Slayers,16 - 42,Corupá Buffalos,campeonato-catarinense-2013,Corupá/SC,,,
2013-06-09 14:00:00,Corupá Buffalos,35 - 09,Bárbaros do Vale,campeonato-catarinense-2013,,,,
2013-06-23 14:00:00,Istepôs FA,71 - 00,Corupá Buffalos,campeonato-catarinense-2013,,,,
2016-08-07 14:00:13,Itajaí Dockers,00 - 16,Miners FA,copa-sul-2016,Pista de Atletismo - Itajaí/SC,,,
2016-08-13 14:00:13,Ijuí Drones,20 - 13,Canoas Bulls,copa-sul-2016,Estádio 19 de Outubro - Ijuí/RS,,,
2016-08-20 14:00:13,Miners FA,06 - 00,Restinga Redskulls,copa-sul-2016,SATC - Criciúma/SC,,,
2016-08-27 14:00:13,Itajaí Dockers,07 - 25,Canoas Bulls,copa-sul-2016,Estádio Dulcídio Costa - Itajaí/SC,,,
2016-09-03 14:00:13,Ijuí Drones,13 - 06,Restinga Redskulls,copa-sul-2016,Estádio 19 de Outubro - Ijuí/RS,,,
2016-09-11 14:00:13,Canoas Bulls,19 - 13,Restinga Redskulls,copa-sul-2016,Grêmio Esportivo Nacional - São Leopoldo/RS,,,
2016-09-17 14:00:13,Ijuí Drones,33 - 00,Itajaí Dockers,copa-sul-2016,Estádio 19 de Outubro - Ijuí/RS,,,
2016-09-24 14:00:13,Miners FA,26 - 06,Canoas Bulls,copa-sul-2016,SATC - Criciúma/SC,,,
2016-10-01 14:00:13,Itajaí Dockers,06 - 30,Restinga Redskulls,copa-sul-2016,Pista de Atletismo - Itajaí/SC,,,
2016-10-08 14:00:13,Ijuí Drones,25 - 30,Miners FA,copa-sul-2016,Estádio 19 de Outubro - Ijuí/RS,,,
2016-08-13 14:00:13,Black Hawks,40 - 00,Itaiópolis Xoklengs,copa-sul-2016,Clube Atlético Tupi - Gaspar/SC,,,
2016-08-14 14:00:13,Corupá Buffalos,42 - 00,HP Desenvolvimento,copa-sul-2016,Seminário SCJ - Corupá/SC,,,
2016-08-28 14:00:13,Corupá Buffalos,00 - 24,Black Hawks,copa-sul-2016,Seminário SCJ - Corupá/SC,,,
2016-09-10 14:00:13,Itaiópolis Xoklengs,00 - 28,Corupá Buffalos,copa-sul-2016,Clube 16 de Abril - Itaiópolis/SC,,,
2016-09-11 14:00:13,HP Desenvolvimento,00 - 08,PRC Guardian Saints,copa-sul-2016,Croco Stadium - Curitiba/PR,,,
2016-09-18 14:00:13,Black Hawks,15 - 06,HP Desenvolvimento,copa-sul-2016,Clube Atlético Tupi - Gaspar/SC,,,
2016-09-25 14:00:13,PRC Guardian Saints,15 - 26,Corupá Buffalos,copa-sul-2016,Campo União Capão Raso - Curitiba/PR,,,
2016-10-09 14:00:13,Itaiópolis Xoklengs,02 - 12,HP Desenvolvimento,copa-sul-2016,Clube 16 de Abril - Itaiópolis/SC,,,
2016-10-15 14:00:13,Itaiópolis Xoklengs,24 - 27,PRC Guardian Saints,copa-sul-2016,Clube 16 de Abril - Itaiópolis/SC,,,
2016-10-23 14:00:13,PRC Guardian Saints,00 - 40,Black Hawks,copa-sul-2016,Campo União Capão Raso - Curitiba/PR,,,
2016-11-05 14:00:24,Corupá Buffalos,37 - 07,Canoas Bulls,copa-sul-2016,,,,
2016-11-12 15:00:24,Ijuí Drones,32 - 29,Guardian Saints,copa-sul-2016,,,,
2016-11-19 14:00:24,Black Hawks,22 - 07,Corupá Buffalos,copa-sul-2016,,,,
2016-11-19 15:00:24,Miners FA,38 - 00,Ijuí Drones,copa-sul-2016,,,,
2016-12-03 15:00:24,Black Hawks,13 - 00,Miners FA,copa-sul-2016,,,,
2015-07-26 14:00:11,PRC Guardian Saints,36 - 10,Itaiópolis Xoklengs,copa-sul-2015,,,,
2015-08-09 14:00:11,Itaiópolis Xoklengs,16 - 20,Corupá Buffalos,copa-sul-2015,,,,
2015-08-30 14:00:11,Itaiópolis Xoklengs,22 - 18,PRC Guardian Saints,copa-sul-2015,,,,
2015-09-20 14:00:11,PRC Guardian Saints,20 - 14,Corupá Buffalos,copa-sul-2015,,,,
2015-10-03 14:00:11,Corupá Buffalos,42 - 00,Itaiópolis Xoklengs,copa-sul-2015,,,,
2015-07-11 14:00:11,Camboriú Broqueiros,10 - 06,Miners FA,copa-sul-2015,,,,
2015-07-25 14:00:11,Miners FA,06 - 06,Black Hawks,copa-sul-2015,,,,
2015-08-16 14:00:11,Black Hawks,20 - 12,Camboriú Broqueiros,copa-sul-2015,,,,
2015-09-05 14:00:11,Camboriú Broqueiros,00 - 19,Black Hawks,copa-sul-2015,,,,
2015-09-19 14:00:11,Black Hawks,15 - 13,Miners FA,copa-sul-2015,,,,
2015-10-17 14:00:11,Miners FA,46 - 15,Camboriú Broqueiros,copa-sul-2015,,,,
2015-07-18 14:00:11,Ijuí Drones,00 - 24,Santa Cruz Chacais,copa-sul-2015,,,,
2015-08-08 14:00:11,Santa Cruz Chacais,40 - 06,Restinga Redskulls,copa-sul-2015,,,,
2015-08-22 14:00:11,Ijuí Drones,12 - 24,Restinga Redskulls,copa-sul-2015,,,,
2015-09-06 14:00:11,Santa Cruz Chacais,28 - 06,Ijuí Drones,copa-sul-2015,,,,
2015-10-03 14:00:11,Restinga Redskulls,08 - 20,Ijuí Drones,copa-sul-2015,,,,
2015-10-17 14:00:11,Restinga Redskulls,08 - 29,Santa Cruz Chacais,copa-sul-2015,,,,
2015-10-31 14:00:11,Corupá Buffalos,14 - 06,Ijuí Drones,copa-sul-2015,,,,
2015-11-08 14:00:11,Guardian Saints,12 - 07,Miners FA,copa-sul-2015,,,,
2015-11-21 14:00:11,Santa Cruz Chacais,19 - 00,Guardian Saints,copa-sul-2015,,,,
2015-11-22 14:00:11,Black Hawks,17 - 26,Corupá Buffalos,copa-sul-2015,,,,
2015-12-05 14:00:11,Santa Cruz Chacais,14 - 07,Corupá Buffalos,copa-sul-2015,,,,
2015-03-07 14:00:44,JEC Gladiators,44 - 13,Miners FA,campeonato-catarinense-2015,Grêmio Whirlpool - Joinville/SC,,,
2015-03-08 14:30:44,Itapema White Sharks,17 - 34,Istepôs FA,campeonato-catarinense-2015,Campo da SEI - Itapema/SC,,,
2015-03-21 14:30:44,Istepôs FA,00 - 27,T-Rex,campeonato-catarinense-2015,IFC - Camboriú/SC,,,
2015-03-22 14:30:44,Itapema White Sharks,48 - 06,JEC Gladiators,campeonato-catarinense-2015,Campo da SEI - Itapema/SC,,,
2015-04-11 14:00:44,JEC Gladiators,14 - 38,T-Rex,campeonato-catarinense-2015,Grêmio Whirlpool - Joinville/SC,,,
2015-04-12 14:00:44,Miners FA,13 - 21,Itapema White Sharks,campeonato-catarinense-2015,SATC - Criciúma/SC,,,
2015-04-25 14:00:44,Miners FA,09 - 25,Istepôs FA,campeonato-catarinense-2015,SATC - Criciúma/SC,,,
2015-04-26 14:30:44,T-Rex,48 - 14,Itapema White Sharks,campeonato-catarinense-2015,Complexo Esportivo - Timbó/SC,,,
2015-05-16 14:30:44,T-Rex,63 - 00,Miners FA,campeonato-catarinense-2015,Complexo Esportivo - Timbó/SC,,,
2015-05-17 14:00:44,Istepôs FA,34 - 29,JEC Gladiators,campeonato-catarinense-2015,Colégio Forquilhão - São José/SC,,,
2015-05-30 15:00:44,Timbó Rex,39 - 00,Istepôs FA,campeonato-catarinense-2015,,,,
2017-04-01 14:30:16,Black Hawks,33 - 07,Miners FA,campeonato-catarinense-2017,Clube Atlético Tupi - Gaspar/SC,,,
2017-04-15 14:30:16,T-Rex,38 - 08,Black Hawks,campeonato-catarinense-2017,Complexo Esportivo - Timbó/SC,,,
2017-04-29 14:30:16,Miners FA,00 - 41,T-Rex,campeonato-catarinense-2017,Estádio Valmor Mário Guollo - Cocal do Sul/SC,,,
2017-05-14 14:30:16,Black Hawks,28 - 06,Miners FA,campeonato-catarinense-2017,Clube Atlético Tupi - Gaspar/SC,,,
2017-04-08 14:30:16,Istepôs FA,14 - 02,Itajaí Dockers,campeonato-catarinense-2017,Colégio Forquilhão - São José/SC,,,
2017-04-09 14:30:16,JEC Gladiators,00 - 37,Jaraguá Breakers,campeonato-catarinense-2017,Grêmio Whirlpool - Joinville/SC,,,
2017-04-23 14:30:16,Itajaí Dockers,00 - 07,Jaraguá Breakers,campeonato-catarinense-2017,Pista de Atletismo - Itajaí/SC,,,
2017-04-30 14:30:16,Istepôs FA,02 - 03,JEC Gladiators,campeonato-catarinense-2017,Colégio Forquilhão - São José/SC,,,
2017-05-13 14:30:16,JEC Gladiators,00 - 20,Itajaí Dockers,campeonato-catarinense-2017,Grêmio Whirlpool - Joinville/SC,,,
2017-05-28 14:30:16,Jaraguá Breakers,02 - 06,Istepôs FA,campeonato-catarinense-2017,ARSEPUM - Jaraguá do Sul/SC,,,
2017-06-10 14:30:16,Istepôs FA,15 - 00,Black Hawks,campeonato-catarinense-2017,,,,
2017-06-11 14:30:16,Timbó Rex,10 - 07,Jaraguá Breakers,campeonato-catarinense-2017,,,,
2017-06-25 14:30:16,Timbó Rex,28 - 07,Istepôs FA,campeonato-catarinense-2017,,,,
2014-08-24 14:00:00,Itapema White Sharks,30 - 19,Miners FA,copa-sul-2014,,,,
2014-08-30 14:00:00,Black Hawks,45 - 07,Ijuí Drones,copa-sul-2014,,,,
2014-09-13 14:00:00,Ijuí Drones,00 - 49,Itapema White Sharks,copa-sul-2014,,,,
2014-09-14 14:00:00,Miners FA,20 - 07,Black Hawks,copa-sul-2014,,,,
2014-09-21 14:00:00,Itapema White Sharks,39 - 08,Black Hawks,copa-sul-2014,,,,
2014-09-28 14:00:00,Miners FA,35 - 06,Ijuí Drones,copa-sul-2014,,,,
2014-10-18 15:00:00,Itapema White Sharks,48 - 35,Miners FA,copa-sul-2014,,,,
2017-08-12 13:00:00,Moon Howlers FA,06 - 31,Cascavel Olympians,copa-sul-2017,Croco Stadium - Curitiba/PR,,,
2017-08-13 14:00:00,HP Desenvolvimento,49 - 08,Norte Paraná,copa-sul-2017,Croco Stadium - Curitiba/PR,,,
2017-08-26 14:00:00,Norte Paraná,29 - 06,Moon Howlers FA,copa-sul-2017,Estádio José Garbelini - Cambé/PR,,,
2017-08-27 10:00:00,Cascavel Olympians,00 - 28,HP Desenvolvimento,copa-sul-2017,Asfurca - Palotina/PR,,,
2017-09-10 14:00:00,Moon Howlers FA,00 - 70,HP Desenvolvimento,copa-sul-2017,Croco Stadium - Curitiba/PR,,,
2017-09-10 14:00:00,Cascavel Olympians,28 - 06,Norte Paraná,copa-sul-2017,Estádio Municipal - Corbélia/PR,,,
2017-08-06 14:00:00,PRC Guardian Saints,12 - 12,Corupá Buffalos,copa-sul-2017,Croco Stadium - Curitiba/PR,,,
2017-08-13 14:00:00,Itaiópolis Xoklengs,20 - 50,Itajaí Dockers,copa-sul-2017,Clube 16 de Abril - Itaiópolis/SC,,,
2017-08-26 16:00:00,Itajaí Dockers,19 - 07,Corupá Buffalos,copa-sul-2017,Estádio Camilo Mussi - Itajaí/SC,,,
2017-09-09 16:00:00,Itajaí Dockers,25 - 00,PRC Guardian Saints,copa-sul-2017,Estádio Camilo Mussi - Itajaí/SC,,,
2017-09-10 14:00:00,Corupá Buffalos,26 - 06,Itaiópolis Xoklengs,copa-sul-2017,Seminário SCJ - Corupá/SC,,,
2017-09-23 14:00:00,Itaiópolis Xoklengs,12 - 26,PRC Guardian Saints,copa-sul-2017,Clube 16 de Abril - Itaiópolis/SC,,,
2017-08-06 09:00:00,Canoas Bulls,26 - 43,Ijuí Drones,copa-sul-2017,Grêmio Esportivo Nacional - São Leopoldo/RS,,,
2017-08-06 14:00:00,Porto Alegre Pumpkins,21 - 14,Santa Cruz Chacais,copa-sul-2017,Campo do Pampa - Porto Alegre/RS,,,
2017-08-19 14:00:00,Ijuí Drones,34 - 33,Porto Alegre Pumpkins,copa-sul-2017,Campo Poliesportivo - Ijuí/RS,,,
2017-08-20 14:00:00,Santa Cruz Chacais,50 - 13,Canoas Bulls,copa-sul-2017,Estádio dos Plátanos - Santa Cruz do Sul/RS,,,
2017-09-09 14:30:00,Porto Alegre Pumpkins,45 - 13,Canoas Bulls,copa-sul-2017,Parque Getúlio Vargas - Canoas/RS,,,
2017-09-10 14:00:00,Ijuí Drones,38 - 16,Santa Cruz Chacais,copa-sul-2017,Campo Poliesportivo - Ijuí/RS,,,
2017-10-07 14:00:51,Ijuí Drones,14 - 34,Corupá Buffalos,copa-sul-2017,,,,
2017-10-14 15:00:51,Cascavel Olympians,07 - 30,Porto Alegre Pumpkins,copa-sul-2017,,,,
2017-10-28 10:00:51,HP Desenvolvimento,06 - 20,Porto Alegre Pumpkins,copa-sul-2017,,,,
2017-10-28 15:00:51,Itajaí Dockers,13 - 23,Corupá Buffalos,copa-sul-2017,,,,
2017-11-18 15:00:51,Porto Alegre Pumpkins,13 - 14,Corupá Buffalos,copa-sul-2017,,,,
2013-10-05 14:00:00,Ponta Grossa Phantoms,14:00:0014:00,Itapema White Sharks,copa-sul-2013,Palmeira/PR,,,
2013-10-06 14:00:00,Lobos do Mar,36 - 27,Criciuma Slayers,copa-sul-2013,Balneario Camboriu/SC,,,
2013-10-19 15:30:00,Itapema White Sharks,28 - 14,Criciuma Slayers,copa-sul-2013,São João Batista/SC,,,
2013-10-26 14:00:00,Ponta Grossa Phantoms,35 - 20,Lobos do Mar,copa-sul-2013,Ponta Grossa/PR,,,
2013-11-09 15:00:00,Criciuma Slayers,14 - 20,Ponta Grossa Phantoms,copa-sul-2013,Estádio Mário Balsini - Criciúma/SC,,,
2013-11-10 15:30:00,Itapema White Sharks,56 - 14,Lobos do Mar,copa-sul-2013,São João Batista/SC,,,
2013-11-24 16:00:00,Itapema White Sharks,27 - 00,Ponta Grossa Phantoms,copa-sul-2013,,,,
2014-03-15 15:00:00,Black Hawks,00 - 25,Itapema White Sharks,campeonato-catarinense-2014,Gaspar/SC,,,
2014-03-16 14:00:00,Corupá Buffalos,00 - 21,Istepôs FA,campeonato-catarinense-2014,Seminário SCJ - Corupá/SC,,,
2014-03-16 14:30:00,Lobos do Mar,00 - 24,JEC Gladiators,campeonato-catarinense-2014,Balneario Camboriu/SC,,,
2014-03-22 14:30:00,Istepôs FA,81 - 00,Lobos do Mar,campeonato-catarinense-2014,Colégio Forquilhão - São José/SC,,,
2014-03-23 14:00:00,JEC Gladiators,35 - 03,Black Hawks,campeonato-catarinense-2014,Grêmio Whirlpool - Joinville/SC,,,
2014-03-29 15:00:00,Black Hawks,06 - 48,Istepôs FA,campeonato-catarinense-2014,Ilhota/SC,,,
2014-03-30 14:30:00,Itapema White Sharks,20 - 23,Corupá Buffalos,campeonato-catarinense-2014,Campo da SEI - Itapema/SC,,,
2014-04-06 14:00:00,JEC Gladiators,27 - 07,Corupá Buffalos,campeonato-catarinense-2014,Grêmio Whirlpool - Joinville/SC,,,
2014-04-06 15:00:00,Lobos do Mar,00 - 20,Itapema White Sharks,campeonato-catarinense-2014,Balneario Camboriu/SC,,,
2014-04-12 14:30:00,Istepôs FA,53 - 06,JEC Gladiators,campeonato-catarinense-2014,Colégio Forquilhão - São José/SC,,,
2014-04-13 15:00:00,Lobos do Mar,08 - 09,Black Hawks,campeonato-catarinense-2014,Balneario Camboriu/SC,,,
2014-04-26 14:30:00,Corupá Buffalos,51 - 00,Black Hawks,campeonato-catarinense-2014,Seminário SCJ - Corupá/SC,,,
2014-04-27 14:30:00,JEC Gladiators,28 - 14,Itapema White Sharks,campeonato-catarinense-2014,Grêmio Whirlpool - Joinville/SC,,,
2014-05-03 14:00:00,Corupá Buffalos,21 - 00,Lobos do Mar,campeonato-catarinense-2014,Corupá/SC,,,
2014-05-04 14:30:00,Itapema White Sharks,15 - 51,Istepôs FA,campeonato-catarinense-2014,Campo da SEI - Itapema/SC,,,
2014-05-17 14:00:00,Joinville Gladiators,41 - 07,Corupá Buffalos,campeonato-catarinense-2014,,,,
2014-06-28 19:00:00,Istepôs FA,16 - 00,Joinville Gladiators,campeonato-catarinense-2014,,,,
2013-03-16 14:30:00,Bárbaros do Vale,00 - 06,Corupá Buffalos,campeonato-catarinense-2013,Associação Haco - Blumenau/SC,,,
2013-03-17 14:30:00,Lobos do Mar,00 - 26,Itapema White Sharks,campeonato-catarinense-2013,Campo da Barra - Balneário Camboriu/SC,,,
2013-03-23 13:30:00,Itapema White Sharks,06 - 21,Bárbaros do Vale,campeonato-catarinense-2013,Itapema/SC,,,
2013-03-24 14:00:00,Criciuma Slayers,38 - 00,Lobos do Mar,campeonato-catarinense-2013,SATC - Criciúma/SC,,,
2013-03-26 14:00:00,Itapema White Sharks,00 - 40,Corupá Buffalos,campeonato-catarinense-2013,Campo da SEI - Itapema/SC,,,
2013-04-06 14:00:00,Corupá Buffalos,14 - 32,Istepôs FA,campeonato-catarinense-2013,Seminário SCJ - Corupá/SC,,,
2013-04-07 14:00:00,Criciuma Slayers,00 - 29,Bárbaros do Vale,campeonato-catarinense-2013,SATC - Criciúma/SC,,,
2013-04-13 14:30:00,Istepôs FA,40 - 00,Itapema White Sharks,campeonato-catarinense-2013,Colégio Forquilhão - São José/SC,,,
2013-04-21 14:30:00,Lobos do Mar,00 - 106,Corupá Buffalos,campeonato-catarinense-2013,Campo da Barra - Balneário Camboriu/SC,,,
2013-04-27 14:00:00,Criciuma Slayers,20 - 25,Itapema White Sharks,campeonato-catarinense-2013,Criciúma/SC,,,
2013-04-28 14:00:00,Istepôs FA,80 - 00,Lobos do Mar,campeonato-catarinense-2013,Colégio Forquilhão - São José/SC,,,
2013-05-04 14:00:00,Istepôs FA,84 - 00,Criciuma Slayers,campeonato-catarinense-2013,Colégio Forquilhão - São José/SC,,,
2013-05-05 14:30:00,Lobos do Mar,00 - 71,Bárbaros do Vale,campeonato-catarinense-2013,Campo da Barra - Balneário Camboriu/SC,,,
2013-05-18 14:30:00,Bárbaros do Vale,00 - 15,Istepôs FA,campeonato-catarinense-2013,Associação Haco - Blumenau/SC,,,
2013-05-19 14:00:00,Criciuma Slayers,16 - 42,Corupá Buffalos,campeonato-catarinense-2013,Corupá/SC,,,
2013-06-09 14:00:00,Corupá Buffalos,35 - 09,Bárbaros do Vale,campeonato-catarinense-2013,,,,
2013-06-23 14:00:00,Istepôs FA,71 - 00,Corupá Buffalos,campeonato-catarinense-2013,,,,
2012-03-31 14:00:00,Itapema White Sharks,34 - 13,Criciuma Slayers,campeonato-catarinense-2012,,,,
2012-04-01 14:00:00,Corupá Buffalos,24 - 07,Bárbaros do Vale,campeonato-catarinense-2012,,,,
2012-04-01 14:00:00,Istepôs FA,12 - 12,JEC Gladiators,campeonato-catarinense-2012,,,,
2012-04-14 14:00:00,Itapema White Sharks,08 - 27,Bárbaros do Vale,campeonato-catarinense-2012,Itapema/SC,,,
2012-04-14 14:00:00,Corupá Buffalos,24 - 23,Istepôs FA,campeonato-catarinense-2012,Seminário SCJ - Corupá/SC,,,
2012-04-15 14:00:00,JEC Gladiators,18 - 06,Jaraguá Breakers,campeonato-catarinense-2012,Joinville/SC,,,
2012-04-21 14:00:00,Istepôs FA,36 - 00,Criciuma Slayers,campeonato-catarinense-2012,Colégio Forquilhão - São José/SC,,,
2012-04-22 14:00:00,Bárbaros do Vale,07 - 21,JEC Gladiators,campeonato-catarinense-2012,Associação Haco - Blumenau/SC,,,
2012-04-22 14:30:00,Jaraguá Breakers,41 - 00,Itapema White Sharks,campeonato-catarinense-2012,Estádio João Marcatto - Jaraguá do Sul/SC,,,
2012-05-05 14:00:00,Corupá Buffalos,28 - 00,Jaraguá Breakers,campeonato-catarinense-2012,Corupá/SC,,,
2012-05-06 14:00:00,Itapema White Sharks,00 - 41,Istepôs FA,campeonato-catarinense-2012,Itapema/SC,,,
2012-05-06 14:30:00,Bárbaros do Vale,49 - 03,Criciuma Slayers,campeonato-catarinense-2012,Associação Haco - Blumenau/SC,,,
2012-05-12 14:00:00,Istepôs FA,16 - 00,Jaraguá Breakers,campeonato-catarinense-2012,Colégio Forquilhão - São José/SC,,,
2012-05-13 13:30:00,Criciuma Slayers,03 - 48,Corupá Buffalos,campeonato-catarinense-2012,SATC - Criciúma/SC,,,
2012-05-13 14:00:00,Itapema White Sharks,00 - 46,JEC Gladiators,campeonato-catarinense-2012,Itapema/SC,,,
2012-05-26 14:00:00,Jaraguá Breakers,00 - 49,Bárbaros do Vale,campeonato-catarinense-2012,W.O.,,,
2012-05-26 14:00:00,JEC Gladiators,73 - 00,Criciuma Slayers,campeonato-catarinense-2012,Joinville/SC,,,
2012-05-27 14:00:00,Corupá Buffalos,43 - 00,Itapema White Sharks,campeonato-catarinense-2012,Seminário SCJ - Corupá/SC,,,
2012-06-02 14:00:00,Istepôs FA,24 - 00,Bárbaros do Vale,campeonato-catarinense-2012,Colégio Forquilhão - São José/SC,,,
2012-06-03 14:00:00,Corupá Buffalos,11 - 07,JEC Gladiators,campeonato-catarinense-2012,Seminário SCJ - Corupá/SC,,,
2012-06-03 14:00:00,Criciuma Slayers,49 - 00,Jaraguá Breakers,campeonato-catarinense-2012,W.O.,,,
2012-06-16 14:00:00,Corupá Buffalos,15 - 10,Bárbaros do Vale,campeonato-catarinense-2012,,,,
2012-06-17 14:00:00,Joinville Gladiators,06 - 13,Istepôs FA,campeonato-catarinense-2012,,,,
2012-06-24 14:00:00,Corupá Buffalos,16 - 14,Istepôs FA,campeonato-catarinense-2012,,,,
2018-03-17 14:30:00,Tubarão Predadores,02 - 44,Istepôs FA,campeonato-catarinense-2018,Clube do Santos - Tubarão/SC,,,
2018-03-18 14:30:00,Itajaí Dockers,07 - 37,T-Rex,campeonato-catarinense-2018,Pista de Atletismo - Itajaí/SC,,,
2018-03-24 14:00:00,Jaraguá Breakers,14 - 07,Corupá Buffalos,campeonato-catarinense-2018,S.E.R. Menegotti - Jaraguá do Sul/SC,,,
2018-04-08 14:30:00,T-Rex,16 - 14,Black Hawks,campeonato-catarinense-2018,Complexo Esportivo - Timbó/SC,,,
2018-04-14 14:30:00,Jaraguá Breakers,00 - 13,Istepôs FA,campeonato-catarinense-2018,S.E.R. Menegotti - Jaraguá do Sul/SC,,,
2018-04-15 14:30:00,Corupá Buffalos,00 - 14,Itajaí Dockers,campeonato-catarinense-2018,Seminário SCJ - Corupá/SC,,,
2018-04-28 14:30:00,Tubarão Predadores,00 - 76,Itajaí Dockers,campeonato-catarinense-2018,Clube do Santos - Tubarão/SC,,,
2018-05-05 14:30:00,T-Rex,33 - 03,Jaraguá Breakers,campeonato-catarinense-2018,Complexo Esportivo - Timbó/SC,,,
2018-05-06 14:30:00,Black Hawks,20 - 07,Istepôs FA,campeonato-catarinense-2018,Clube Atlético Tupi - Gaspar/SC,,,
2018-05-12 14:30:00,Corupá Buffalos,62 - 00,Tubarão Predadores,campeonato-catarinense-2018,Seminário SCJ - Corupá/SC,,,
2018-05-27 14:30:00,Itajaí Dockers,07 - 23,Black Hawks,campeonato-catarinense-2018,Pista de Atletismo - Itajaí/SC,,,
2018-06-02 14:30:00,Jaraguá Breakers,79 - 00,Tubarão Predadores,campeonato-catarinense-2018,S.E.R. Menegotti - Jaraguá do Sul/SC,,,
2018-06-09 14:30:00,T-Rex,08 - 10,Istepôs FA,campeonato-catarinense-2018,Complexo Esportivo - Timbó/SC,,,
2018-06-10 14:30:00,Black Hawks,22 - 03,Corupá Buffalos,campeonato-catarinense-2018,Clube Atlético Tupi - Gaspar/SC,,,
2018-06-23 13:30:42,Istepôs FA,23 - 00,Jaraguá Breakers,campeonato-catarinense-2018,,,,
2018-06-24 14:30:42,Black Hawks,06 - 35,Timbó Rex,campeonato-catarinense-2018,,,,
2018-07-07 14:30:42,Istepôs FA,00 - 24,Timbó Rex,campeonato-catarinense-2018,,,,
2019-03-09 14:30:00,Blumenau Vikings,00 - 62,T-Rex,campeonato-catarinense-2019,Estádio Rainoldo Rinkus - Blumenau/SC,,,
2019-03-10 14:30:00,Jaraguá Breakers,20 - 00,Brusque Weavers,campeonato-catarinense-2019,S.E.R. Menegotti - Jaraguá do Sul/SC,,,
2019-03-16 14:30:00,Istepôs FA,34 - 13,Itajaí Dockers,campeonato-catarinense-2019,Colégio Forquilhão - São José/SC,,,
2019-03-17 14:30:00,Black Hawks,63 - 00,JEC Gladiators,campeonato-catarinense-2019,Gaspar/SC,,,
2019-03-31 14:30:00,JEC Gladiators,09 - 22,Blumenau Vikings,campeonato-catarinense-2019,Grêmio Whirlpool - Joinville/SC,,,
2019-04-06 14:30:00,Jaraguá Breakers,17 - 15,Itajaí Dockers,campeonato-catarinense-2019,S.E.R. Menegotti - Jaraguá do Sul/SC,,,
2019-04-13 14:30:00,T-Rex,14 - 06,Black Hawks,campeonato-catarinense-2019,Complexo Esportivo - Timbó/SC,,,
2019-04-14 14:30:00,Brusque Weavers,00 - 47,Istepôs FA,campeonato-catarinense-2019,Brusque/SC,,,
2019-04-27 14:30:00,Itajaí Dockers,24 - 06,Brusque Weavers,campeonato-catarinense-2019,Estádio Camilo Mussi - Itajaí/SC,,,
2019-04-28 14:30:00,JEC Gladiators,00 - 87,T-Rex,campeonato-catarinense-2019,Grêmio Whirlpool - Joinville/SC,,,
2019-05-04 14:30:00,Istepôs FA,30 - 20,Jaraguá Breakers,campeonato-catarinense-2019,Colégio Forquilhão - São José/SC,,,
2019-05-05 14:30:00,Blumenau Vikings,00 - 49,Black Hawks,campeonato-catarinense-2019,Estádio Rainoldo Rinkus - Blumenau/SC,,,
2019-05-18 14:30:00,Timbó Rex,38 - 00,Jaraguá Breakers,campeonato-catarinense-2019,,,,
2019-05-19 14:00:00,Istepôs FA,07 - 06,Black Hawks,campeonato-catarinense-2019,,,,
2019-06-09 14:00:00,Timbó Rex,30 - 12,Istepôs FA,campeonato-catarinense-2019,,,,
2016-07-09 15:00:30,Recife Mariners,21 - 07,Santa Cruz Pirates,superliga-nacional-2016,Estádio dos Aflitos - Recife/PE,,,
2016-07-10 16:00:00,Ceará Caçadores,42 - 31,João Pessoa Espectros,superliga-nacional-2016,Estádio Presidente Vargas - Fortaleza/CE,,,
2016-07-16 14:00:02,Vitória FA,00 - 12,América Bulls,superliga-nacional-2016,Estádio Municipal - Lauro de Freitas/BA,,,
2016-07-23 15:00:45,Santa Cruz Pirates,22 - 18,Mossoró Petroleiros,superliga-nacional-2016,Estádio dos Aflitos - Recife/PE,,,
2016-07-31 14:00:36,Vitória FA,00 - 43,João Pessoa Espectros,superliga-nacional-2016,Estádio Municipal - Lauro de Freitas/BA,,,
2016-07-31 15:00:36,América Bulls,21 - 13,Ceará Caçadores,superliga-nacional-2016,Estádio José Pascoal de Lima - Natal/RN,,,
2016-08-06 17:00:51,Mossoró Petroleiros,12 - 00,Vitória FA,superliga-nacional-2016,Estádio Nogueirão - Mossoró/RN,,,
2016-08-07 15:00:51,América Bulls,00 - 43,Recife Mariners,superliga-nacional-2016,Estádio José Pascoal de Lima - Natal/RN,,,
2016-08-07 15:00:51,João Pessoa Espectros,45 - 06,Santa Cruz Pirates,superliga-nacional-2016,Almeidão - João Pessoa/PB,,,
2016-08-20 15:00:51,Santa Cruz Pirates,21 - 20,Vitória FA,superliga-nacional-2016,Estádio dos Aflitos - Recife/PE,,,
2016-08-21 16:00:51,Ceará Caçadores,16 - 15,Recife Mariners,superliga-nacional-2016,Estádio Presidente Vargas - Fortaleza/CE,,,
2016-08-21 16:00:51,Mossoró Petroleiros,00 - 48,João Pessoa Espectros,superliga-nacional-2016,Estádio Nogueirão - Mossoró/RN,,,
2016-09-03 15:30:51,Recife Mariners,36 - 00,Mossoró Petroleiros,superliga-nacional-2016,Estádio dos Aflitos - Recife/PE,,,
2016-09-04 14:00:51,Vitória FA,12 - 49,Ceará Caçadores,superliga-nacional-2016,Estádio Municipal - Lauro de Freitas/BA,,,
2016-09-11 14:00:51,João Pessoa Espectros,30 - 09,América Bulls,superliga-nacional-2016,Vila Olímpica Parahyba - João Pessoa/PB,,,
2016-09-25 14:00:51,João Pessoa Espectros,10 - 14,Recife Mariners,superliga-nacional-2016,Vila Olímpica Parahyba - João Pessoa/PB,,,
2016-09-25 15:00:51,América Bulls,18 - 12,Mossoró Petroleiros,superliga-nacional-2016,Estádio José Pascoal de Lima - Natal/RN,,,
2016-09-25 16:00:51,Ceará Caçadores,37 - 15,Santa Cruz Pirates,superliga-nacional-2016,Estádio Presidente Vargas - Fortaleza/CE,,,
2016-10-08 14:00:51,Recife Mariners,44 - 00,Vitória FA,superliga-nacional-2016,Estádio dos Aflitos - Recife/PE,,,
2016-10-09 14:00:51,Santa Cruz Pirates,13 - 18,América Bulls,superliga-nacional-2016,Estádio dos Aflitos - Recife/PE,,,
2016-10-09 16:00:51,Mossoró Petroleiros,12 - 14,Ceará Caçadores,superliga-nacional-2016,Estádio Nogueirão - Mossoró/RN,,,
2016-07-09 14:00:15,Locomotiva FA,33 - 35,Botafogo Reptiles,superliga-nacional-2016,PUC Minas - Belo Horizonte/MG,,,
2016-07-09 14:00:15,Vasco Almirantes,62 - 00,Cabritos FA,superliga-nacional-2016,Vila Olímpica - Duque de Caxias/RJ,,,
2016-07-10 14:00:15,Tritões FA,28 - 49,Flamengo Imperadores,superliga-nacional-2016,Ninho da Águia - Vitória/ES,,,
2016-07-24 10:00:15,Ribeirão Preto Challengers,00 - 23,Santos Tsunami,superliga-nacional-2016,CT Santa Iria - Ribeirão Preto/SP,,,
2016-07-30 13:00:15,Cabritos FA,00 - 26,Locomotiva FA,superliga-nacional-2016,Clube de Campo do AEST - Serra/ES,,,
2016-07-30 14:00:15,Flamengo Imperadores,59 - 00,Ribeirão Preto Challengers,superliga-nacional-2016,Vila Olímpica - Duque de Caxias/RJ,,,
2016-07-31 14:00:15,Botafogo Reptiles,16 - 34,Vasco Almirantes,superliga-nacional-2016,Vila Olímpica - Duque de Caxias/RJ,,,
2016-08-06 14:00:15,Santos Tsunami,12 - 42,Tritões FA,superliga-nacional-2016,CT Meninos da Vila - Santos/SP,,,
2016-08-27 14:00:15,Cabritos FA,00 - 78,Flamengo Imperadores,superliga-nacional-2016,Campo do Barcelona - Serra/ES,,,
2016-08-27 14:00:15,Santos Tsunami,15 - 07,Locomotiva FA,superliga-nacional-2016,CT Meninos da Vila - Santos/SP,,,
2016-08-28 14:00:15,Vasco Almirantes,07 - 34,Tritões FA,superliga-nacional-2016,Estádio Municipal - Mangaratiba/RJ,,,
2016-09-10 14:00:15,Santos Tsunami,07 - 42,Flamengo Imperadores,superliga-nacional-2016,CT Meninos da Vila - Santos/SP,,,
2016-09-10 14:00:15,Botafogo Reptiles,38 - 00,Cabritos FA,superliga-nacional-2016,Vila Olímpica - Duque de Caxias/RJ,,,
2016-09-10 16:30:15,Locomotiva FA,15 - 26,Vasco Almirantes,superliga-nacional-2016,SESC Venda Nova - Belo Horizonte/MG,,,
2016-09-11 00:00:15,Tritões FA,49 - 00,Ribeirão Preto Challengers,superliga-nacional-2016,W.O.,,,
2016-09-24 00:00:15,Locomotiva FA,49 - 00,Ribeirão Preto Challengers,superliga-nacional-2016,W.O.,,,
2016-09-24 14:00:15,Botafogo Reptiles,33 - 10,Santos Tsunami,superliga-nacional-2016,Vila Olímpica - Duque de Caxias/RJ,,,
2016-09-25 13:00:15,Flamengo Imperadores,20 - 00,Vasco Almirantes,superliga-nacional-2016,Estádio Ronaldo Nazário - Rio de Janeiro/RJ,,,
2016-09-25 14:00:15,Cabritos FA,00 - 71,Tritões FA,superliga-nacional-2016,Estádio do Bambu - Aracruz/ES,,,
2016-10-08 00:00:15,Ribeirão Preto Challengers,00 - 49,Cabritos FA,superliga-nacional-2016,W.O.,,,
2016-10-08 14:00:15,Vasco Almirantes,39 - 00,Santos Tsunami,superliga-nacional-2016,Estádio Ronaldo Nazário - Rio de Janeiro/RJ,,,
2016-10-09 10:00:15,Tritões FA,40 - 00,Locomotiva FA,superliga-nacional-2016,Ninho da Águia - Vitória/ES,,,
2016-10-09 14:00:15,Flamengo Imperadores,43 - 03,Botafogo Reptiles,superliga-nacional-2016,Estádio Ronaldo Nazário - Rio de Janeiro/RJ,,,
2016-10-15 14:00:15,Ribeirão Preto Challengers,00 - 49,Botafogo Reptiles,superliga-nacional-2016,W.O.,,,
2016-07-09 18:00:31,Cuiabá Arsenal,26 - 07,Corinthians Steamrollers,superliga-nacional-2016,Arena Pantanal - Cuiabá/MT,,,
2016-07-23 14:00:31,São Paulo Storm,23 - 26,Guarulhos Rhynos,superliga-nacional-2016,Estádio Quintino de Lima - São Roque/SP,,,
2016-07-23 14:00:31,Sorocaba Vipers,09 - 28,Tubarões do Cerrado,superliga-nacional-2016,C. E. Jardim Simus - Sorocaba/SP,,,
2016-07-23 14:00:31,CG Predadores,06 - 32,Goiânia Rednecks,superliga-nacional-2016,Estádio das Moreninhas - Campo Grande/MS,,,
2016-08-07 13:00:31,Tubarões do Cerrado,25 - 13,Goiânia Rednecks,superliga-nacional-2016,Estádio Serejão - Taguatinga/DF,,,
2016-08-07 14:00:31,CG Predadores,14 - 30,Cuiabá Arsenal,superliga-nacional-2016,Estádio Olho do Furacão - Campo Grande/MS,,,
2016-08-14 10:00:31,Guarulhos Rhynos,47 - 07,Sorocaba Vipers,superliga-nacional-2016,Estádio do Canindé - São Paulo/SP,,,
2016-08-14 14:00:31,Corinthians Steamrollers,38 - 14,São Paulo Storm,superliga-nacional-2016,Estádio do Canindé - São Paulo/SP,,,
2016-08-20 14:00:31,São Paulo Storm,12 - 13,Tubarões do Cerrado,superliga-nacional-2016,Estádio Municipal - Cajamar/SP,,,
2016-08-20 15:00:31,Sorocaba Vipers,13 - 29,CG Predadores,superliga-nacional-2016,FACENS - Sorocaba/SP,,,
2016-08-20 18:00:31,Cuiabá Arsenal,31 - 14,Guarulhos Rhynos,superliga-nacional-2016,Arena Pantanal - Cuiabá/MT,,,
2016-08-20 18:00:31,Goiânia Rednecks,33 - 27,Corinthians Steamrollers,superliga-nacional-2016,SESI Ferreira Pacheco - Goiânia/GO,,,
2016-09-03 11:00:31,São Paulo Storm,14 - 39,Cuiabá Arsenal,superliga-nacional-2016,Estádio do Canindé - São Paulo/SP,,,
2016-09-03 14:00:31,Tubarões do Cerrado,24 - 00,CG Predadores,superliga-nacional-2016,Estádio Serejão - Taguatinga/DF,,,
2016-09-03 15:00:31,Guarulhos Rhynos,20 - 13,Corinthians Steamrollers,superliga-nacional-2016,Estádio do Canindé - São Paulo/SP,,,
2016-09-03 18:00:31,Goiânia Rednecks,32 - 06,Sorocaba Vipers,superliga-nacional-2016,SESI Ferreira Pacheco - Goiânia/GO,,,
2016-09-18 09:30:31,Corinthians Steamrollers,31 - 07,CG Predadores,superliga-nacional-2016,Estádio do Canindé - São Paulo/SP,,,
2016-09-18 14:00:31,Guarulhos Rhynos,35 - 06,Goiânia Rednecks,superliga-nacional-2016,Estádio do Canindé - São Paulo/SP,,,
2016-09-24 15:00:31,Cuiabá Arsenal,30 - 13,Tubarões do Cerrado,superliga-nacional-2016,Estádio Municipal - N. Sr.ª do Livramento/MT,,,
2016-09-25 14:00:31,Sorocaba Vipers,07 - 54,São Paulo Storm,superliga-nacional-2016,FACENS - Sorocaba/SP,,,
2016-10-08 14:00:31,CG Predadores,35 - 30,São Paulo Storm,superliga-nacional-2016,Estádio das Moreninhas - Campo Grande/MS,,,
2016-10-08 14:30:31,Tubarões do Cerrado,03 - 34,Guarulhos Rhynos,superliga-nacional-2016,Estádio Serejão - Taguatinga/DF,,,
2016-10-08 18:00:31,Goiânia Rednecks,13 - 43,Cuiabá Arsenal,superliga-nacional-2016,SESI Ferreira Pacheco - Goiânia/GO,,,
2016-10-23 14:00:31,Corinthians Steamrollers,34 - 13,Sorocaba Vipers,superliga-nacional-2016,Estádio do Canindé - São Paulo/SP,,,
2016-07-09 15:00:50,T-Rex,19 - 21,São José WSI,superliga-nacional-2016,Complexo Esportivo - Timbó/SC,,,
2016-07-09 15:00:50,Juventude FA,13 - 07,Brown Spiders,superliga-nacional-2016,Estádio Elias Soldatelli - São Marcos/RS,,,
2016-07-10 13:00:50,Coritiba Crocodiles,10 - 03,Paraná HP,superliga-nacional-2016,Campo da Univ. Positivo - Curitiba/PR,,,
2016-07-23 15:00:50,T-Rex,41 - 00,Juventude FA,superliga-nacional-2016,Complexo Esportivo - Timbó/SC,,,
2016-07-24 13:00:50,Paraná HP,41 - 00,Foz Black Sharks,superliga-nacional-2016,Centro Esportivo Fanático - Campo Largo/PR,,,
2016-07-24 14:00:50,São José WSI,18 - 13,Brown Spiders,superliga-nacional-2016,Colégio Forquilhão - São José/SC,,,
2016-08-06 14:00:50,Brown Spiders,14 - 42,Coritiba Crocodiles,superliga-nacional-2016,Croco Stadium - Curitiba/PR,,,
2016-08-06 14:00:50,Foz Black Sharks,07 - 81,T-Rex,superliga-nacional-2016,Campo da Vila A – Foz do Iguaçu/PR,,,
2016-08-06 14:00:50,Juventude FA,03 - 26,Paraná HP,superliga-nacional-2016,Clube União Forquetense - Caxias do Sul/RS,,,
2016-08-20 14:00:50,Foz Black Sharks,03 - 09,São José WSI,superliga-nacional-2016,Campo da Vila A – Foz do Iguaçu/PR,,,
2016-08-20 14:00:50,Juventude FA,00 - 21,Coritiba Crocodiles,superliga-nacional-2016,Clube União Forquetense - Caxias do Sul/RS,,,
2016-08-28 14:00:50,Paraná HP,34 - 00,Brown Spiders,superliga-nacional-2016,Centro Esportivo Fanático - Campo Largo/PR,,,
2016-09-03 14:00:50,Coritiba Crocodiles,13 - 02,Foz Black Sharks,superliga-nacional-2016,Croco Stadium - Curitiba/PR,,,
2016-09-04 14:00:50,São José WSI,06 - 00,Juventude FA,superliga-nacional-2016,Colégio Forquilhão - São José/SC,,,
2016-09-11 09:00:50,Brown Spiders,00 - 76,T-Rex,superliga-nacional-2016,Croco Stadium - Curitiba/PR,,,
2016-09-24 14:00:50,São José WSI,22 - 27,Coritiba Crocodiles,superliga-nacional-2016,Colégio Forquilhão - São José/SC,,,
2016-09-24 14:00:50,Foz Black Sharks,08 - 21,Juventude FA,superliga-nacional-2016,Campo da Vila A – Foz do Iguaçu/PR,,,
2016-09-25 15:00:50,T-Rex,37 - 00,Paraná HP,superliga-nacional-2016,Complexo Esportivo - Timbó/SC,,,
2016-10-08 13:15:50,Brown Spiders,21 - 06,Foz Black Sharks,superliga-nacional-2016,Croco Stadium - Curitiba/PR,,,
2016-10-09 10:00:50,Paraná HP,07 - 06,São José WSI,superliga-nacional-2016,Centro Esportivo Fanático - Campo Largo/PR,,,
2016-10-09 14:00:50,Coritiba Crocodiles,06 - 25,T-Rex,superliga-nacional-2016,Croco Stadium - Curitiba/PR,,,
2016-10-22 14:00:10,Recife Mariners,08 - 16,João Pessoa Espectros,superliga-nacional-2016,,,,
2016-10-23 16:00:10,Ceará Caçadores,57 - 00,Bulls Potiguares,superliga-nacional-2016,,,,
2016-11-13 16:00:10,Ceará Caçadores,20 - 27,João Pessoa Espectros,superliga-nacional-2016,,,,
2016-10-22 14:00:10,Flamengo Imperadores,41 - 26,Botafogo Reptiles,superliga-nacional-2016,,,,
2016-10-23 14:00:10,Tritões FA,40 - 43,Vasco Almirantes,superliga-nacional-2016,,,,
2016-11-13 14:00:10,Flamengo Imperadores,43 - 03,Vasco Almirantes,superliga-nacional-2016,,,,
2016-10-22 15:00:10,Cuiabá Arsenal,31 - 10,Goiânia Rednecks,superliga-nacional-2016,,,,
2016-10-23 10:00:10,Guarulhos Rhynos,14 - 06,Tubarões do Cerrado,superliga-nacional-2016,,,,
2016-11-12 14:00:10,Cuiabá Arsenal,32 - 03,Guarulhos Rhynos,superliga-nacional-2016,,,,
2016-10-22 14:00:10,Coritiba Crocodiles,11 - 07,Paraná HP,superliga-nacional-2016,,,,
2016-10-22 15:00:10,Timbó Rex,12 - 00,São José WSI,superliga-nacional-2016,,,,
2016-11-13 15:00:10,Timbó Rex,15 - 00,Coritiba Crocodiles,superliga-nacional-2016,,,,
2016-11-26 15:00:10,Flamengo Imperadores,25 - 10,João Pessoa Espectros,superliga-nacional-2016,,,,
2016-11-26 18:00:10,Cuiabá Arsenal,07 - 20,Timbó Rex,superliga-nacional-2016,,,,
2016-12-18 14:00:10,Flamengo Imperadores,24 - 36,Timbó Rex,superliga-nacional-2016,,,,
2016-07-16 17:00:33,Mooca Destroyers,14 - 09,Uberaba Zebus,liga-nacional-2016,Centro Olímpico COTP - São Paulo/SP,,,
2016-07-17 14:00:59,Rio Preto Weilers,23 - 07,Prudente Coronéis,liga-nacional-2016,Teixeirão - S. J. do Rio Preto/SP,,,
2016-07-23 13:00:31,BH Eagles,35 - 03,Uberlândia Lobos,liga-nacional-2016,PUC Minas - Belo Horizonte/MG,,,
2016-07-24 14:00:59,Paulínia Mavericks,30 - 35,Empyreo Leme Lizards,liga-nacional-2016,Pç. de Esp. Irmãos Vedovello - Paulínia/SP,,,
2016-08-06 15:00:59,Prudente Coronéis,00 - 28,Ponte Preta Gorilas,liga-nacional-2016,Estádio Municipal - Álvares Machado/SP,,,
2016-08-06 17:00:31,BH Eagles,58 - 13,Mooca Destroyers,liga-nacional-2016,Alçapão do Bonfim - Nova Lima/MG,,,
2016-08-07 14:00:59,Paulínia Mavericks,08 - 34,Rio Preto Weilers,liga-nacional-2016,Pç. de Esp. Irmãos Vedovello - Paulínia/SP,,,
2016-08-27 14:00:56,Uberlândia Lobos,48 - 07,Uberaba Zebus,liga-nacional-2016,SESI Gravatás - Uberlândia/MG,,,
2016-08-28 09:00:59,Ponte Preta Gorilas,18 - 9,Rio Preto Weilers,liga-nacional-2016,Estádio Nelo Bracalente - Vinhedo/SP,,,
2016-08-28 10:00:59,Empyreo Leme Lizards,36 - 00,Prudente Coronéis,liga-nacional-2016,Clube de Campo Empyreo - Leme/SP,,,
2016-09-17 14:00:56,Uberlândia Lobos,12 - 46,BH Eagles,liga-nacional-2016,SESI Gravatás - Uberlândia/MG,,,
2016-09-17 15:00:59,Prudente Coronéis,08 - 16,Paulínia Mavericks,liga-nacional-2016,Estádio Municipal - Álvares Machado/SP,,,
2016-09-17 17:00:18,Uberaba Zebus,16 - 34,Mooca Destroyers,liga-nacional-2016,Uberabão - Uberaba/MG,,,
2016-10-08 17:00:18,Uberaba Zebus,00 - 84,BH Eagles,liga-nacional-2016,Uberabão - Uberaba/MG,,,
2016-10-09 10:00:59,Ponte Preta Gorilas,41 - 14,Paulínia Mavericks,liga-nacional-2016,Estádio Nelo Bracalente - Vinhedo/SP,,,
2016-10-09 14:30:59,Rio Preto Weilers,25 - 14,Empyreo Leme Lizards,liga-nacional-2016,Teixeirão - S. J. do Rio Preto/SP,,,
2016-10-15 14:00:18,Mooca Destroyers,10 - 07,Uberlândia Lobos,liga-nacional-2016,Rua Javari - São Paulo/SP,,,
2016-10-23 14:00:59,Empyreo Leme Lizards,07 - 25,Ponte Preta Gorilas,liga-nacional-2016,Clube de Campo Empyreo - Leme/SP,,,
2016-07-16 09:00:27,Brasília V8,07 - 10,Brasília Templários,liga-nacional-2016,Estádio Serejão - Taguatinga/DF,,,
2016-07-16 14:00:27,Gama Leões de Judá,13 - 16,Brasília Alligators,liga-nacional-2016,Estádio Serejão - Taguatinga/DF,,,
2016-07-23 17:30:04,Sinop Coyotes,63 - 03,Sorriso Hornets,liga-nacional-2016,Estádio Gigante do Norte - Sinop/MT,,,
2016-08-06 14:30:27,Brasília Templários,06 - 12,Rondonópolis Hawks,liga-nacional-2016,UCB - Brasília/DF,,,
2016-08-27 14:00:27,Brasília Alligators,00 - 44,Sinop Coyotes,liga-nacional-2016,Estádio Serejão - Taguatinga/DF,,,
2016-09-10 18:00:27,Rondonópolis Hawks,28 - 02,Brasília V8,liga-nacional-2016,Estádio Eng. Luthero Lopes - Rondonópolis/MT,,,
2016-09-17 18:00:27,Sinop Coyotes,43 - 17,Gama Leões de Judá,liga-nacional-2016,Estádio Gigante do Norte - Sinop/MT,,,
2016-09-17 18:30:27,Sorriso Hornets,20 - 14,Brasília Alligators,liga-nacional-2016,Toca do Lobo - Sorriso/MT,,,
2016-09-24 14:00:27,Brasília V8,09 - 18,Rondonópolis Hawks,liga-nacional-2016,Estádio Serejão - Taguatinga/DF,,,
2016-10-01 14:00:27,Brasília Alligators,00 - 29,Gama Leões de Judá,liga-nacional-2016,Estádio Serejão - Taguatinga/DF,,,
2016-10-01 18:00:27,Rondonópolis Hawks,43 - 00,Brasília Templários,liga-nacional-2016,Estádio Eng. Luthero Lopes - Rondonópolis/MT,,,
2016-10-08 18:30:27,Sorriso Hornets,22 - 37,Sinop Coyotes,liga-nacional-2016,Toca do Lobo - Sorriso/MT,,,
2016-10-15 14:00:27,Gama Leões de Judá,33 - 43,Sorriso Hornets,liga-nacional-2016,Estádio Serejão - Taguatinga/DF,,,
2016-10-22 14:00:27,Brasília Templários,14:00:27Cancel.,Brasília V8,liga-nacional-2016,UCB - Brasília/DF,,,
2016-07-16 14:00:05,Santa Maria Soldiers,30 - 00,Porto Alegre Pumpkins,liga-nacional-2016,Estádio Presidente Vargas - Santa Maria/RS,,,
2016-07-17 14:30:31,Redlions Football,20 - 12,JEC Gladiators,liga-nacional-2016,Caldeirão do Itaum - Joinville/SC,,,
2016-07-24 14:00:15,Santa Cruz Chacais,37 - 28,Bento Gonçalves Snakes,liga-nacional-2016,Estádio dos Plátanos - Santa Cruz do Sul/RS,,,
2016-08-07 14:00:05,Santa Cruz Chacais,19 - 22,Porto Alegre Pumpkins,liga-nacional-2016,Estádio dos Plátanos - Santa Cruz do Sul/RS,,,
2016-08-07 14:30:05,JEC Gladiators,41 - 07,Curitiba Lions,liga-nacional-2016,Grêmio Whirlpool - Joinville/SC,,,
2016-08-14 14:00:05,Bento Gonçalves Snakes,00 - 50,Santa Maria Soldiers,liga-nacional-2016,Estádio da Montanha - Bento Gonçalves/RS,,,
2016-08-27 14:00:05,Porto Alegre Pumpkins,07 - 49,Redlions Football,liga-nacional-2016,Parque Esportivo PUCRS - Porto Alegre/RS,,,
2016-08-28 14:00:05,Santa Maria Soldiers,17 - 00,Santa Cruz Chacais,liga-nacional-2016,Estádio Presidente Vargas - Santa Maria/RS,,,
2016-09-04 14:00:05,Bento Gonçalves Snakes,22 - 00,Curitiba Lions,liga-nacional-2016,Estádio da Montanha - Bento Gonçalves/RS,,,
2016-09-17 14:30:05,JEC Gladiators,18 - 17,Santa Cruz Chacais,liga-nacional-2016,Grêmio Whirlpool - Joinville/SC,,,
2016-09-18 14:00:05,Curitiba Lions,00 - 47,Redlions Football,liga-nacional-2016,Croco Stadium - Curitiba/PR,,,
2016-10-09 14:00:05,Porto Alegre Pumpkins,06 - 68,Santa Maria Soldiers,liga-nacional-2016,Grêmio Esportivo Nacional - São Leopoldo/RS,,,
2016-10-09 14:00:05,Redlions Football,51 - 06,Bento Gonçalves Snakes,liga-nacional-2016,Caldeirão do Itaum - Joinville/SC,,,
2016-10-16 14:00:05,Curitiba Lions,18 - 36,JEC Gladiators,liga-nacional-2016,Croco Stadium - Curitiba/PR,,,
2016-07-16 14:00:57,Maceió Marechais,28 - 15,Recife Horses,liga-nacional-2016,Estádio Benigno Acioly - Satuba/AL,,,
2016-07-17 15:00:57,Parnamirim Scorpions,13 - 14,Arcoverde Templários,liga-nacional-2016,SESI - Natal/RN,,,
2016-07-17 16:00:57,Roma Gladiadores,08 - 14,Tropa Campina,liga-nacional-2016,Estádio Murilão - Fortaleza/CE,,,
2016-07-30 15:00:57,Olinda Sharks,13 - 12,Caruaru Wolves,liga-nacional-2016,Estádio dos Aflitos - Recife/PE,,,
2016-08-13 15:00:57,Tropa Campina,17 - 10,Parnamirim Scorpions,liga-nacional-2016,O Amigão - Campina Grande/PB,,,
2016-08-14 00:00:57,Caruaru Wolves,0 - 0,Recife Horses,liga-nacional-2016,Anulada,,,
2016-08-14 14:00:57,Olinda Sharks,15 - 39,Maceió Marechais,liga-nacional-2016,SESI de Paratibe - Paulista/PE,,,
2016-08-21 17:00:57,Arcoverde Templários,22 - 07,Roma Gladiadores,liga-nacional-2016,Estádio Municipal - Arcoverde/PE,,,
2016-09-10 13:00:57,Recife Horses,07 - 00,Arcoverde Templários,liga-nacional-2016,Estádio dos Aflitos - Recife/PE,,,
2016-09-10 15:00:57,Tropa Campina,15 - 14,Olinda Sharks,liga-nacional-2016,O Amigão - Campina Grande/PB,,,
2016-09-10 16:00:57,Roma Gladiadores,13 - 22,Caruaru Wolves,liga-nacional-2016,Estádio Presidente Vargas - Fortaleza/CE,,,
2016-09-17 14:00:57,Maceió Marechais,53 - 30,Parnamirim Scorpions,liga-nacional-2016,Estádio Benigno Acioly - Satuba/AL,,,
2016-10-09 15:00:57,Parnamirim Scorpions,16 - 00,Roma Gladiadores,liga-nacional-2016,SESI - Natal/RN,,,
2016-10-15 14:00:57,Maceió Marechais,35 - 14,Caruaru Wolves,liga-nacional-2016,Estádio Benigno Acioly - Satuba/AL,,,
2016-10-16 14:00:57,Arcoverde Templários,06 - 22,Tropa Campina,liga-nacional-2016,Estádio Municipal - Arcoverde/PE,,,
2016-10-16 15:00:57,Olinda Sharks,09 - 16,Recife Horses,liga-nacional-2016,Estádio Olindão - Olinda/PE,,,
2016-10-29 15:00:32,Redlions Football,07 - 20,Santa Maria Soldiers,liga-nacional-2016,,,,
2016-10-29 18:00:32,Sinop Coyotes,17 - 00,Sorriso Hornets,liga-nacional-2016,,,,
2016-10-29 18:30:43,BH Eagles,14 - 06,Ponte Preta Gorilas,liga-nacional-2016,,,,
2016-11-05 18:30:32,Rondonópolis Hawks,06 - 13,Rio Preto Weilers,liga-nacional-2016,,,,
2016-11-19 17:00:43,BH Eagles,14 - 12,Santa Maria Soldiers,liga-nacional-2016,,,,
2016-11-26 17:00:32,Sinop Coyotes,21 - 00,Rio Preto Weilers,liga-nacional-2016,,,,
2016-12-11 16:00:43,BH Eagles,39 - 07,Sinop Coyotes,liga-nacional-2016,,,,
2016-11-12 14:00:57,Maceió Marechais,44 - 28,Arcoverde Templários,liga-nacional-2016,,,,
2016-11-13 14:00:57,Tropa Campina,14 - 13,Recife Horses,liga-nacional-2016,,,,
2016-12-04 15:00:57,Maceió Marechais,07 - 15,Tropa Campina,liga-nacional-2016,,,,
2016-07-16 14:00:57,Maceió Marechais,28 - 15,Recife Horses,liga-nordeste-2016,Estádio Benigno Acioly - Satuba/AL,,,
2016-07-17 15:00:57,Parnamirim Scorpions,13 - 14,Arcoverde Templários,liga-nordeste-2016,SESI - Natal/RN,,,
2016-07-17 16:00:57,Roma Gladiadores,08 - 14,Tropa Campina,liga-nordeste-2016,Estádio Murilão - Fortaleza/CE,,,
2016-07-30 15:00:57,Olinda Sharks,13 - 12,Caruaru Wolves,liga-nordeste-2016,Estádio dos Aflitos - Recife/PE,,,
2016-08-13 15:00:57,Tropa Campina,17 - 10,Parnamirim Scorpions,liga-nordeste-2016,O Amigão - Campina Grande/PB,,,
2016-08-14 00:00:57,Caruaru Wolves,0 - 0,Recife Horses,liga-nordeste-2016,Anulada,,,
2016-08-14 14:00:57,Olinda Sharks,15 - 39,Maceió Marechais,liga-nordeste-2016,SESI de Paratibe - Paulista/PE,,,
2016-08-21 17:00:57,Arcoverde Templários,22 - 07,Roma Gladiadores,liga-nordeste-2016,Estádio Municipal - Arcoverde/PE,,,
2016-09-10 13:00:57,Recife Horses,07 - 00,Arcoverde Templários,liga-nordeste-2016,Estádio dos Aflitos - Recife/PE,,,
2016-09-10 15:00:57,Tropa Campina,15 - 14,Olinda Sharks,liga-nordeste-2016,O Amigão - Campina Grande/PB,,,
2016-09-10 16:00:57,Roma Gladiadores,13 - 22,Caruaru Wolves,liga-nordeste-2016,Estádio Presidente Vargas - Fortaleza/CE,,,
2016-09-17 14:00:57,Maceió Marechais,53 - 30,Parnamirim Scorpions,liga-nordeste-2016,Estádio Benigno Acioly - Satuba/AL,,,
2016-10-09 15:00:57,Parnamirim Scorpions,16 - 00,Roma Gladiadores,liga-nordeste-2016,SESI - Natal/RN,,,
2016-10-15 14:00:57,Maceió Marechais,35 - 14,Caruaru Wolves,liga-nordeste-2016,Estádio Benigno Acioly - Satuba/AL,,,
2016-10-16 14:00:57,Arcoverde Templários,06 - 22,Tropa Campina,liga-nordeste-2016,Estádio Municipal - Arcoverde/PE,,,
2016-10-16 15:00:57,Olinda Sharks,09 - 16,Recife Horses,liga-nordeste-2016,Estádio Olindão - Olinda/PE,,,
2016-11-12 14:00:57,Maceió Marechais,44 - 28,Arcoverde Templários,liga-nordeste-2016,,,,
2016-11-13 14:00:57,Tropa Campina,14 - 13,Recife Horses,liga-nordeste-2016,,,,
2016-12-04 15:00:57,Maceió Marechais,07 - 15,Tropa Campina,liga-nordeste-2016,,,,
2018-01-20 16:00:00,Rio de Janeiro,49 - 00,Espírito Santo,torneio-de-selecoes-sub-19-2018,W.O.,,,
2018-01-21 14:00:00,São Paulo,13 - 16,Paraná,torneio-de-selecoes-sub-19-2018,CT Touchdown - São Paulo/SP,,,
2018-01-21 14:00:00,Cerrado,06 - 20,Minas Gerais,torneio-de-selecoes-sub-19-2018,Estádio JK - Paranoá/DF,,,
2018-01-21 15:00:00,Rio Grande do Sul,15:00:00Cancel.,Santa Catarina,torneio-de-selecoes-sub-19-2018,,,,
2018-02-03 15:00:00,Paraná,10 - 12,São Paulo,torneio-de-selecoes-sub-19-2018,Croco Stadium - Curitiba/PR,,,
2018-02-03 16:00:00,Minas Gerais,21 - 18,Rio de Janeiro,torneio-de-selecoes-sub-19-2018,Estádio do Frimisa - Santa Luzia/MG,,,
2018-02-04 10:00:00,Santa Catarina,02 - 33,Rio Grande do Sul,torneio-de-selecoes-sub-19-2018,Complexo Esportivo - Timbó/SC,,,
2018-02-25 14:00:00,Espírito Santo,14:00:00Cancel.,Cerrado,torneio-de-selecoes-sub-19-2018,Campo Nacional - Vila Velha/ES,,,
2018-07-01 10:00:00,Minas Gerais,13 - 16,Paraná,torneio-de-selecoes-sub-19-2018,,,,
2015-04-11 16:00:56,Roma Gladiadores,00 - 21,Santa Cruz Pirates,superliga-nacional-2015,,,,
2015-04-12 14:30:56,Aracaju Imortais,02 - 39,Maceió Marechais,superliga-nacional-2015,,,,
2015-04-26 14:30:56,Maceió Marechais,13 - 34,Vitória FA,superliga-nacional-2015,Estádio Benigno Acioly - Satuba/AL,,,
2015-05-09 15:00:56,Santa Cruz Pirates,13 - 06,Roma Gladiadores,superliga-nacional-2015,Estádio dos Aflitos - Recife/PE,,,
2015-05-10 14:00:56,Vitória FA,35 - 00,Aracaju Imortais,superliga-nacional-2015,,,,
2015-06-20 15:00:14,João Pessoa Espectros,19 - 20,Recife Mariners,superliga-nacional-2015,Almeidão - João Pessoa/PB,,,
2015-06-21 16:00:14,Ceará Caçadores,31 - 14,América Bulls,superliga-nacional-2015,Estádio Presidente Vargas - Fortaleza/CE,,,
2015-07-12 14:00:14,Vitória FA,17 - 07,Sergipe Bravos,superliga-nacional-2015,Estádio Municipal - Lauro de Freitas/BA,,,
2015-07-12 15:00:14,Santa Cruz Pirates,13 - 00,Mossoró Petroleiros,superliga-nacional-2015,Estádio dos Aflitos - Recife/PE,,,
2015-07-26 15:00:14,América Bulls,21 - 13,Santa Cruz Pirates,superliga-nacional-2015,SESI - Natal/RN,,,
2015-08-02 15:00:14,Recife Mariners,63 - 00,Sergipe Bravos,superliga-nacional-2015,Estádio dos Aflitos - Recife/PE,,,
2015-08-02 15:00:14,João Pessoa Espectros,56 - 07,Vitória FA,superliga-nacional-2015,Almeidão - João Pessoa/PB,,,
2015-08-02 16:00:14,Ceará Caçadores,19 - 06,Mossoró Petroleiros,superliga-nacional-2015,Estádio Presidente Vargas - Fortaleza/CE,,,
2015-08-15 14:00:14,Santa Cruz Pirates,12 - 23,Ceará Caçadores,superliga-nacional-2015,Estádio dos Aflitos - Recife/PE,,,
2015-08-16 14:00:14,Vitória FA,00 - 52,Recife Mariners,superliga-nacional-2015,Estádio Municipal - Lauro de Freitas/BA,,,
2015-08-23 14:30:14,Sergipe Bravos,00 - 45,João Pessoa Espectros,superliga-nacional-2015,,,,
2015-08-23 16:00:14,Mossoró Petroleiros,16 - 10,América Bulls,superliga-nacional-2015,Estádio Nogueirão - Mossoró/RN,,,
2015-09-06 14:30:14,Sergipe Bravos,00 - 10,Mossoró Petroleiros,superliga-nacional-2015,,,,
2015-09-06 15:00:14,Recife Mariners,35 - 06,Ceará Caçadores,superliga-nacional-2015,Estádio dos Aflitos - Recife/PE,,,
2015-09-06 15:00:14,João Pessoa Espectros,21 - 03,América Bulls,superliga-nacional-2015,Almeidão - João Pessoa/PB,,,
2015-09-13 14:30:14,Vitória FA,16 - 20,Santa Cruz Pirates,superliga-nacional-2015,Estádio Municipal - Lauro de Freitas/BA,,,
2015-09-26 15:00:14,América Bulls,47 - 20,Vitória FA,superliga-nacional-2015,SESI - Natal/RN,,,
2015-09-26 17:00:14,Ceará Caçadores,92 - 00,Sergipe Bravos,superliga-nacional-2015,Estádio Presidente Vargas - Fortaleza/CE,,,
2015-09-27 14:00:14,Santa Cruz Pirates,00 - 21,João Pessoa Espectros,superliga-nacional-2015,Estádio dos Aflitos - Recife/PE,,,
2015-10-03 16:00:14,Mossoró Petroleiros,00 - 22,Recife Mariners,superliga-nacional-2015,Estádio Nogueirão - Mossoró/RN,,,
2015-10-11 14:30:14,Sergipe Bravos,02 - 26,Vitória FA,superliga-nacional-2015,,,,
2015-10-12 15:00:14,Recife Mariners,25 - 19,João Pessoa Espectros,superliga-nacional-2015,Estádio dos Aflitos - Recife/PE,,,
2015-10-17 14:00:14,Mossoró Petroleiros,07 - 13,Santa Cruz Pirates,superliga-nacional-2015,Estádio Nogueirão - Mossoró/RN,,,
2015-10-18 16:00:14,América Bulls,20 - 30,Ceará Caçadores,superliga-nacional-2015,SESI - Natal/RN,,,
2015-08-01 14:00:15,Cuiabá Arsenal,27 - 15,Istepôs FA,superliga-nacional-2015,,,,
2015-08-01 14:00:15,Goiânia Rednecks,06 - 34,Coritiba Crocodiles,superliga-nacional-2015,,,,
2015-08-01 14:00:15,São Paulo Storm,17 - 12,Foz Black Sharks,superliga-nacional-2015,,,,
2015-08-15 14:00:15,São Paulo Storm,20 - 21,Itapema White Sharks,superliga-nacional-2015,,,,
2015-08-15 14:30:15,Foz Black Sharks,63 - 24,Goiânia Rednecks,superliga-nacional-2015,Campo da Vila A – Foz do Iguaçu/PR,,,
2015-08-16 14:00:15,Coritiba Crocodiles,14 - 23,Cuiabá Arsenal,superliga-nacional-2015,Clube Imperial - Curitiba/PR,,,
2015-08-29 14:00:15,Istepôs FA,07 - 13,Foz Black Sharks,superliga-nacional-2015,Colégio Forquilhão - São José/SC,,,
2015-08-29 14:30:15,Goiânia Rednecks,20 - 37,Cuiabá Arsenal,superliga-nacional-2015,Estádio Hailé Pinheiro - Goiânia/GO,,,
2015-08-30 14:00:15,Coritiba Crocodiles,30 - 23,Itapema White Sharks,superliga-nacional-2015,Clube Imperial - Curitiba/PR,,,
2015-09-12 14:00:15,Cuiabá Arsenal,27 - 20,São Paulo Storm,superliga-nacional-2015,,,,
2015-09-12 14:00:15,Itapema White Sharks,37 - 33,Foz Black Sharks,superliga-nacional-2015,,,,
2015-09-13 14:00:15,Istepôs FA,03 - 23,Coritiba Crocodiles,superliga-nacional-2015,Colégio Forquilhão - São José/SC,,,
2015-09-26 14:00:15,Itapema White Sharks,28 - 00,Goiânia Rednecks,superliga-nacional-2015,,,,
2015-09-26 14:00:15,Foz Black Sharks,14 - 17,Coritiba Crocodiles,superliga-nacional-2015,Campo da Vila A – Foz do Iguaçu/PR,,,
2015-09-26 14:00:15,São Paulo Storm,06 - 33,Istepôs FA,superliga-nacional-2015,,,,
2015-10-11 14:30:15,Cuiabá Arsenal,40 - 16,Itapema White Sharks,superliga-nacional-2015,,,,
2015-10-24 14:30:15,Istepôs FA,18 - 06,Goiânia Rednecks,superliga-nacional-2015,Colégio Forquilhão - São José/SC,,,
2015-10-25 14:00:15,Coritiba Crocodiles,41 - 09,São Paulo Storm,superliga-nacional-2015,Clube Imperial - Curitiba/PR,,,
2015-11-07 14:00:15,Foz Black Sharks,27 - 21,Cuiabá Arsenal,superliga-nacional-2015,Campo da Vila A – Foz do Iguaçu/PR,,,
2015-11-07 14:00:15,Goiânia Rednecks,21 - 22,São Paulo Storm,superliga-nacional-2015,,,,
2015-11-15 14:00:15,Itapema White Sharks,10 - 07,Istepôs FA,superliga-nacional-2015,,,,
2015-11-01 16:00:14,Ceará Caçadores,06 - 23,João Pessoa Espectros,superliga-nacional-2015,,,,
2015-11-08 15:00:14,Recife Mariners,27 - 06,Recife Pirates,superliga-nacional-2015,,,,
2015-11-22 16:00:14,Recife Mariners,14 - 16,João Pessoa Espectros,superliga-nacional-2015,,,,
2015-11-21 18:00:15,Cuiabá Arsenal,07 - 13,Coritiba Crocodiles,superliga-nacional-2015,,,,
2015-12-13 16:00:15,João Pessoa Espectros,23 - 22,Coritiba Crocodiles,superliga-nacional-2015,,,,
2017-03-26 14:00:39,Vitória FA,13 - 03,Sergipe Redentores,torneio-velho-chico-2017,,,,
2017-05-21 14:00:39,Maceió Marechais,16 - 27,Vitória FA,torneio-velho-chico-2017,Vila Olímpica Albano Franco - Maceió/AL,,,
2017-05-28 14:00:39,Sergipe Redentores,14:00:39Cancel.,Maceió Marechais,torneio-velho-chico-2017,Campo da CODISE - Aracaju/SE,,,
2017-07-29 14:00:00,Brasília Templários,23 - 07,Brasília Alligators,liga-nacional-2017,UCB - Brasília/DF,,,
2017-07-30 14:00:00,Gama Leões de Judá,00 - 17,Rondonópolis Hawks,liga-nacional-2017,Estádio Serejão - Taguatinga/DF,,,
2017-08-12 18:00:00,Rondonópolis Hawks,39 - 07,Brasília Alligators,liga-nacional-2017,Estádio Eng. Luthero Lopes - Rondonópolis/MT,,,
2017-08-20 14:00:00,Gama Leões de Judá,36 - 06,Brasília Templários,liga-nacional-2017,Estádio Serejão - Taguatinga/DF,,,
2017-08-26 14:00:00,Brasília Alligators,06 - 71,Sorriso Hornets,liga-nacional-2017,Estádio Rorizão - Brasília/DF,,,
2017-09-02 14:30:00,Brasília Templários,21 - 25,Rondonópolis Hawks,liga-nacional-2017,UCB - Brasília/DF,,,
2017-09-17 14:00:00,Rondonópolis Hawks,07 - 33,Sorriso Hornets,liga-nacional-2017,Rondonópolis/MT,,,
2017-09-30 17:00:00,Sorriso Hornets,32 - 00,Brasília Templários,liga-nacional-2017,Toca do Lobo - Sorriso/MT,,,
2017-10-01 14:00:00,Brasília Alligators,00 - 49,Gama Leões de Judá,liga-nacional-2017,W.O.,,,
2017-10-07 18:00:00,Sorriso Hornets,36 - 00,Gama Leões de Judá,liga-nacional-2017,Toca do Lobo - Sorriso/MT,,,
2017-07-16 10:00:00,Uberlândia Lobos,20 - 14,Jaboticabal Defenders,liga-nacional-2017,Poliesportivo Santa Luzia - Uberlândia/MG,,,
2017-07-16 10:00:00,Betim Bulldogs,03 - 38,Palmeiras Locomotives,liga-nacional-2017,Estádio Jurandir Elias - Betim/MG,,,
2017-07-16 10:00:00,Ocelots FA,03 - 19,Juiz de Fora Imperadores,liga-nacional-2017,CECE Benedito de Lima - Jundiaí/SP,,,
2017-07-16 14:00:00,Fluminense Guerreiros,08 - 03,Volta Redonda Falcons,liga-nacional-2017,Vila Olímpica - Duque de Caxias/RJ,,,
2017-07-30 10:00:00,Ponte Preta Gorilas,27 - 07,Uberlândia Lobos,liga-nacional-2017,Estádio Nelo Bracalente - Vinhedo/SP,,,
2017-07-30 10:30:00,Juiz de Fora Imperadores,27 - 20,Macaé Oilers,liga-nacional-2017,Campo da Faefid - Juiz de Fora/MG,,,
2017-07-30 14:00:00,Volta Redonda Falcons,29 - 06,Mooca Destroyers,liga-nacional-2017,A.A. Barbará - Barra Mansa/RJ,,,
2017-08-06 10:00:00,Rio Preto Weilers,53 - 00,Ribeirão Preto Challengers,liga-nacional-2017,Teixeirão - S. J. do Rio Preto/SP,,,
2017-08-06 10:00:00,Palmeiras Locomotives,39 - 00,Ocelots FA,liga-nacional-2017,Estádio Bruno José Daniel - Santo André/SP,,,
2017-08-12 18:00:00,Piracicaba Cane Cutters,00 - 28,Fluminense Guerreiros,liga-nacional-2017,Estádio Municipal - Saltinho/SP,,,
2017-08-19 14:00:00,Macaé Oilers,52 - 00,Betim Bulldogs,liga-nacional-2017,Campo do Frade - Macaé/RJ,,,
2017-08-20 10:00:00,Ribeirão Preto Challengers,28 - 21,Uberlândia Lobos,liga-nacional-2017,Campus Moura Lacerda - Ribeirão Preto/SP,,,
2017-08-20 10:00:00,Jaboticabal Defenders,00 - 21,Rio Preto Weilers,liga-nacional-2017,Complexo Esportivo Dori Parise - Taquaritinga/SP,,,
2017-08-20 10:30:00,Juiz de Fora Imperadores,38 - 07,Palmeiras Locomotives,liga-nacional-2017,Campo da Faefid - Juiz de Fora/MG,,,
2017-08-20 13:00:00,Sorocaba Vipers,02 - 08,Volta Redonda Falcons,liga-nacional-2017,Centro Esportivo Dr. Pitico - Sorocaba/SP,,,
2017-08-20 14:00:00,Mooca Destroyers,16 - 40,Fluminense Guerreiros,liga-nacional-2017,Rua Javari - São Paulo/SP,,,
2017-08-26 18:30:00,Piracicaba Cane Cutters,06 - 11,Sorocaba Vipers,liga-nacional-2017,Estádio Municipal - Saltinho/SP,,,
2017-09-02 14:00:00,Ponte Preta Gorilas,77 - 00,Jaboticabal Defenders,liga-nacional-2017,Estádio Nelo Bracalente - Vinhedo/SP,,,
2017-09-03 10:00:00,Piracicaba Cane Cutters,13 - 06,Mooca Destroyers,liga-nacional-2017,Estádio Municipal - Saltinho/SP,,,
2017-09-03 10:00:00,Macaé Oilers,23 - 00,Ocelots FA,liga-nacional-2017,Estádio do Expedicionário - Macaé/RJ,,,
2017-09-03 14:00:00,Uberlândia Lobos,06 - 41,Rio Preto Weilers,liga-nacional-2017,Poliesportivo Santa Luzia - Uberlândia/MG,,,
2017-09-03 14:00:00,Fluminense Guerreiros,32 - 07,Sorocaba Vipers,liga-nacional-2017,Estádio das Laranjeiras - Rio de Janeiro/RJ,,,
2017-09-03 14:00:00,Betim Bulldogs,00 - 32,Juiz de Fora Imperadores,liga-nacional-2017,Estádio Jurandir Elias - Betim/MG,,,
2017-09-16 10:00:00,Palmeiras Locomotives,07 - 32,Macaé Oilers,liga-nacional-2017,Ninho do Corvo - Guarulhos/SP,,,
2017-09-17 10:00:00,Jaboticabal Defenders,00 - 46,Ribeirão Preto Challengers,liga-nacional-2017,Complexo Esportivo Dori Parise - Taquaritinga/SP,,,
2017-09-17 10:00:00,Rio Preto Weilers,14 - 19,Ponte Preta Gorilas,liga-nacional-2017,Teixeirão - S. J. do Rio Preto/SP,,,
2017-09-17 10:00:00,Mooca Destroyers,13 - 14,Sorocaba Vipers,liga-nacional-2017,Ninho do Corvo - Guarulhos/SP,,,
2017-09-17 10:00:00,Ocelots FA,55 - 07,Betim Bulldogs,liga-nacional-2017,CECE Benedito de Lima - Jundiaí/SP,,,
2017-09-17 14:00:00,Volta Redonda Falcons,40 - 15,Piracicaba Cane Cutters,liga-nacional-2017,A.A. Barbará - Barra Mansa/RJ,,,
2017-09-24 10:00:00,Ribeirão Preto Challengers,07 - 52,Ponte Preta Gorilas,liga-nacional-2017,Campus Moura Lacerda - Ribeirão Preto/SP,,,
2017-07-15 13:30:00,Porto Alegre Gorillas,19 - 20,Miners FA,liga-nacional-2017,Grêmio Esportivo Nacional - São Leopoldo/RS,,,
2017-07-15 15:00:00,Black Hawks,34 - 07,Bento Gonçalves Snakes,liga-nacional-2017,Clube Atlético Tupi - Gaspar/SC,,,
2017-07-15 16:00:00,Foz Black Sharks,19 - 15,JEC Gladiators,liga-nacional-2017,Estádio do ABC - Foz do Iguaçu/PR,,,
2017-07-16 14:00:00,Jaraguá Breakers,07 - 00,Maringá Pyros,liga-nacional-2017,S.E.R. Menegotti - Jaraguá do Sul/SC,,,
2017-07-29 16:00:00,Foz Black Sharks,10 - 37,Jaraguá Breakers,liga-nacional-2017,Estádio do ABC - Foz do Iguaçu/PR,,,
2017-07-30 13:00:00,São Leopoldo Mustangs,00 - 82,Black Hawks,liga-nacional-2017,Grêmio Esportivo Nacional - São Leopoldo/RS,,,
2017-07-30 14:00:00,Curitiba Lions,06 - 23,JEC Gladiators,liga-nacional-2017,Croco Stadium - Curitiba/PR,,,
2017-07-30 14:00:00,Bento Gonçalves Snakes,24 - 23,Porto Alegre Gorillas,liga-nacional-2017,Estádio da Montanha - Bento Gonçalves/RS,,,
2017-08-13 14:00:00,Maringá Pyros,47 - 00,Curitiba Lions,liga-nacional-2017,Estádio Willie Davids - Maringá/PR,,,
2017-08-20 13:00:00,Black Hawks,40 - 00,Porto Alegre Gorillas,liga-nacional-2017,Clube Atlético Tupi - Gaspar/SC,,,
2017-08-20 14:00:00,JEC Gladiators,07 - 24,Jaraguá Breakers,liga-nacional-2017,Grêmio Whirlpool - Joinville/SC,,,
2017-08-20 14:00:00,Miners FA,91 - 00,São Leopoldo Mustangs,liga-nacional-2017,Estádio Rui Barbosa - Morro da Fumaça/SC,,,
2017-09-03 14:00:00,JEC Gladiators,07 - 21,Maringá Pyros,liga-nacional-2017,Grêmio Whirlpool - Joinville/SC,,,
2017-09-03 14:00:00,Miners FA,13 - 32,Black Hawks,liga-nacional-2017,Estádio Rui Barbosa - Morro da Fumaça/SC,,,
2017-09-03 14:00:00,São Leopoldo Mustangs,00 - 57,Bento Gonçalves Snakes,liga-nacional-2017,Estádio da Montanha - Bento Gonçalves/RS,,,
2017-09-09 14:00:00,Curitiba Lions,06 - 16,Foz Black Sharks,liga-nacional-2017,Croco Stadium - Curitiba/PR,,,
2017-09-17 14:00:00,Maringá Pyros,46 - 06,Foz Black Sharks,liga-nacional-2017,Estádio Willie Davids - Maringá/PR,,,
2017-09-24 14:30:00,Jaraguá Breakers,57 - 00,Curitiba Lions,liga-nacional-2017,Estádio João Marcatto - Jaraguá do Sul/SC,,,
2017-10-01 14:00:00,Bento Gonçalves Snakes,30 - 15,Miners FA,liga-nacional-2017,Estádio da Montanha - Bento Gonçalves/RS,,,
2017-10-08 13:00:00,Porto Alegre Gorillas,50 - 00,São Leopoldo Mustangs,liga-nacional-2017,Grêmio Esportivo Nacional - São Leopoldo/RS,,,
2017-07-08 14:00:00,Olinda Sharks,22 - 06,Roma Gladiadores,liga-nacional-2017,Estádio Grito da República - Olinda/PE,,,
2017-07-08 16:00:00,Arcoverde Templários,08 - 06,São Luís Sharks,liga-nacional-2017,Estádio Municipal - Arcoverde/PE,,,
2017-07-09 16:00:00,Caruaru Wolves,26 - 00,Recife Apaches,liga-nacional-2017,Estádio da Vera Cruz - Caruaru/PE,,,
2017-07-16 15:00:00,Sergipe Redentores,20 - 14,Carrancas FA,liga-nacional-2017,Complexo Esportivo do SESI - Aracaju/SE,,,
2017-07-29 14:00:00,Recife Apaches,14 - 16,Sergipe Redentores,liga-nacional-2017,Estádio Grito da República - Olinda/PE,,,
2017-07-29 17:00:00,Carrancas FA,03 - 00,Maceió Marechais,liga-nacional-2017,Estádio Paulo Coelho - Petrolina/PE,,,
2017-07-30 09:30:00,São Luís Sharks,40 - 16,Olinda Sharks,liga-nacional-2017,Antiga Associação da Alumar - São Luís/MA,,,
2017-07-30 14:00:00,Roma Gladiadores,06 - 14,Parnamirim Scorpions,liga-nacional-2017,Estádio do Bom Jardim - Fortaleza/CE,,,
2017-08-26 15:00:00,Roma Gladiadores,13 - 18,São Luís Sharks,liga-nacional-2017,Estádio Municipal - Horizonte/CE,,,
2017-08-27 15:00:00,Parnamirim Scorpions,15 - 06,Arcoverde Templários,liga-nacional-2017,Arena das Dunas - Natal/RN,,,
2017-08-27 15:00:00,Maceió Marechais,17 - 00,Sergipe Redentores,liga-nacional-2017,Vila Olímpica Albano Franco - Maceió/AL,,,
2017-08-27 15:00:00,Caruaru Wolves,22 - 07,Carrancas FA,liga-nacional-2017,Estádio da Vera Cruz - Caruaru/PE,,,
2017-09-16 18:00:00,Carrancas FA,14 - 20,Recife Apaches,liga-nacional-2017,Estádio Paulo Coelho - Petrolina/PE,,,
2017-09-17 15:00:00,Maceió Marechais,27 - 20,Caruaru Wolves,liga-nacional-2017,Estádio Rei Pelé - Maceió/AL,,,
2017-09-23 14:00:00,Olinda Sharks,06 - 26,Parnamirim Scorpions,liga-nacional-2017,Estádio Grito da República - Olinda/PE,,,
2017-09-30 16:00:00,Arcoverde Templários,14 - 06,Roma Gladiadores,liga-nacional-2017,Estádio Municipal - Arcoverde/PE,,,
2017-10-15 15:00:00,Parnamirim Scorpions,14 - 06,São Luís Sharks,liga-nacional-2017,Arena das Dunas - Natal/RN,,,
2017-10-15 15:00:00,Sergipe Redentores,16 - 07,Caruaru Wolves,liga-nacional-2017,Complexo Esportivo do SESI - Aracaju/SE,,,
2017-10-21 14:00:00,Recife Apaches,00 - 20,Maceió Marechais,liga-nacional-2017,Estádio Gileno de Carli - Cabo de Sto. Agostinho/PE,,,
2017-10-21 16:00:00,Arcoverde Templários,25 - 14,Olinda Sharks,liga-nacional-2017,Estádio Municipal - Arcoverde/PE,,,
2017-10-08 10:00:38,Rio Preto Weilers,34 - 08,Volta Redonda Falcons,liga-nacional-2017,,,,
2017-10-22 14:00:38,Fluminense Guerreiros,06 - 21,Rio Preto Weilers,liga-nacional-2017,,,,
2017-10-28 18:00:38,Sorriso Hornets,27 - 07,Rondonópolis Hawks,liga-nacional-2017,,,,
2017-11-18 18:00:22,Sorriso Hornets,13 - 06,Rio Preto Weilers,liga-nacional-2017,,,,
2017-09-30 14:00:22,Black Hawks,14 - 03,Maringá Pyros,liga-nacional-2017,,,,
2017-10-08 10:30:38,Juiz de Fora Imperadores,27 - 07,Macaé Oilers,liga-nacional-2017,,,,
2017-10-14 14:30:22,Jaraguá Breakers,21 - 00,Bento Gonçalves Snakes,liga-nacional-2017,,,,
2017-10-22 10:00:38,Ponte Preta Gorilas,34 - 42,Juiz de Fora Imperadores,liga-nacional-2017,,,,
2017-11-04 14:00:22,Jaraguá Breakers,21 - 20,Black Hawks,liga-nacional-2017,,,,
2017-11-18 14:30:22,Jaraguá Breakers,21 - 14,Juiz de Fora Imperadores,liga-nacional-2017,,,,
2017-12-02 17:00:22,Sorriso Hornets,12 - 10,Jaraguá Breakers,liga-nacional-2017,,,,
2017-08-13 09:00:08,Manaus FA,27 - 00,Boa Vista Nordics,copa-norte-2017,,,,
2017-08-13 14:00:08,North Lions,06 - 00,Manaus Cavaliers,copa-norte-2017,,,,
2017-09-17 14:00:08,North Lions,06 - 07,Manaus FA,copa-norte-2017,,,,
2017-08-20 19:00:08,Vingadores FA,18 - 21,Belém Titans,copa-norte-2017,,,,
2017-08-27 09:00:08,Tupinambás FA,06 - 42,Legião FA,copa-norte-2017,,,,
2017-10-01 17:00:08,Belém Titans,22 - 37,Legião FA,copa-norte-2017,,,,
2017-12-03 14:00:08,Legião FA,16 - 20,Manaus FA,copa-norte-2017,,,,
2014-04-26 14:00:00,Roma Gladiadores,14 - 21,Tropa Campina,superliga-nacional-2014,Fortaleza/CE,,,
2014-04-27 14:00:00,Parnamirim Scorpions,08 - 07,Mossoró Petroleiros,superliga-nacional-2014,Natal/RN,,,
2014-05-03 14:00:00,Vitória All Saints,00 - 13,Sergipe Bravos,superliga-nacional-2014,Salvador/BA,,,
2014-05-04 14:00:00,Maceió Marechais,15 - 06,Salvador Kings,superliga-nacional-2014,Maceió/AL,,,
2014-05-17 14:00:00,Sergipe Bravos,21 - 10,Maceió Marechais,superliga-nacional-2014,Aracaju/SE,,,
2014-05-18 14:00:00,Tropa Campina,12 - 14,Parnamirim Scorpions,superliga-nacional-2014,Campina Grande/PB,,,
2014-05-18 14:00:00,Mossoró Petroleiros,40 - 08,Roma Gladiadores,superliga-nacional-2014,Mossoró/RN,,,
2014-05-18 14:00:00,Salvador Kings,06 - 21,Vitória All Saints,superliga-nacional-2014,Salvador/BA,,,
2014-07-26 14:00:00,América Bulls,13 - 06,Mossoró Petroleiros,superliga-nacional-2014,Natal/RN,,,
2014-07-27 14:00:00,Ceará Caçadores,46 - 12,Ceará Fênix,superliga-nacional-2014,Fortaleza/CE,,,
2014-08-03 14:00:00,Recife Mariners,26 - 00,Santa Cruz Pirates,superliga-nacional-2014,Recife/PE,,,
2014-08-09 14:00:00,Mossoró Petroleiros,15 - 39,Ceará Caçadores,superliga-nacional-2014,Mossoró/RN,,,
2014-08-16 14:00:00,João Pessoa Espectros,63 - 14,Santa Cruz Pirates,superliga-nacional-2014,João Pessoa/PB,,,
2014-08-17 14:00:00,Sergipe Bravos,22 - 33,Recife Mariners,superliga-nacional-2014,Aracaju/SE,,,
2014-08-24 14:00:00,América Bulls,56 - 00,Sergipe Bravos,superliga-nacional-2014,Natal/RN,,,
2014-08-24 14:00:00,Ceará Fênix,00 - 54,João Pessoa Espectros,superliga-nacional-2014,Fortaleza/CE,,,
2014-09-06 14:00:00,João Pessoa Espectros,12 - 10,América Bulls,superliga-nacional-2014,João Pessoa/PB,,,
2014-09-06 14:00:00,Recife Mariners,08 - 00,Mossoró Petroleiros,superliga-nacional-2014,Recife/PE,,,
2014-09-07 14:00:00,Santa Cruz Pirates,14 - 25,Ceará Fênix,superliga-nacional-2014,Recife/PE,,,
2014-09-07 14:00:00,Sergipe Bravos,00 - 25,Ceará Caçadores,superliga-nacional-2014,Aracaju/SE,,,
2014-09-20 14:00:00,Mossoró Petroleiros,09 - 23,América Bulls,superliga-nacional-2014,Mossoró/RN,,,
2014-09-21 14:00:00,Ceará Caçadores,28 - 26,Recife Mariners,superliga-nacional-2014,Fortaleza/CE,,,
2014-09-27 14:00:00,Sergipe Bravos,00 - 41,João Pessoa Espectros,superliga-nacional-2014,Aracaju/SE,,,
2014-09-27 14:00:00,Santa Cruz Pirates,00 - 31,Recife Mariners,superliga-nacional-2014,Recife/PE,,,
2014-09-28 14:00:00,Ceará Fênix,12 - 29,Ceará Caçadores,superliga-nacional-2014,Fortaleza/CE,,,
2014-10-11 14:00:00,João Pessoa Espectros,56 - 03,Sergipe Bravos,superliga-nacional-2014,João Pessoa/PB,,,
2014-10-12 14:00:00,América Bulls,49 - 06,Ceará Fênix,superliga-nacional-2014,Natal/RN,,,
2014-10-12 14:00:00,Mossoró Petroleiros,57 - 00,Santa Cruz Pirates,superliga-nacional-2014,Mossoró/RN,,,
2014-10-18 14:00:00,Recife Mariners,24 - 07,João Pessoa Espectros,superliga-nacional-2014,Recife/PE,,,
2014-10-18 14:00:00,Santa Cruz Pirates,07 - 14,Sergipe Bravos,superliga-nacional-2014,Recife/PE,,,
2014-10-19 14:00:00,Ceará Caçadores,14 - 06,América Bulls,superliga-nacional-2014,Fortaleza/CE,,,
2014-10-19 14:00:00,Ceará Fênix,08 - 58,Mossoró Petroleiros,superliga-nacional-2014,Fortaleza/CE,,,
2014-07-19 14:00:00,Cuiabá Arsenal,72 - 00,Goiânia Rednecks,superliga-nacional-2014,Cuiabá/MT,,,
2014-08-03 14:00:00,Coritiba Crocodiles,22 - 00,Istepôs FA,superliga-nacional-2014,Curitiba/PR,,,
2014-08-23 14:00:00,Istepôs FA,14 - 24,São Paulo Storm,superliga-nacional-2014,São José/SC,,,
2014-08-30 18:30:00,Goiânia Rednecks,00 - 44,Coritiba Crocodiles,superliga-nacional-2014,SESI Ferreira Pacheco - Goiânia/GO,,,
2014-09-13 14:00:00,São Paulo Storm,75 - 09,Goiânia Rednecks,superliga-nacional-2014,São Paulo/SP,,,
2014-09-14 14:00:00,Coritiba Crocodiles,45 - 09,Cuiabá Arsenal,superliga-nacional-2014,Clube Imperial - Curitiba/PR,,,
2014-10-11 14:00:00,São Paulo Storm,34 - 65,Coritiba Crocodiles,superliga-nacional-2014,São Paulo/SP,,,
2014-10-11 14:00:00,Istepôs FA,32 - 38,Cuiabá Arsenal,superliga-nacional-2014,São José/SC,,,
2014-10-25 14:00:00,Goiânia Rednecks,08 - 35,Istepôs FA,superliga-nacional-2014,Goiânia/GO,,,
2014-10-25 14:00:00,Cuiabá Arsenal,16 - 08,São Paulo Storm,superliga-nacional-2014,Cuiabá/MT,,,
2014-11-15 14:00:00,Ceará Caçadores,18 - 23,João Pessoa Espectros,superliga-nacional-2014,,,,
2014-11-16 14:00:00,Recife Mariners,28 - 06,Bulls Potiguares,superliga-nacional-2014,,,,
2014-11-30 14:00:00,Recife Mariners,12 - 38,João Pessoa Espectros,superliga-nacional-2014,,,,
2014-11-16 14:00:00,Coritiba Crocodiles,35 - 21,Cuiabá Arsenal,superliga-nacional-2014,,,,
2014-12-14 16:00:00,Coritiba Crocodiles,23 - 17,João Pessoa Espectros,superliga-nacional-2014,,,,
2013-08-18 14:00:00,São Raimundo C. Cavaliers,48 - 02,Belém Titans,campeonato-brasileiro-2013,Manaus/AM,,,2013.0
2013-09-15 14:00:00,Belém Titans,08 - 50,São Raimundo C. Cavaliers,campeonato-brasileiro-2013,Belém/PA,,,2013.0
2013-07-07 14:00:00,Ceará Cangaceiros,02 - 08,Dragões do Mar,campeonato-brasileiro-2013,Fortaleza/CE,,,
2013-07-07 14:00:00,Tropa Campina,00 - 73,João Pessoa Espectros,campeonato-brasileiro-2013,Lagoa Seca/PB,,,
2013-07-13 14:00:00,Parnamirim Scorpions,19 - 08,Mossoró Petroleiros,campeonato-brasileiro-2013,Mossoró/RN,,,
2013-07-14 14:00:00,Maceió Marechais,07 - 14,Sergipe Bravos,campeonato-brasileiro-2013,São Miguel dos Campos/AL,,,
2013-07-14 14:00:00,Recife Mariners,07 - 12,América Bulls,campeonato-brasileiro-2013,Recife/PE,,,
2013-07-20 14:00:00,Mossoró Petroleiros,12 - 24,Ceará Cangaceiros,campeonato-brasileiro-2013,Mossoró/RN,,,
2013-07-20 14:00:00,João Pessoa Espectros,68 - 00,Parnamirim Scorpions,campeonato-brasileiro-2013,João Pessoa/PB,,,
2013-07-21 14:00:00,Tropa Campina,06 - 14,Ceará Fênix,campeonato-brasileiro-2013,Campina Grande/PB,,,
2013-07-21 14:00:00,Aracaju Imortais,02 - 12,Salvador Kings,campeonato-brasileiro-2013,Aracaju/SE,,,
2013-07-28 14:00:00,Sergipe Bravos,22 - 00,Aracaju Imortais,campeonato-brasileiro-2013,Aracaju/SE,,,
2013-07-28 14:00:00,América Bulls,27 - 07,Santa Cruz Pirates,campeonato-brasileiro-2013,Natal/RN,,,
2013-07-28 14:00:00,Maceió Marechais,06 - 10,Recife Mariners,campeonato-brasileiro-2013,Maceió/AL,,,
2013-08-03 14:00:00,Dragões do Mar,00 - 55,João Pessoa Espectros,campeonato-brasileiro-2013,Messejana/CE,,,
2013-08-04 14:00:00,Parnamirim Scorpions,31 - 06,Tropa Campina,campeonato-brasileiro-2013,Natal/RN,,,
2013-08-04 14:00:00,Ceará Fênix,26 - 13,Mossoró Petroleiros,campeonato-brasileiro-2013,Fortaleza/CE,,,
2013-08-10 14:00:00,América Bulls,49 - 00,Salvador Kings,campeonato-brasileiro-2013,Natal/RN,,,
2013-08-11 14:00:00,Santa Cruz Pirates,21 - 13,Sergipe Bravos,campeonato-brasileiro-2013,Camaragibe/PE,,,
2013-08-11 14:00:00,Maceió Marechais,37 - 00,Aracaju Imortais,campeonato-brasileiro-2013,Maceió/AL,,,
2013-08-17 14:00:00,Mossoró Petroleiros,02 - 30,Dragões do Mar,campeonato-brasileiro-2013,Mossoró/RN,,,
2013-08-18 14:00:00,Parnamirim Scorpions,00 - 49,Ceará Fênix,campeonato-brasileiro-2013,Natal/RN,,,
2013-08-24 09:00:00,Maceió Marechais,09:00:00Cancel.,Salvador Kings,campeonato-brasileiro-2013,Estádio Municipal - Lauro de Freitas/BA,,,
2013-08-24 14:00:00,João Pessoa Espectros,49 - 00,Ceará Cangaceiros,campeonato-brasileiro-2013,João Pessoa/PB,,,
2013-08-24 14:00:00,Aracaju Imortais,00 - 30,Santa Cruz Pirates,campeonato-brasileiro-2013,Aracaju/SE,,,
2013-08-25 14:00:00,Sergipe Bravos,00 - 21,Recife Mariners,campeonato-brasileiro-2013,Aracaju/SE,,,
2013-08-31 14:00:00,Ceará Cangaceiros,71 - 00,Tropa Campina,campeonato-brasileiro-2013,Fortaleza/CE,,,
2013-08-31 14:00:00,Dragões do Mar,84 - 00,Parnamirim Scorpions,campeonato-brasileiro-2013,Fortaleza/CE,,,
2013-09-01 14:00:00,Ceará Fênix,08 - 82,João Pessoa Espectros,campeonato-brasileiro-2013,Fortaleza/CE,,,
2013-09-07 14:00:00,Salvador Kings,06 - 13,Sergipe Bravos,campeonato-brasileiro-2013,Salvador/BA,,,
2013-09-07 14:00:00,Aracaju Imortais,00 - 49,América Bulls,campeonato-brasileiro-2013,Aracaju/SE,,,
2013-09-08 14:00:00,Santa Cruz Pirates,15 - 23,Recife Mariners,campeonato-brasileiro-2013,Recife/PE,,,
2013-09-14 14:00:00,João Pessoa Espectros,81 - 00,Mossoró Petroleiros,campeonato-brasileiro-2013,João Pessoa/PB,,,
2013-09-15 14:00:00,Ceará Fênix,20 - 28,Ceará Cangaceiros,campeonato-brasileiro-2013,Fortaleza/CE,,,
2013-09-21 14:00:00,América Bulls,62 - 00,Maceió Marechais,campeonato-brasileiro-2013,Natal/RN,,,
2013-09-21 14:00:00,Recife Mariners,31 - 00,Aracaju Imortais,campeonato-brasileiro-2013,Recife/PE,,,
2013-09-21 14:00:00,Santa Cruz Pirates,42 - 00,Salvador Kings,campeonato-brasileiro-2013,Recife/PE,,,
2013-09-28 14:00:00,Ceará Cangaceiros,44 - 08,Parnamirim Scorpions,campeonato-brasileiro-2013,Fortaleza/CE,,,
2013-09-28 14:00:00,Mossoró Petroleiros,06 - 14,Tropa Campina,campeonato-brasileiro-2013,Mossoró/RN,,,
2013-09-28 14:00:00,Sergipe Bravos,00 - 58,América Bulls,campeonato-brasileiro-2013,Aracaju/SE,,,
2013-09-28 14:00:00,Salvador Kings,12 - 40,Recife Mariners,campeonato-brasileiro-2013,Salvador/BA,,,
2013-09-29 14:00:00,Dragões do Mar,28 - 12,Ceará Fênix,campeonato-brasileiro-2013,Fortaleza/CE,,,
2013-06-29 14:00:00,Cuiabá Arsenal,57 - 00,Sinop Coyotes,campeonato-brasileiro-2013,Cuiabá/MT,,,
2013-06-30 14:00:00,Jacarés do Pantanal,06 - 12,Rio Preto Weilers,campeonato-brasileiro-2013,Campo Grande/MS,,,
2013-07-06 14:00:00,Cabritos FA,00 - 71,São Paulo Storm,campeonato-brasileiro-2013,Serra/ES,,,
2013-07-13 14:00:00,Rio Preto Weilers,00 - 46,Cuiabá Arsenal,campeonato-brasileiro-2013,São José do Rio Preto/SP,,,
2013-07-13 14:00:00,Brasil Devilz,02 - 29,Sorocaba Vipers,campeonato-brasileiro-2013,Barueri/SP,,,
2013-07-13 14:00:00,Jacarés do Pantanal,16 - 09,Sinop Coyotes,campeonato-brasileiro-2013,Campo Grande/MS,,,
2013-07-14 14:00:00,Botafogo Reptiles,28 - 35,Spartans Football,campeonato-brasileiro-2013,Paracambi/RJ,,,
2013-07-27 14:00:00,Sinop Coyotes,07 - 48,Cuiabá Arsenal,campeonato-brasileiro-2013,Sinop/MT,,,
2013-07-27 14:00:00,Botafogo Reptiles,51 - 00,Cabritos FA,campeonato-brasileiro-2013,Paracambi/RJ,,,
2013-07-28 14:00:00,Rio Preto Weilers,14 - 00,Jacarés do Pantanal,campeonato-brasileiro-2013,São José do Rio Preto/SP,,,
2013-07-28 14:00:00,São Paulo Storm,51 - 00,Sorocaba Vipers,campeonato-brasileiro-2013,São Paulo/SP,,,
2013-08-03 14:00:00,Brasil Devilz,08 - 37,Spartans Football,campeonato-brasileiro-2013,São Roque/SP,,,
2013-08-10 14:00:00,Sinop Coyotes,19 - 03,Jacarés do Pantanal,campeonato-brasileiro-2013,Sinop/MT,,,
2013-08-10 14:00:00,Cuiabá Arsenal,42 - 00,Brasil Devilz,campeonato-brasileiro-2013,Cuiabá/MT,,,
2013-08-10 14:00:00,Cabritos FA,06 - 34,Botafogo Reptiles,campeonato-brasileiro-2013,Serra/ES,,,
2013-08-11 14:00:00,Spartans Football,13 - 18,Rio Preto Weilers,campeonato-brasileiro-2013,São Roque/SP,,,
2013-08-11 14:00:00,Sorocaba Vipers,00 - 59,São Paulo Storm,campeonato-brasileiro-2013,Sorocaba/SP,,,
2013-08-24 14:00:00,Brasil Devilz,19 - 06,Cabritos FA,campeonato-brasileiro-2013,Barueri/SP,,,
2013-08-24 14:00:00,Spartans Football,06 - 48,São Paulo Storm,campeonato-brasileiro-2013,Barueri/SP,,,
2013-08-24 14:00:00,Botafogo Reptiles,35 - 16,Rio Preto Weilers,campeonato-brasileiro-2013,Paracambi/RJ,,,
2013-08-25 14:00:00,Jacarés do Pantanal,00 - 58,Cuiabá Arsenal,campeonato-brasileiro-2013,Campo Grande/MS,,,
2013-09-01 14:00:00,Sorocaba Vipers,14 - 26,Botafogo Reptiles,campeonato-brasileiro-2013,Sorocaba/SP,,,
2013-09-07 14:00:00,Cuiabá Arsenal,93 - 00,Jacarés do Pantanal,campeonato-brasileiro-2013,Cuiabá/MT,,,
2013-09-07 14:00:00,São Paulo Storm,75 - 00,Brasil Devilz,campeonato-brasileiro-2013,Barueri/SP,,,
2013-09-07 14:00:00,Spartans Football,63 - 00,Cabritos FA,campeonato-brasileiro-2013,Barueri/SP,,,
2013-09-07 14:00:00,Sinop Coyotes,14:00:00Cancel.,Sorocaba Vipers,campeonato-brasileiro-2013,Estádio Gigante do Norte - Sinop/MT,,,
2013-09-14 14:00:00,Rio Preto Weilers,44 - 06,Sinop Coyotes,campeonato-brasileiro-2013,São José do Rio Preto/SP,,,
2013-09-14 14:00:00,Cabritos FA,00 - 49,Spartans Football,campeonato-brasileiro-2013,Serra/ES,,,
2013-09-15 14:00:00,Sorocaba Vipers,13 - 24,Brasil Devilz,campeonato-brasileiro-2013,C. E. Jardim Simus - Sorocaba/SP,,,
2013-09-15 14:00:00,São Paulo Storm,67 - 22,Botafogo Reptiles,campeonato-brasileiro-2013,São Paulo/SP,,,
2013-07-14 14:00:00,Istepôs FA,60 - 03,Bárbaros do Vale,campeonato-brasileiro-2013,São José/SC,,,
2013-07-20 14:00:00,Santa Maria Soldiers,00 - 27,Brown Spiders,campeonato-brasileiro-2013,Santa Maria/RS,,,
2013-07-20 14:00:00,Curitiba Hurricanes,03 - 14,Curitiba Predadores,campeonato-brasileiro-2013,Curitiba/PR,,,
2013-07-27 14:00:00,Coritiba Crocodiles,63 - 00,Santa Maria Soldiers,campeonato-brasileiro-2013,Campo Largo/PR,,,
2013-07-27 14:00:00,Brown Spiders,54 - 00,Bárbaros do Vale,campeonato-brasileiro-2013,Curitiba/PR,,,
2013-07-28 14:00:00,Curitiba Predadores,13 - 19,Istepôs FA,campeonato-brasileiro-2013,Curitiba/PR,,,
2013-08-03 14:00:00,Santa Maria Soldiers,20 - 00,Curitiba Hurricanes,campeonato-brasileiro-2013,Santa Maria/RS,,,
2013-08-10 14:00:00,Brown Spiders,20 - 35,Istepôs FA,campeonato-brasileiro-2013,Almirante Tamandaré/PR,,,
2013-08-11 14:00:00,Bárbaros do Vale,07 - 48,Coritiba Crocodiles,campeonato-brasileiro-2013,Blumenau/SC,,,
2013-08-17 14:00:00,Curitiba Hurricanes,07 - 41,Istepôs FA,campeonato-brasileiro-2013,Campo Largo/PR,,,
2013-08-18 14:00:00,Curitiba Predadores,03 - 33,Coritiba Crocodiles,campeonato-brasileiro-2013,Colombo/PR,,,
2013-08-24 14:00:00,Bárbaros do Vale,00 - 13,Santa Maria Soldiers,campeonato-brasileiro-2013,Blumenau/SC,,,
2013-08-31 14:00:00,Curitiba Predadores,33 - 08,Bárbaros do Vale,campeonato-brasileiro-2013,Colombo/PR,,,
2013-08-31 14:00:00,Istepôs FA,02 - 19,Coritiba Crocodiles,campeonato-brasileiro-2013,São José/SC,,,
2013-09-01 14:00:00,Curitiba Hurricanes,06 - 14,Brown Spiders,campeonato-brasileiro-2013,Campo Largo/PR,,,
2013-09-07 14:00:00,Brown Spiders,00 - 54,Curitiba Predadores,campeonato-brasileiro-2013,Curitiba/PR,,,
2013-09-07 14:00:00,Istepôs FA,78 - 12,Santa Maria Soldiers,campeonato-brasileiro-2013,São José/SC,,,
2013-09-08 14:00:00,Coritiba Crocodiles,67 - 12,Curitiba Hurricanes,campeonato-brasileiro-2013,Curitiba/PR,,,
2013-09-14 14:00:00,Coritiba Crocodiles,42 - 03,Brown Spiders,campeonato-brasileiro-2013,Curitiba/PR,,,
2013-09-15 14:00:00,Bárbaros do Vale,06 - 40,Curitiba Hurricanes,campeonato-brasileiro-2013,Blumenau/SC,,,
2013-09-15 14:00:00,Santa Maria Soldiers,08 - 10,Curitiba Predadores,campeonato-brasileiro-2013,Santa Maria/RS,,,
2013-10-06 14:00:00,Dragões do Mar,49 - 00,Manaus Cavaliers,campeonato-brasileiro-2013,,,,
2013-10-13 14:00:00,Recife Mariners,12 - 18,Ceará Cangaceiros,campeonato-brasileiro-2013,,,,
2013-10-20 14:00:00,Bulls Potiguares,28 - 16,Dragões do Mar,campeonato-brasileiro-2013,,,,
2013-10-20 14:00:00,João Pessoa Espectros,29 - 14,Ceará Cangaceiros,campeonato-brasileiro-2013,,,,
2013-10-06 14:00:00,Coritiba Crocodiles,32 - 06,Curitiba Predadores,campeonato-brasileiro-2013,,,,
2013-10-12 14:00:00,Cuiabá Arsenal,13 - 16,Istepôs FA,campeonato-brasileiro-2013,,,,
2013-10-13 14:00:00,São Paulo Storm,49 - 24,Botafogo Reptiles,campeonato-brasileiro-2013,,,,
2013-11-02 14:00:00,João Pessoa Espectros,28 - 12,Bulls Potiguares,campeonato-brasileiro-2013,,,,
2013-11-23 14:00:00,Coritiba Crocodiles,13 - 09,Istepôs FA,campeonato-brasileiro-2013,,,,
2013-11-24 14:00:00,João Pessoa Espectros,33 - 30,São Paulo Storm,campeonato-brasileiro-2013,,,,
2013-12-14 14:00:00,João Pessoa Espectros,13 - 24,Coritiba Crocodiles,campeonato-brasileiro-2013,,,,
2013-09-29 14:00:00,Maceió Marechais,08 - 22,Santa Cruz Pirates,campeonato-brasileiro-2013,Maceió/AL,,,
2012-07-01 14:00:00,João Pessoa Espectros,43 - 06,Recife Mariners,campeonato-brasileiro-2012,João Pessoa/PB,,,
2012-07-07 14:00:00,Dragões do Mar,19 - 00,Ceará Cangaceiros,campeonato-brasileiro-2012,Fortaleza/CE,,,
2012-07-08 14:00:00,América Bulls,39 - 14,Parnamirim Scorpions,campeonato-brasileiro-2012,São Paulo do Potengi/RN,,,
2012-07-14 14:00:00,Vitória All Saints,18 - 07,Sergipe Bravos,campeonato-brasileiro-2012,Camaçari/BA,,,
2012-07-15 14:00:00,João Pessoa Espectros,56 - 02,Santa Cruz Pirates,campeonato-brasileiro-2012,João Pessoa/PB,,,
2012-07-29 14:00:00,Sergipe Bravos,16 - 18,Maceió Marechais,campeonato-brasileiro-2012,Aracaju/SE,,,
2012-08-04 14:00:00,Recife Mariners,27 - 02,Santa Cruz Pirates,campeonato-brasileiro-2012,Camaragibe/PE,,,
2012-08-04 14:00:00,Dragões do Mar,22 - 06,Parnamirim Scorpions,campeonato-brasileiro-2012,Fortaleza/CE,,,
2012-08-05 14:00:00,Ceará Cangaceiros,09 - 22,América Bulls,campeonato-brasileiro-2012,Fortaleza/CE,,,
2012-08-11 14:00:00,Maceió Marechais,06 - 00,Vitória All Saints,campeonato-brasileiro-2012,São Mateus do Sul/AL,,,
2012-08-18 14:00:00,Santa Cruz Pirates,00 - 72,João Pessoa Espectros,campeonato-brasileiro-2012,Ipojuca/PE,,,
2012-08-25 14:00:00,Vitória All Saints,00 - 14,Maceió Marechais,campeonato-brasileiro-2012,Camaçari/BA,,,
2012-08-26 14:00:00,Parnamirim Scorpions,21 - 14,Ceará Cangaceiros,campeonato-brasileiro-2012,Natal/RN,,,
2012-09-01 14:00:00,Recife Mariners,00 - 58,João Pessoa Espectros,campeonato-brasileiro-2012,Camaragibe/PE,,,
2012-09-02 14:00:00,América Bulls,14 - 11,Dragões do Mar,campeonato-brasileiro-2012,São Paulo do Potengi/RN,,,
2012-09-08 14:00:00,Sergipe Bravos,21 - 06,Vitória All Saints,campeonato-brasileiro-2012,Aracaju/SE,,,
2012-09-15 14:00:00,Santa Cruz Pirates,12 - 30,Recife Mariners,campeonato-brasileiro-2012,Recife/PE,,,
2012-09-16 14:00:00,Parnamirim Scorpions,09 - 36,América Bulls,campeonato-brasileiro-2012,Natal/RN,,,
2012-09-22 14:00:00,Ceará Cangaceiros,06 - 12,Dragões do Mar,campeonato-brasileiro-2012,Fortaleza/CE,,,
2012-09-23 14:00:00,Maceió Marechais,13 - 06,Sergipe Bravos,campeonato-brasileiro-2012,Maceió/AL,,,
2012-06-30 14:00:00,Cabritos FA,21 - 08,Brasil Devilz,campeonato-brasileiro-2012,Serra/ES,,,
2012-06-30 14:00:00,Spartans Football,00 - 09,Locomotiva FA,campeonato-brasileiro-2012,Barueri/SP,,,
2012-07-01 14:00:00,São Paulo Storm,69 - 00,Rio Preto Weilers,campeonato-brasileiro-2012,Taubaté/SP,,,
2012-07-07 14:00:00,Cuiabá Arsenal,46 - 00,Sorocaba Vipers,campeonato-brasileiro-2012,Cuiabá/MT,,,
2012-07-08 14:00:00,Cuiabá Arsenal,34 - 03,Sinop Coyotes,campeonato-brasileiro-2012,Cuiabá/MT,,,
2012-07-14 14:00:00,Fluminense Imperadores,49 - 00,Cabritos FA,campeonato-brasileiro-2012,Rio de Janeiro/RJ,,,
2012-07-15 14:00:00,Spartans Football,03 - 06,Brasil Devilz,campeonato-brasileiro-2012,Barueri/SP,,,
2012-07-22 14:00:00,Sorocaba Vipers,16 - 00,Rio Preto Weilers,campeonato-brasileiro-2012,Sorocaba/SP,,,
2012-07-28 14:00:00,Locomotiva FA,15 - 22,Fluminense Imperadores,campeonato-brasileiro-2012,Belo Horizonte/MG,,,
2012-08-04 14:00:00,São Paulo Storm,24 - 35,Cuiabá Arsenal,campeonato-brasileiro-2012,Barueri/SP,,,
2012-08-05 14:00:00,Rio Preto Weilers,14 - 07,Sinop Coyotes,campeonato-brasileiro-2012,Ribeirão Pires/SP,,,
2012-08-11 14:00:00,Brasil Devilz,00 - 43,Spartans Football,campeonato-brasileiro-2012,Barueri/SP,,,
2012-08-11 14:00:00,Locomotiva FA,29 - 00,Cabritos FA,campeonato-brasileiro-2012,Belo Horizonte/MG,,,
2012-08-19 14:00:00,Sinop Coyotes,00 - 34,Cuiabá Arsenal,campeonato-brasileiro-2012,Sinop/MT,,,
2012-08-19 14:00:00,Sorocaba Vipers,00 - 56,São Paulo Storm,campeonato-brasileiro-2012,Sorocaba/SP,,,
2012-08-25 14:00:00,Locomotiva FA,34 - 27,Brasil Devilz,campeonato-brasileiro-2012,Contagem/MG,,,
2012-08-26 14:00:00,Fluminense Imperadores,44 - 19,Spartans Football,campeonato-brasileiro-2012,Estádio Ronaldo Nazário - Rio de Janeiro/RJ,,,
2012-09-01 14:00:00,Cuiabá Arsenal,55 - 00,Rio Preto Weilers,campeonato-brasileiro-2012,Cuiabá/MT,,,
2012-09-08 14:00:00,Sinop Coyotes,00 - 71,São Paulo Storm,campeonato-brasileiro-2012,Sinop/MT,,,
2012-09-08 14:00:00,Cabritos FA,14 - 21,Spartans Football,campeonato-brasileiro-2012,Serra/ES,,,
2012-09-15 14:00:00,Sorocaba Vipers,21 - 24,Sinop Coyotes,campeonato-brasileiro-2012,Sorocaba/SP,,,
2012-09-15 14:00:00,Brasil Devilz,07 - 47,Fluminense Imperadores,campeonato-brasileiro-2012,Barueri/SP,,,
2012-09-15 14:00:00,Cabritos FA,06 - 31,Locomotiva FA,campeonato-brasileiro-2012,Serra/ES,,,
2012-09-22 14:00:00,Fluminense Imperadores,09 - 26,Locomotiva FA,campeonato-brasileiro-2012,Rio de Janeiro/RJ,,,
2012-09-23 14:00:00,Rio Preto Weilers,06 - 58,São Paulo Storm,campeonato-brasileiro-2012,Ribeirão Pires/SP,,,
2012-09-29 14:00:00,Brasil Devilz,25 - 13,Cabritos FA,campeonato-brasileiro-2012,Barueri/SP,,,
2012-09-29 14:00:00,Sinop Coyotes,00 - 35,Cuiabá Arsenal,campeonato-brasileiro-2012,Sinop/MT,,,
2012-09-30 14:00:00,Spartans Football,09 - 42,Fluminense Imperadores,campeonato-brasileiro-2012,São Paulo/SP,,,
2012-09-30 14:00:00,São Paulo Storm,46 - 00,Sorocaba Vipers,campeonato-brasileiro-2012,São Paulo/SP,,,
2012-10-06 14:00:00,Rio Preto Weilers,21 - 06,Sorocaba Vipers,campeonato-brasileiro-2012,São José do Rio Preto/SP,,,
2012-06-30 14:00:00,JEC Gladiators,20 - 27,Brown Spiders,campeonato-brasileiro-2012,Joinville/SC,,,
2012-07-01 14:00:00,Bárbaros do Vale,13 - 00,UFPR Legends,campeonato-brasileiro-2012,Blumenau/SC,,,
2012-07-01 14:00:00,Ponta Grossa Phantoms,26 - 12,Foz Black Sharks,campeonato-brasileiro-2012,Ponta Grossa/PR,,,
2012-07-07 14:00:00,Curitiba Predadores,03 - 00,Porto Alegre Pumpkins,campeonato-brasileiro-2012,Curitiba/PR,,,
2012-07-07 14:00:00,Coritiba Crocodiles,19 - 09,Istepôs FA,campeonato-brasileiro-2012,Curitiba/PR,,,
2012-07-08 14:00:00,Santa Maria Soldiers,06 - 18,Santa Cruz Chacais,campeonato-brasileiro-2012,Santa Maria/RS,,,
2012-07-15 14:00:00,Brown Spiders,06 - 00,Foz Black Sharks,campeonato-brasileiro-2012,Curitiba/PR,,,
2012-07-15 14:00:00,Corupá Buffalos,46 - 00,Bárbaros do Vale,campeonato-brasileiro-2012,Corupá/SC,,,
2012-07-15 14:00:00,UFPR Legends,00 - 28,JEC Gladiators,campeonato-brasileiro-2012,Curitiba/PR,,,
2012-07-21 14:00:00,Coritiba Crocodiles,41 - 00,Santa Cruz Chacais,campeonato-brasileiro-2012,São Mateus do Sul/PR,,,
2012-07-21 14:00:00,Istepôs FA,20 - 15,Curitiba Hurricanes,campeonato-brasileiro-2012,São José/SC,,,
2012-07-22 14:00:00,Porto Alegre Pumpkins,20 - 00,Santa Maria Soldiers,campeonato-brasileiro-2012,Porto Alegre/RS,,,
2012-07-28 14:00:00,Foz Black Sharks,06 - 38,JEC Gladiators,campeonato-brasileiro-2012,Estádio do ABC - Foz do Iguaçu/PR,,,
2012-07-28 14:00:00,Corupá Buffalos,45 - 03,UFPR Legends,campeonato-brasileiro-2012,Corupá/SC,,,
2012-07-29 14:00:00,Bárbaros do Vale,00 - 09,Ponta Grossa Phantoms,campeonato-brasileiro-2012,Blumenau/SC,,,
2012-08-04 14:00:00,Curitiba Predadores,23 - 09,Istepôs FA,campeonato-brasileiro-2012,Colombo/PR,,,
2012-08-04 14:00:00,Curitiba Hurricanes,16 - 06,Santa Maria Soldiers,campeonato-brasileiro-2012,Campo Largo/PR,,,
2012-08-05 14:00:00,Santa Cruz Chacais,06 - 10,Porto Alegre Pumpkins,campeonato-brasileiro-2012,Santa Cruz do Sul/RS,,,
2012-08-11 14:00:00,Bárbaros do Vale,07 - 33,Brown Spiders,campeonato-brasileiro-2012,Blumenau/SC,,,
2012-08-11 14:00:00,Foz Black Sharks,10 - 16,Corupá Buffalos,campeonato-brasileiro-2012,Estádio do ABC - Foz do Iguaçu/PR,,,
2012-08-12 14:00:00,UFPR Legends,06 - 15,Ponta Grossa Phantoms,campeonato-brasileiro-2012,Curitiba/PR,,,
2012-08-18 14:00:00,Santa Cruz Chacais,00 - 23,Curitiba Predadores,campeonato-brasileiro-2012,Santa Cruz do Sul/RS,,,
2012-08-18 14:00:00,Istepôs FA,00 - 15,Coritiba Crocodiles,campeonato-brasileiro-2012,São José/SC,,,
2012-08-18 14:00:00,Porto Alegre Pumpkins,13 - 06,Curitiba Hurricanes,campeonato-brasileiro-2012,Porto Alegre/RS,,,
2012-08-25 14:00:00,Brown Spiders,40 - 08,UFPR Legends,campeonato-brasileiro-2012,Curitiba/PR,,,
2012-08-26 14:00:00,JEC Gladiators,21 - 06,Bárbaros do Vale,campeonato-brasileiro-2012,Joinville/SC,,,
2012-08-26 14:00:00,Ponta Grossa Phantoms,23 - 16,Corupá Buffalos,campeonato-brasileiro-2012,Palmeira/PR,,,
2012-09-01 14:00:00,Curitiba Hurricanes,16 - 26,Coritiba Crocodiles,campeonato-brasileiro-2012,Campo Largo/PR,,,
2012-09-02 14:00:00,Santa Cruz Chacais,06 - 25,Santa Maria Soldiers,campeonato-brasileiro-2012,Santa Cruz do Sul/RS,,,
2012-09-02 14:00:00,Istepôs FA,14 - 00,Curitiba Predadores,campeonato-brasileiro-2012,São José/SC,,,
2012-09-08 14:00:00,Foz Black Sharks,25 - 00,Bárbaros do Vale,campeonato-brasileiro-2012,Estádio do ABC - Foz do Iguaçu/PR,,,
2012-09-09 14:00:00,JEC Gladiators,03 - 00,Corupá Buffalos,campeonato-brasileiro-2012,Joinville/SC,,,
2012-09-16 14:00:00,Curitiba Hurricanes,00 - 19,Istepôs FA,campeonato-brasileiro-2012,Campo Largo/PR,,,
2012-09-16 14:00:00,Santa Maria Soldiers,00 - 13,Porto Alegre Pumpkins,campeonato-brasileiro-2012,Santa Maria/RS,,,
2012-09-16 14:00:00,Coritiba Crocodiles,93 - 00,Curitiba Predadores,campeonato-brasileiro-2012,Curitiba/PR,,,
2012-09-16 14:00:00,Brown Spiders,41 - 20,Ponta Grossa Phantoms,campeonato-brasileiro-2012,Curitiba/PR,,,
2012-09-23 14:00:00,UFPR Legends,00 - 12,Foz Black Sharks,campeonato-brasileiro-2012,Curitiba/PR,,,
2012-09-29 14:00:00,Santa Maria Soldiers,06 - 35,Coritiba Crocodiles,campeonato-brasileiro-2012,Santa Maria/RS,,,
2012-09-29 14:00:00,Corupá Buffalos,14 - 37,Brown Spiders,campeonato-brasileiro-2012,Corupá/SC,,,
2012-09-30 14:00:00,Curitiba Predadores,16 - 07,Curitiba Hurricanes,campeonato-brasileiro-2012,Colombo/PR,,,
2012-09-29 14:00:00,Dragões do Mar,19 - 00,Recife Mariners,campeonato-brasileiro-2012,,,,
2012-09-30 14:00:00,Maceió Marechais,07 - 23,Sergipe Bravos,campeonato-brasileiro-2012,,,,
2012-10-12 14:00:00,Brown Spiders,25 - 07,Joinville Gladiators,campeonato-brasileiro-2012,,,,
2012-10-13 14:00:00,Coritiba Crocodiles,28 - 00,Curitiba Predadores,campeonato-brasileiro-2012,,,,
2012-10-13 14:00:00,João Pessoa Espectros,20 - 00,Dragões do Mar,campeonato-brasileiro-2012,,,,
2012-10-13 14:00:00,Bulls Potiguares,50 - 09,Sergipe Bravos,campeonato-brasileiro-2012,,,,
2012-10-14 14:00:00,Fluminense Imperadores,55 - 06,Spartans Football,campeonato-brasileiro-2012,,,,
2012-10-14 14:00:00,Ponta Grossa Phantoms,06 - 07,Porto Alegre Pumpkins,campeonato-brasileiro-2012,,,,
2012-10-21 14:00:00,São Paulo Storm,49 - 00,Locomotiva FA,campeonato-brasileiro-2012,,,,
2012-10-20 14:00:00,Bulls Potiguares,14 - 28,João Pessoa Espectros,campeonato-brasileiro-2012,,,,
2012-10-27 14:00:00,Brown Spiders,19 - 22,Coritiba Crocodiles,campeonato-brasileiro-2012,,,,
2012-10-27 14:00:00,Fluminense Imperadores,25 - 20,São Paulo Storm,campeonato-brasileiro-2012,,,,
2012-10-27 14:00:00,Cuiabá Arsenal,41 - 07,Porto Alegre Pumpkins,campeonato-brasileiro-2012,,,,
2012-11-10 14:00:00,João Pessoa Espectros,20 - 21,Cuiabá Arsenal,campeonato-brasileiro-2012,,,,
2012-11-11 14:00:00,Fluminense Imperadores,15 - 17,Coritiba Crocodiles,campeonato-brasileiro-2012,,,,
2012-11-24 14:00:00,Cuiabá Arsenal,31 - 23,Coritiba Crocodiles,campeonato-brasileiro-2012,,,,
2012-09-30 14:00:00,Porto Alegre Pumpkins,26 - 08,Santa Cruz Chacais,campeonato-brasileiro-2012,Gravataí/RS,,,
2012-09-30 14:00:00,Ponta Grossa Phantoms,20 - 06,JEC Gladiators,campeonato-brasileiro-2012,Palmeira/PR,,,
2011-07-16 14:00:00,Cuiabá Arsenal,10 - 09,São Paulo Storm,liga-brasileira-2011,Cuiabá/MT,,,
2011-07-30 14:00:00,Locomotiva FA,00 - 40,Fluminense Imperadores,liga-brasileira-2011,Santa Luzia/MG,,,
2011-08-06 14:00:00,Spartans Football,14 - 41,Cuiabá Arsenal,liga-brasileira-2011,Jaú/SP,,,
2011-08-20 14:00:00,Fluminense Imperadores,17 - 10,São Paulo Storm,liga-brasileira-2011,Arraial do Cabo/RJ,,,
2011-08-20 14:00:00,Locomotiva FA,11 - 08,Spartans Football,liga-brasileira-2011,Santa Luzia/MG,,,
2011-09-03 14:00:00,JEC Gladiators,25 - 22,Cuiabá Arsenal,liga-brasileira-2011,Joinville/SC,,,
2011-09-04 14:00:00,São Paulo Storm,22 - 07,Locomotiva FA,liga-brasileira-2011,São Paulo/SP,,,
2011-09-04 14:00:00,Spartans Football,00 - 48,Fluminense Imperadores,liga-brasileira-2011,São Paulo/SP,,,
2011-09-17 14:00:00,Fluminense Imperadores,54 - 00,Brown Spiders,liga-brasileira-2011,Arraial do Cabo/RJ,,,
2011-09-17 14:00:00,Locomotiva FA,16 - 19,São Paulo Storm,liga-brasileira-2011,Belo Horizonte/MG,,,
2011-09-17 14:00:00,Cuiabá Arsenal,64 - 06,Spartans Football,liga-brasileira-2011,Cuiabá/MT,,,
2011-10-01 14:00:00,Fluminense Imperadores,46 - 06,Locomotiva FA,liga-brasileira-2011,Arraial do Cabo/RJ,,,
2011-10-01 14:00:00,Brown Spiders,10 - 16,Cuiabá Arsenal,liga-brasileira-2011,Curitiba/PR,,,
2011-10-02 14:00:00,São Paulo Storm,27 - 06,Spartans Football,liga-brasileira-2011,São Paulo/SP,,,
2011-10-16 14:00:00,São Paulo Storm,00 - 14,Fluminense Imperadores,liga-brasileira-2011,São Paulo/SP,,,
2011-10-16 14:00:00,Spartans Football,00 - 07,Locomotiva FA,liga-brasileira-2011,São Paulo/SP,,,
2011-10-22 14:00:00,Cuiabá Arsenal,49 - 00,Foz Black Sharks,liga-brasileira-2011,Cuiabá/MT,,,
2011-07-23 14:00:00,Foz Black Sharks,32 - 06,Santa Cruz Chacais,liga-brasileira-2011,Foz do Iguaçu/PR,,,
2011-07-31 14:00:00,Coritiba Crocodiles,19 - 02,Porto Alegre Pumpkins,liga-brasileira-2011,Curitiba/PR,,,
2011-08-13 14:00:00,Porto Alegre Pumpkins,18 - 53,JEC Gladiators,liga-brasileira-2011,São Leopoldo/RS,,,
2011-08-14 14:00:00,Coritiba Crocodiles,36 - 06,Brown Spiders,liga-brasileira-2011,Curitiba/PR,,,
2011-08-14 14:00:00,Santa Cruz Chacais,07 - 13,Istepôs FA,liga-brasileira-2011,Santa Cruz do Sul/RS,,,
2011-08-27 14:00:00,Brown Spiders,07 - 10,Istepôs FA,liga-brasileira-2011,Curitiba/PR,,,
2011-08-27 14:00:00,Porto Alegre Pumpkins,18 - 19,Santa Cruz Chacais,liga-brasileira-2011,São Leopoldo/RS,,,
2011-08-28 14:00:00,Coritiba Crocodiles,29 - 00,Foz Black Sharks,liga-brasileira-2011,Curitiba/PR,,,
2011-09-10 14:00:00,Foz Black Sharks,34 - 00,Porto Alegre Pumpkins,liga-brasileira-2011,Foz do Iguaçu/PR,,,
2011-09-17 14:00:00,Istepôs FA,40 - 00,Santa Cruz Chacais,liga-brasileira-2011,Tijucas/SC,,,
2011-09-18 14:00:00,JEC Gladiators,21 - 41,Coritiba Crocodiles,liga-brasileira-2011,Joinville/SC,,,
2011-09-24 14:00:00,Istepôs FA,19 - 00,Foz Black Sharks,liga-brasileira-2011,Tijucas/SC,,,
2011-10-08 14:00:00,Foz Black Sharks,14 - 33,JEC Gladiators,liga-brasileira-2011,Foz do Iguaçu/PR,,,
2011-10-08 14:00:00,Istepôs FA,13 - 26,Coritiba Crocodiles,liga-brasileira-2011,São José/SC,,,
2011-10-08 14:00:00,Santa Cruz Chacais,06 - 23,Porto Alegre Pumpkins,liga-brasileira-2011,Santa Cruz do Sul/RS,,,
2011-10-22 14:00:00,Porto Alegre Pumpkins,00 - 19,Brown Spiders,liga-brasileira-2011,Porto Alegre/RS,,,
2011-10-22 14:00:00,JEC Gladiators,13 - 14,Istepôs FA,liga-brasileira-2011,Joinville/SC,,,
2011-10-22 14:00:00,Santa Cruz Chacais,00 - 34,Coritiba Crocodiles,liga-brasileira-2011,Santa Cruz do Sul/RS,,,
2011-10-30 14:00:00,Brown Spiders,16 - 14,JEC Gladiators,liga-brasileira-2011,Curitiba/PR,,,
2011-11-05 14:00:00,Cuiabá Arsenal,22 - 17,São Paulo Storm,liga-brasileira-2011,,,,
2011-11-20 14:00:00,Fluminense Imperadores,24 - 21,Cuiabá Arsenal,liga-brasileira-2011,,,,
2011-11-05 14:00:00,Istepôs FA,16 - 29,Joinville Gladiators,liga-brasileira-2011,,,,
2011-11-06 14:00:00,Coritiba Crocodiles,20 - 14,Brown Spiders,liga-brasileira-2011,,,,
2011-11-20 14:30:00,Coritiba Crocodiles,17 - 09,Joinville Gladiators,liga-brasileira-2011,,,,
2011-12-10 14:00:00,Coritiba Crocodiles,07 - 14,Fluminense Imperadores,liga-brasileira-2011,,,,
2010-07-24 14:00:00,Fluminense Imperadores,31 - 06,Locomotiva FA,liga-brasileira-2010,Rio de Janeiro/RJ,,,
2010-07-31 14:00:00,Tubarões do Cerrado,06 - 07,Corinthians Steamrollers,liga-brasileira-2010,Sobradinho/DF,,,
2010-08-08 14:00:00,Sorocaba Vipers,00 - 47,Fluminense Imperadores,liga-brasileira-2010,Salto de Pirapora/SP,,,
2010-08-15 14:00:00,Cuiabá Arsenal,20 - 00,Tubarões do Cerrado,liga-brasileira-2010,Chapada dos Guimarães/MT,,,
2010-08-21 14:00:00,Locomotiva FA,15 - 06,Sorocaba Vipers,liga-brasileira-2010,Santa Luzia/MG,,,
2010-08-28 14:00:00,Corinthians Steamrollers,22 - 26,Cuiabá Arsenal,liga-brasileira-2010,Taboão da Serra/SP,,,
2010-09-05 14:00:00,Tubarões do Cerrado,31 - 00,Sorocaba Vipers,liga-brasileira-2010,Brasília/DF,,,
2010-09-07 14:00:00,Cuiabá Arsenal,13 - 14,Fluminense Imperadores,liga-brasileira-2010,Chapada dos Guimarães/MT,,,
2010-09-11 14:00:00,Corinthians Steamrollers,39 - 07,Locomotiva FA,liga-brasileira-2010,Taboão da Serra/SP,,,
2010-09-25 14:00:00,Locomotiva FA,06 - 07,Tubarões do Cerrado,liga-brasileira-2010,Belo Horizonte/MG,,,
2010-09-25 14:00:00,Sorocaba Vipers,08 - 39,Cuiabá Arsenal,liga-brasileira-2010,Salto de Pirapora/SP,,,
2010-09-26 14:00:00,Fluminense Imperadores,23 - 20,Corinthians Steamrollers,liga-brasileira-2010,Rio de Janeiro/RJ,,,
2010-10-10 14:00:00,Sorocaba Vipers,07 - 00,Locomotiva FA,liga-brasileira-2010,Sorocaba/SP,,,
2010-10-10 14:00:00,Cuiabá Arsenal,41 - 42,Corinthians Steamrollers,liga-brasileira-2010,Cuiabá/MT,,,
2010-10-23 14:00:00,Corinthians Steamrollers,26 - 13,Tubarões do Cerrado,liga-brasileira-2010,Mococa/SP,,,
2010-10-23 14:00:00,Locomotiva FA,00 - 48,Fluminense Imperadores,liga-brasileira-2010,Santa Luzia/MG,,,
2010-11-13 14:00:00,Tubarões do Cerrado,06 - 03,Cuiabá Arsenal,liga-brasileira-2010,Brasília/DF,,,
2010-11-14 14:00:00,Fluminense Imperadores,56 - 07,Sorocaba Vipers,liga-brasileira-2010,Rio de Janeiro/RJ,,,
2010-07-31 14:00:00,Brown Spiders,13 - 15,Foz Black Sharks,liga-brasileira-2010,Campo Largo/PR,,,
2010-08-07 14:00:00,Coritiba Crocodiles,23 - 14,T-Rex,liga-brasileira-2010,Balsa Nova/PR,,,
2010-08-08 14:00:00,São Paulo Storm,33 - 07,Brusque Admirals,liga-brasileira-2010,Salto de Pirapora/SP,,,
2010-08-21 14:00:00,T-Rex,27 - 34,JEC Gladiators,liga-brasileira-2010,Timbó/SC,,,
2010-08-22 14:00:00,Brusque Admirals,16 - 46,Brown Spiders,liga-brasileira-2010,Brusque/SC,,,
2010-08-22 14:00:00,Foz Black Sharks,20 - 09,São Paulo Storm,liga-brasileira-2010,Foz do Iguaçu/PR,,,
2010-08-28 14:00:00,Porto Alegre Pumpkins,07 - 26,Coritiba Crocodiles,liga-brasileira-2010,Porto Alegre/RS,,,
2010-09-05 14:00:00,São Paulo Storm,15 - 03,Brown Spiders,liga-brasileira-2010,São Paulo/SP,,,
2010-09-05 14:00:00,Brusque Admirals,06 - 22,Foz Black Sharks,liga-brasileira-2010,Brusque/SC,,,
2010-09-11 14:00:00,Coritiba Crocodiles,35 - 08,JEC Gladiators,liga-brasileira-2010,Balsa Nova/PR,,,
2010-09-18 14:00:00,Porto Alegre Pumpkins,00 - 14,T-Rex,liga-brasileira-2010,Porto Alegre/RS,,,
2010-09-19 14:00:00,Foz Black Sharks,33 - 07,Brown Spiders,liga-brasileira-2010,Foz do Iguaçu/PR,,,
2010-09-26 14:00:00,Brusque Admirals,12 - 36,São Paulo Storm,liga-brasileira-2010,Brusque/SC,,,
2010-10-09 14:00:00,T-Rex,00 - 49,Coritiba Crocodiles,liga-brasileira-2010,Timbó/SC,,,
2010-10-10 14:00:00,JEC Gladiators,20 - 19,Porto Alegre Pumpkins,liga-brasileira-2010,Joinville/SC,,,
2010-10-17 14:00:00,São Paulo Storm,08 - 06,Foz Black Sharks,liga-brasileira-2010,São Paulo/SP,,,
2010-10-23 14:00:00,JEC Gladiators,13 - 00,T-Rex,liga-brasileira-2010,Joinville/SC,,,
2010-10-23 14:00:00,Coritiba Crocodiles,24 - 00,Porto Alegre Pumpkins,liga-brasileira-2010,Balsa Nova/PR,,,
2010-11-06 14:00:00,Porto Alegre Pumpkins,12 - 16,JEC Gladiators,liga-brasileira-2010,São Leopoldo/RS,,,
2010-11-07 14:00:00,Brown Spiders,28 - 00,Brusque Admirals,liga-brasileira-2010,Curitiba/PR,,,
2010-11-13 14:00:00,Brown Spiders,20 - 26,São Paulo Storm,liga-brasileira-2010,Curitiba/PR,,,
2010-11-13 14:00:00,JEC Gladiators,22 - 17,Coritiba Crocodiles,liga-brasileira-2010,Joinville/SC,,,
2010-11-14 14:00:00,Foz Black Sharks,80 - 00,Brusque Admirals,liga-brasileira-2010,Foz do Iguaçu/PR,,,
2010-11-27 14:00:00,T-Rex,49 - 00,Porto Alegre Pumpkins,liga-brasileira-2010,Timbó/SC,,,
2010-11-28 14:00:00,Corinthians Steamrollers,22 - 37,Cuiabá Arsenal,liga-brasileira-2010,,,,
2010-12-04 14:00:00,Fluminense Imperadores,14 - 17,Cuiabá Arsenal,liga-brasileira-2010,,,,
2010-11-27 14:00:00,Foz do Iguaçu Black Sharks,12 - 22,Joinville Gladiators,liga-brasileira-2010,,,,
2010-11-28 14:00:00,Coritiba Crocodiles,13 - 12,São Paulo Storm,liga-brasileira-2010,,,,
2010-12-04 14:00:00,Coritiba Crocodiles,19 - 13,Joinville Gladiators,liga-brasileira-2010,,,,
2010-12-18 15:00:00,Cuiabá Arsenal,49 - 21,Coritiba Crocodiles,liga-brasileira-2010,,,,
2015-08-23 14:00:00,Ponte Preta Gorilas,06 - 14,Sorocaba Vipers,liga-nacional-2015,Campinas/SP,,,
2015-09-06 14:00:00,Desportiva Piratas,08 - 28,Ponte Preta Gorilas,liga-nacional-2015,Vila Velha/ES,,,
2015-09-20 14:00:00,Desportiva Piratas,00 - 46,Sorocaba Vipers,liga-nacional-2015,Vila Velha/ES,,,
2015-10-04 14:00:00,Sorocaba Vipers,56 - 25,Ponte Preta Gorilas,liga-nacional-2015,C. E. Jardim Simus - Sorocaba/SP,,,
2015-10-18 14:00:00,Sorocaba Vipers,49 - 00,Desportiva Piratas,liga-nacional-2015,W.O.,,,
2015-11-08 14:00:00,Ponte Preta Gorilas,49 - 00,Desportiva Piratas,liga-nacional-2015,W.O.,,,
2015-08-23 14:00:00,CG Predadores,31 - 28,Sinop Coyotes,liga-nacional-2015,Campo Grande/MS,,,
2015-09-06 14:00:00,Operário Gravediggers,49 - 00,Sorriso Hornets,liga-nacional-2015,Centro Olímpico Vila Nasser - Campo Grande/MS,,,
2015-09-20 14:00:00,CG Predadores,27 - 00,Operário Gravediggers,liga-nacional-2015,Campo do Paulo VI - Campo Grande/MS,,,
2015-09-20 14:00:00,Sinop Coyotes,17 - 00,Sorriso Hornets,liga-nacional-2015,Sinop/MT,,,
2015-10-04 17:30:00,Sinop Coyotes,09 - 07,Operário Gravediggers,liga-nacional-2015,Estádio Gigante do Norte - Sinop/MT,,,
2015-10-11 14:00:00,Sorriso Hornets,19 - 48,CG Predadores,liga-nacional-2015,Sorriso/MT,,,
2015-11-08 14:00:00,Operário Gravediggers,20 - 07,CG Predadores,liga-nacional-2015,Centro Olímpico Vila Nasser - Campo Grande/MS,,,
2015-11-08 14:00:00,Sorriso Hornets,13 - 19,Sinop Coyotes,liga-nacional-2015,Sorriso/MT,,,
2015-08-30 14:00:00,Gama Leões de Judá,07 - 06,Brasília V8,liga-nacional-2015,Brasília/DF,,,
2015-09-13 14:00:00,Brasília V8,33 - 00,Brasília Alligators,liga-nacional-2015,Brasília/DF,,,
2015-09-27 14:00:00,Brasília Alligators,06 - 33,Gama Leões de Judá,liga-nacional-2015,Brasília/DF,,,
2015-10-11 14:00:00,Brasília V8,15 - 18,Gama Leões de Judá,liga-nacional-2015,Brasília/DF,,,
2015-10-25 14:00:00,Brasília Alligators,14 - 43,Brasília V8,liga-nacional-2015,Brasília/DF,,,
2015-11-08 14:00:00,Gama Leões de Judá,34 - 00,Brasília Alligators,liga-nacional-2015,Brasília/DF,,,
2015-08-23 14:00:00,JEC Gladiators,29 - 16,Porto Alegre Pumpkins,liga-nacional-2015,Joinville/SC,,,
2015-08-23 14:00:00,Santa Maria Soldiers,25 - 07,Canoas Bulls,liga-nacional-2015,Santa Maria/RS,,,
2015-09-20 14:00:00,Canoas Bulls,06 - 26,JEC Gladiators,liga-nacional-2015,Porto Alegre/RS,,,
2015-09-20 14:00:00,Porto Alegre Pumpkins,06 - 16,Santa Maria Soldiers,liga-nacional-2015,Porto Alegre/RS,,,
2015-10-04 14:00:00,JEC Gladiators,13 - 07,Santa Maria Soldiers,liga-nacional-2015,Joinville/SC,,,
2015-10-18 14:00:00,Canoas Bulls,09 - 42,Porto Alegre Pumpkins,liga-nacional-2015,Porto Alegre/RS,,,
2015-10-31 14:00:00,Porto Alegre Pumpkins,16 - 27,JEC Gladiators,liga-nacional-2015,Porto Alegre/RS,,,
2015-11-08 14:00:00,Santa Maria Soldiers,55 - 00,Canoas Bulls,liga-nacional-2015,Santa Maria/RS,,,
2015-11-22 14:00:00,Leões de Judá,13 - 31,Campo Grande Predadores,liga-nacional-2015,,,,
2015-11-22 14:30:00,Sorocaba Vipers,26 - 18,Joinville Gladiators,liga-nacional-2015,,,,
2015-12-06 14:00:00,Sorocaba Vipers,14 - 06,Campo Grande Predadores,liga-nacional-2015,,,,
2014-07-26 14:00:00,Santa Maria Soldiers,27 - 30,Itapema White Sharks,liga-nacional-2014,Santa Maria/RS,,,
2014-07-26 14:00:00,Foz Black Sharks,16 - 15,UFPR Legends,liga-nacional-2014,Foz do Iguaçu/PR,,,
2014-08-16 14:00:00,Santa Maria Soldiers,09 - 36,Foz Black Sharks,liga-nacional-2014,Santa Maria/RS,,,
2014-08-17 14:00:00,Itapema White Sharks,49 - 37,Porto Alegre Pumpkins,liga-nacional-2014,Itapema/SC,,,
2014-09-06 14:00:00,UFPR Legends,16 - 18,Itapema White Sharks,liga-nacional-2014,UFPR Campus de Agrárias - Curitiba/PR,,,
2014-09-06 14:00:00,Porto Alegre Pumpkins,08 - 29,Santa Maria Soldiers,liga-nacional-2014,Porto Alegre/RS,,,
2014-09-27 14:00:00,Itapema White Sharks,26 - 20,Foz Black Sharks,liga-nacional-2014,Itapema/SC,,,
2014-09-27 14:00:00,Porto Alegre Pumpkins,34 - 20,UFPR Legends,liga-nacional-2014,Porto Alegre/RS,,,
2014-10-18 14:00:00,Foz Black Sharks,49 - 20,Porto Alegre Pumpkins,liga-nacional-2014,Foz do Iguaçu/PR,,,
2014-10-18 14:00:00,UFPR Legends,21 - 00,Santa Maria Soldiers,liga-nacional-2014,W.O.,,,
2014-07-26 14:00:00,Brasília Alligators,14 - 25,Goiânia Tigres,liga-nacional-2014,Brasília/DF,,,
2014-07-26 14:00:00,Campo Grande Cobras,07 - 34,Sinop Coyotes,liga-nacional-2014,Campo Grande/MS,,,
2014-08-03 14:00:00,Jacarés do Pantanal,28 - 23,Gama Leões de Judá,liga-nacional-2014,Campo Grande/MS,,,
2014-08-16 14:00:00,Sinop Coyotes,21 - 00,Jacarés do Pantanal,liga-nacional-2014,Sinop/MT,,,
2014-08-17 14:00:00,Brasília Alligators,24 - 20,Campo Grande Cobras,liga-nacional-2014,Brasília/DF,,,
2014-08-17 14:00:00,Gama Leões de Judá,11 - 32,Goiânia Tigres,liga-nacional-2014,Brasília/DF,,,
2014-09-06 14:00:00,Jacarés do Pantanal,31 - 14,Brasília Alligators,liga-nacional-2014,Campo Grande/MS,,,
2014-09-06 14:00:00,Gama Leões de Judá,06 - 18,Sinop Coyotes,liga-nacional-2014,Brasília/DF,,,
2014-09-06 14:00:00,Goiânia Tigres,40 - 27,Campo Grande Cobras,liga-nacional-2014,Goiânia/GO,,,
2014-10-18 14:00:00,Brasília Alligators,10 - 06,Gama Leões de Judá,liga-nacional-2014,Brasília/DF,,,
2014-10-18 14:00:00,Campo Grande Cobras,33 - 26,Jacarés do Pantanal,liga-nacional-2014,Campo Grande/MS,,,
2014-10-18 14:00:00,Sinop Coyotes,30 - 15,Goiânia Tigres,liga-nacional-2014,Sinop/MT,,,
2014-08-16 14:00:00,Desportiva Piratas,49 - 00,São Raimundo C. Cavaliers,liga-nacional-2014,W.O.,,,
2014-08-17 10:00:00,Sorocaba Vipers,10 - 07,Brown Spiders,liga-nacional-2014,Clube Recreativo Campestre - Sorocaba/SP,,,
2014-09-07 14:00:00,Desportiva Piratas,08 - 32,Cabritos FA,liga-nacional-2014,Vila Velha/ES,,,
2014-09-07 14:00:00,Brown Spiders,07 - 17,Sorocaba Vipers,liga-nacional-2014,Curitiba/PR,,,
2014-09-27 14:00:00,Cabritos FA,59 - 00,Desportiva Piratas,liga-nacional-2014,Serra/ES,,,
2014-09-27 14:00:00,Sorocaba Vipers,49 - 00,São Raimundo C. Cavaliers,liga-nacional-2014,W.O.,,,
2014-09-28 14:00:00,Brown Spiders,49 - 00,São Raimundo C. Cavaliers,liga-nacional-2014,W.O.,,,
2014-10-18 14:00:00,Cabritos FA,00 - 03,Brown Spiders,liga-nacional-2014,Serra/ES,,,
2014-10-18 14:00:00,Sorocaba Vipers,39 - 03,Desportiva Piratas,liga-nacional-2014,C. E. Jorn. Armando Barchelli - Sorocaba/SP,,,
2014-10-26 14:00:00,Cabritos FA,49 - 00,São Raimundo C. Cavaliers,liga-nacional-2014,W.O.,,,
2014-11-15 10:00:00,Sinop Coyotes,07 - 31,Foz do Iguaçu Black Sharks,liga-nacional-2014,,,,
2014-11-15 14:00:00,Itapema White Sharks,45 - 16,Sorocaba Vipers,liga-nacional-2014,,,,
2014-11-16 10:00:00,Sinop Coyotes,08 - 13,Sorocaba Vipers,liga-nacional-2014,,,,
2014-11-16 14:00:00,Itapema White Sharks,27 - 38,Foz do Iguaçu Black Sharks,liga-nacional-2014,,,,
2017-07-01 19:00:00,Cavalaria 2 de Julho,24 - 00,Tropa Campina,bfa-2017,Salvador Arena Club - Salvador/BA,,,
2017-07-02 14:00:00,Santa Cruz Pirates,00 - 71,Recife Mariners,bfa-2017,Estádio Grito da República - Olinda/PE,,,
2017-07-02 15:00:00,América Bulls,06 - 30,João Pessoa Espectros,bfa-2017,Arena das Dunas - Natal/RN,,,
2017-07-09 16:00:00,Ceará Caçadores,26 - 07,Mossoró Petroleiros,bfa-2017,Estádio Presidente Vargas - Fortaleza/CE,,,
2017-07-22 16:00:00,Tropa Campina,00 - 24,Ceará Caçadores,bfa-2017,O Amigão - Campina Grande/PB,,,
2017-07-23 14:00:00,João Pessoa Espectros,30 - 06,Cavalaria 2 de Julho,bfa-2017,Vila Olímpica Parahyba - João Pessoa/PB,,,
2017-07-23 14:00:00,Mossoró Petroleiros,21 - 00,Santa Cruz Pirates,bfa-2017,Estádio Nogueirão - Mossoró/RN,,,
2017-08-06 14:00:00,João Pessoa Espectros,61 - 12,Mossoró Petroleiros,bfa-2017,Vila Olímpica Parahyba - João Pessoa/PB,,,
2017-08-06 14:00:00,Cavalaria 2 de Julho,00 - 34,Recife Mariners,bfa-2017,Salvador Arena Club - Salvador/BA,,,
2017-08-06 15:00:00,Tropa Campina,22 - 18,Santa Cruz Pirates,bfa-2017,O Amigão - Campina Grande/PB,,,
2017-08-06 16:00:00,Ceará Caçadores,37 - 16,América Bulls,bfa-2017,Estádio Presidente Vargas - Fortaleza/CE,,,
2017-08-19 19:00:00,Cavalaria 2 de Julho,36 - 30,Mossoró Petroleiros,bfa-2017,Salvador Arena Club - Salvador/BA,,,
2017-08-20 14:00:00,Recife Mariners,14 - 23,Ceará Caçadores,bfa-2017,Arena de Pernambuco - São Lourenço da Mata/PE,,,
2017-08-20 14:00:00,Santa Cruz Pirates,00 - 64,João Pessoa Espectros,bfa-2017,Vila Olímpica Parahyba - João Pessoa/PB,,,
2017-08-20 15:00:00,América Bulls,49 - 06,Tropa Campina,bfa-2017,Arena das Dunas - Natal/RN,,,
2017-09-03 14:00:00,João Pessoa Espectros,36 - 06,Ceará Caçadores,bfa-2017,Vila Olímpica Parahyba - João Pessoa/PB,,,
2017-09-03 14:00:00,Santa Cruz Pirates,20 - 24,Cavalaria 2 de Julho,bfa-2017,Clube das Águias - Recife/PE,,,
2017-09-03 14:00:00,Tropa Campina,06 - 72,Recife Mariners,bfa-2017,O Amigão - Campina Grande/PB,,,
2017-09-03 15:00:00,Mossoró Petroleiros,39 - 33,América Bulls,bfa-2017,Estádio Nogueirão - Mossoró/RN,,,
2017-09-10 14:30:00,Recife Mariners,26 - 06,América Bulls,bfa-2017,Arena de Pernambuco - São Lourenço da Mata/PE,,,
2017-09-16 16:00:00,América Bulls,03 - 23,Cavalaria 2 de Julho,bfa-2017,Arena das Dunas - Natal/RN,,,
2017-09-17 14:30:00,Recife Mariners,06 - 31,João Pessoa Espectros,bfa-2017,Arena de Pernambuco - São Lourenço da Mata/PE,,,
2017-09-24 14:00:00,Ceará Caçadores,33 - 08,Santa Cruz Pirates,bfa-2017,Estádio Murilão - Fortaleza/CE,,,
2017-09-24 15:00:00,Mossoró Petroleiros,61 - 00,Tropa Campina,bfa-2017,Estádio Nogueirão - Mossoró/RN,,,
2017-07-15 18:00:00,Goiânia Rednecks,33 - 23,CG Predadores,bfa-2017,SESI Ferreira Pacheco - Goiânia/GO,,,
2017-07-16 16:30:00,Sinop Coyotes,13 - 34,Cuiabá Arsenal,bfa-2017,Estádio Gigante do Norte - Sinop/MT,,,
2017-07-29 14:00:00,Cuiabá Arsenal,29 - 22,Tubarões do Cerrado,bfa-2017,Monteirão - Acorizal/MT,,,
2017-07-29 14:00:00,CG Predadores,19 - 17,Sinop Coyotes,bfa-2017,Morenão - Campo Grande/MS,,,
2017-08-12 14:00:00,Cuiabá Arsenal,38 - 00,CG Predadores,bfa-2017,Monteirão - Acorizal/MT,,,
2017-08-12 14:00:00,Tubarões do Cerrado,29 - 00,Goiânia Rednecks,bfa-2017,Estádio Mané Garrincha - Brasília/DF,,,
2017-08-26 14:00:00,CG Predadores,12 - 13,Tubarões do Cerrado,bfa-2017,Centro Olímpico Vila Nasser - Campo Grande/MS,,,
2017-08-26 17:00:00,Sinop Coyotes,19 - 12,Goiânia Rednecks,bfa-2017,Estádio Gigante do Norte - Sinop/MT,,,
2017-09-09 14:00:00,Tubarões do Cerrado,42 - 00,Sinop Coyotes,bfa-2017,Estádio Mané Garrincha - Brasília/DF,,,
2017-09-16 18:00:00,Goiânia Rednecks,14 - 44,Cuiabá Arsenal,bfa-2017,SESI Ferreira Pacheco - Goiânia/GO,,,
2017-07-02 14:00:00,Botafogo Reptiles,03 - 00,Flamengo Imperadores,bfa-2017,Estádio Ronaldo Nazário - Rio de Janeiro/RJ,,,
2017-07-08 18:00:00,Tritões FA,18 - 24,Vasco Almirantes,bfa-2017,Estádio Kléber Andrade - Cariacica/ES,,,
2017-07-16 14:00:00,Locomotiva FA,00 - 42,Sada Cruzeiro,bfa-2017,Arena do Calçado - Nova Serrana/MG,,,
2017-07-22 14:00:00,Flamengo Imperadores,16 - 30,Vasco Almirantes,bfa-2017,C. E. Miécimo da Silva - Rio de Janeiro/RJ,,,
2017-07-29 18:00:00,Tritões FA,27 - 00,São Paulo Storm,bfa-2017,Estádio Kléber Andrade - Cariacica/ES,,,
2017-08-05 13:00:00,Locomotiva FA,16 - 26,Botafogo Reptiles,bfa-2017,Estádio Ernestão - Brumadinho/MG,,,
2017-08-05 18:00:00,Sada Cruzeiro,26 - 07,Flamengo Imperadores,bfa-2017,SESC Venda Nova - Belo Horizonte/MG,,,
2017-08-12 14:00:00,Vasco Almirantes,30 - 06,Corinthians Steamrollers,bfa-2017,C. E. Miécimo da Silva - Rio de Janeiro/RJ,,,
2017-08-19 14:00:00,Botafogo Reptiles,30 - 00,São Paulo Storm,bfa-2017,Estádio Ronaldo Nazário - Rio de Janeiro/RJ,,,
2017-08-19 14:00:00,Santos Tsunami,00 - 58,Sada Cruzeiro,bfa-2017,CT Meninos da Vila - Santos/SP,,,
2017-08-26 14:00:00,Guarulhos Rhynos,36 - 00,Locomotiva FA,bfa-2017,Estádio do Canindé - São Paulo/SP,,,
2017-08-26 14:00:00,Flamengo Imperadores,49 - 00,Corinthians Steamrollers,bfa-2017,Centro de Futebol Zico - Rio de Janeiro/RJ,,,
2017-09-02 14:00:00,Guarulhos Rhynos,30 - 14,Botafogo Reptiles,bfa-2017,Ninho do Corvo - Guarulhos/SP,,,
2017-09-02 14:00:00,Locomotiva FA,07 - 30,Tritões FA,bfa-2017,Estádio Ernestão - Brumadinho/MG,,,
2017-09-02 14:00:00,Vasco Almirantes,49 - 00,Santos Tsunami,bfa-2017,W.O.,,,
2017-09-10 10:00:00,Corinthians Steamrollers,00 - 42,Sada Cruzeiro,bfa-2017,Ninho do Corvo - Guarulhos/SP,,,
2017-09-10 14:00:00,São Paulo Storm,14 - 13,Guarulhos Rhynos,bfa-2017,Ninho do Corvo - Guarulhos/SP,,,
2017-09-16 14:00:00,São Paulo Storm,14 - 00,Locomotiva FA,bfa-2017,Ninho do Corvo - Guarulhos/SP,,,
2017-09-16 14:00:00,Santos Tsunami,00 - 49,Flamengo Imperadores,bfa-2017,W.O.,,,
2017-09-16 17:00:00,Tritões FA,20 - 14,Guarulhos Rhynos,bfa-2017,Estádio Kléber Andrade - Cariacica/ES,,,
2017-09-23 17:00:00,Sada Cruzeiro,48 - 00,Vasco Almirantes,bfa-2017,SESC Venda Nova - Belo Horizonte/MG,,,
2017-09-30 14:00:00,Corinthians Steamrollers,06 - 10,São Paulo Storm,bfa-2017,Ninho do Corvo - Guarulhos/SP,,,
2017-09-30 14:00:00,Santos Tsunami,00 - 49,Guarulhos Rhynos,bfa-2017,W.O.,,,
2017-09-30 14:00:00,Botafogo Reptiles,07 - 13,Tritões FA,bfa-2017,Estádio Ronaldo Nazário - Rio de Janeiro/RJ,,,
2017-10-01 14:00:00,Corinthians Steamrollers,49 - 00,Santos Tsunami,bfa-2017,W.O.,,,
2017-07-08 14:00:00,Istepôs FA,06 - 20,Coritiba Crocodiles,bfa-2017,Colégio Forquilhão - São José/SC,,,
2017-07-08 14:00:00,Juventude FA,00 - 22,Santa Maria Soldiers,bfa-2017,SESI - Caxias do Sul/RS,,,
2017-07-09 13:30:00,Paraná HP,34 - 06,Brown Spiders,bfa-2017,Croco Stadium - Curitiba/PR,,,
2017-07-22 14:00:00,Santa Maria Soldiers,35 - 12,Brown Spiders,bfa-2017,Estádio Presidente Vargas - Santa Maria/RS,,,
2017-07-22 15:00:00,Juventude FA,06 - 28,Istepôs FA,bfa-2017,SESI - Caxias do Sul/RS,,,
2017-07-23 14:00:00,T-Rex,34 - 07,Paraná HP,bfa-2017,Complexo Esportivo - Timbó/SC,,,
2017-08-05 14:00:00,Santa Maria Soldiers,31 - 21,Coritiba Crocodiles,bfa-2017,Estádio Presidente Vargas - Santa Maria/RS,,,
2017-08-05 14:30:00,T-Rex,27 - 00,Juventude FA,bfa-2017,Complexo Esportivo - Timbó/SC,,,
2017-08-06 14:30:00,Istepôs FA,16 - 07,Brown Spiders,bfa-2017,Colégio Forquilhão - São José/SC,,,
2017-08-19 14:00:00,Coritiba Crocodiles,47 - 00,Juventude FA,bfa-2017,Croco Stadium - Curitiba/PR,,,
2017-08-20 10:00:00,Paraná HP,00 - 03,Santa Maria Soldiers,bfa-2017,Croco Stadium - Curitiba/PR,,,
2017-08-20 14:30:00,Brown Spiders,03 - 30,T-Rex,bfa-2017,Croco Stadium - Curitiba/PR,,,
2017-09-02 14:00:00,Santa Maria Soldiers,13 - 14,T-Rex,bfa-2017,Estádio Presidente Vargas - Santa Maria/RS,,,
2017-09-02 14:00:00,Brown Spiders,13 - 41,Coritiba Crocodiles,bfa-2017,Croco Stadium - Curitiba/PR,,,
2017-09-03 14:00:00,Paraná HP,20 - 11,Istepôs FA,bfa-2017,Croco Stadium - Curitiba/PR,,,
2017-09-16 14:00:00,Brown Spiders,17 - 19,Juventude FA,bfa-2017,Croco Stadium - Curitiba/PR,,,
2017-09-17 14:00:00,Coritiba Crocodiles,12 - 23,Paraná HP,bfa-2017,Croco Stadium - Curitiba/PR,,,
2017-09-17 14:30:00,T-Rex,42 - 00,Istepôs FA,bfa-2017,Complexo Esportivo - Timbó/SC,,,
2017-09-30 14:00:00,Juventude FA,12 - 17,Paraná HP,bfa-2017,SESI - Caxias do Sul/RS,,,
2017-09-30 14:30:00,Istepôs FA,00 - 20,Santa Maria Soldiers,bfa-2017,Colégio Forquilhão - São José/SC,,,
2017-10-01 14:00:00,Coritiba Crocodiles,12 - 22,T-Rex,bfa-2017,Croco Stadium - Curitiba/PR,,,
2017-10-08 14:00:06,João Pessoa Espectros,33 - 02,Cavalaria 2 de Julho,bfa-2017,,,,
2017-10-08 16:00:06,Ceará Caçadores,13 - 07,Recife Mariners,bfa-2017,,,,
2017-10-29 14:00:06,João Pessoa Espectros,40 - 00,Ceará Caçadores,bfa-2017,,,,
2017-10-07 14:00:06,Tubarões do Cerrado,32 - 13,Goiânia Rednecks,bfa-2017,,,,
2017-10-07 16:00:06,Cuiabá Arsenal,40 - 12,Sinop Coyotes,bfa-2017,,,,
2017-10-21 15:00:06,Cuiabá Arsenal,19 - 10,Tubarões do Cerrado,bfa-2017,,,,
2017-10-14 14:00:06,Tritões FA,21 - 07,Vasco Almirantes,bfa-2017,,,,
2017-10-14 17:30:06,Sada Cruzeiro,33 - 06,Botafogo Reptiles,bfa-2017,,,,
2017-10-28 18:00:06,Sada Cruzeiro,21 - 07,Tritões FA,bfa-2017,,,,
2017-10-14 14:00:06,Santa Maria Soldiers,09 - 00,Paraná HP,bfa-2017,,,,
2017-10-15 14:30:06,Timbó Rex,07 - 10,Coritiba Crocodiles,bfa-2017,,,,
2017-10-28 15:00:06,Santa Maria Soldiers,06 - 35,Coritiba Crocodiles,bfa-2017,,,,
2017-11-19 16:00:06,João Pessoa Espectros,40 - 21,Cuiabá Arsenal,bfa-2017,,,,
2017-11-18 16:00:06,Coritiba Crocodiles,10 - 17,Sada Cruzeiro,bfa-2017,,,,
2017-12-10 17:00:42,Sada Cruzeiro,30 - 13,João Pessoa Espectros,bfa-2017,,,,
2017-07-08 14:00:00,Olinda Sharks,22 - 06,Roma Gladiadores,liga-nordeste-2017,Estádio Grito da República - Olinda/PE,,,
2017-07-08 16:00:00,Arcoverde Templários,08 - 06,São Luís Sharks,liga-nordeste-2017,Estádio Municipal - Arcoverde/PE,,,
2017-07-09 16:00:00,Caruaru Wolves,26 - 00,Recife Apaches,liga-nordeste-2017,Estádio da Vera Cruz - Caruaru/PE,,,
2017-07-16 15:00:00,Sergipe Redentores,20 - 14,Carrancas FA,liga-nordeste-2017,Complexo Esportivo do SESI - Aracaju/SE,,,
2017-07-29 14:00:00,Recife Apaches,14 - 16,Sergipe Redentores,liga-nordeste-2017,Estádio Grito da República - Olinda/PE,,,
2017-07-29 17:00:00,Carrancas FA,03 - 00,Maceió Marechais,liga-nordeste-2017,Estádio Paulo Coelho - Petrolina/PE,,,
2017-07-30 09:30:00,São Luís Sharks,40 - 16,Olinda Sharks,liga-nordeste-2017,Antiga Associação da Alumar - São Luís/MA,,,
2017-07-30 14:00:00,Roma Gladiadores,06 - 14,Parnamirim Scorpions,liga-nordeste-2017,Estádio do Bom Jardim - Fortaleza/CE,,,
2017-08-26 15:00:00,Roma Gladiadores,13 - 18,São Luís Sharks,liga-nordeste-2017,Estádio Municipal - Horizonte/CE,,,
2017-08-27 15:00:00,Parnamirim Scorpions,15 - 06,Arcoverde Templários,liga-nordeste-2017,Arena das Dunas - Natal/RN,,,
2017-08-27 15:00:00,Maceió Marechais,17 - 00,Sergipe Redentores,liga-nordeste-2017,Vila Olímpica Albano Franco - Maceió/AL,,,
2017-08-27 15:00:00,Caruaru Wolves,22 - 07,Carrancas FA,liga-nordeste-2017,Estádio da Vera Cruz - Caruaru/PE,,,
2017-09-16 18:00:00,Carrancas FA,14 - 20,Recife Apaches,liga-nordeste-2017,Estádio Paulo Coelho - Petrolina/PE,,,
2017-09-17 15:00:00,Maceió Marechais,27 - 20,Caruaru Wolves,liga-nordeste-2017,Estádio Rei Pelé - Maceió/AL,,,
2017-09-23 14:00:00,Olinda Sharks,06 - 26,Parnamirim Scorpions,liga-nordeste-2017,Estádio Grito da República - Olinda/PE,,,
2017-09-30 16:00:00,Arcoverde Templários,14 - 06,Roma Gladiadores,liga-nordeste-2017,Estádio Municipal - Arcoverde/PE,,,
2017-10-15 15:00:00,Parnamirim Scorpions,14 - 06,São Luís Sharks,liga-nordeste-2017,Arena das Dunas - Natal/RN,,,
2017-10-15 15:00:00,Sergipe Redentores,16 - 07,Caruaru Wolves,liga-nordeste-2017,Complexo Esportivo do SESI - Aracaju/SE,,,
2017-10-21 14:00:00,Recife Apaches,00 - 20,Maceió Marechais,liga-nordeste-2017,Estádio Gileno de Carli - Cabo de Sto. Agostinho/PE,,,
2017-10-21 16:00:00,Arcoverde Templários,25 - 14,Olinda Sharks,liga-nordeste-2017,Estádio Municipal - Arcoverde/PE,,,
2017-08-06 14:00:30,Recife Vikings,00 - 42,CSA Guerreiros,liga-nordeste-2017,,,,
2017-09-10 14:00:30,CSA Guerreiros,40 - 10,Recife Vikings,liga-nordeste-2017,,,,
2017-11-19 15:00:00,Maceió Marechais,36 - 13,Arcoverde Templários,liga-nordeste-2017,,,,
2017-11-19 16:00:00,Parnamirim Scorpions,29 - 26,Sergipe Redentores,liga-nordeste-2017,,,,
2017-12-17 15:00:00,Parnamirim Scorpions,35 - 27,Maceió Marechais,liga-nordeste-2017,,,,
2017-10-07 18:00:03,Goiânia Guarás,00 - 13,Brasília V8,copa-central-2017,,,,
2017-10-22 14:00:03,Brasília V8,22 - 06,Goiânia Guarás,copa-central-2017,,,,
2017-10-14 14:00:03,Santa Maria Bulldogs,33 - 14,Madkings FA,copa-central-2017,,,,
2017-10-28 14:00:03,Madkings FA,16 - 17,Santa Maria Bulldogs,copa-central-2017,,,,
2017-11-26 14:00:03,Madkings FA,34 - 20,Goiânia Guarás,copa-central-2017,,,,
2017-11-18 14:00:03,Brasília V8,12 - 07,Santa Maria Bulldogs,copa-central-2017,,,,
2018-07-21 17:00:00,Cavalaria 2 de Julho,02 - 12,Recife Mariners,bfa-2018,Salvador Arena Club - Salvador/BA,,,
2018-07-22 14:00:00,João Pessoa Espectros,72 - 05,Tropa Campina,bfa-2018,Vila Olímpica Parahyba - João Pessoa/PB,,,
2018-07-22 14:00:00,Mossoró Petroleiros,00 - 28,Ceará Caçadores,bfa-2018,Estádio Nogueirão - Mossoró/RN,,,
2018-07-22 15:00:00,América Bulls,49 - 27,Parnamirim Scorpions,bfa-2018,Arena das Dunas - Natal/RN,,,
2018-08-05 14:00:00,Recife Mariners,42 - 00,Mossoró Petroleiros,bfa-2018,Estádio Grito da República - Olinda/PE,,,
2018-08-05 15:00:00,Parnamirim Scorpions,00 - 16,Cavalaria 2 de Julho,bfa-2018,Frasqueirão - Natal/RN,,,
2018-08-05 15:00:00,Tropa Campina,22 - 55,América Bulls,bfa-2018,Estádio Presidente Vargas - Campina Grande/PB,,,
2018-08-05 16:00:00,Ceará Caçadores,14 - 17,João Pessoa Espectros,bfa-2018,Estádio Presidente Vargas - Fortaleza/CE,,,
2018-08-18 17:00:00,Cavalaria 2 de Julho,48 - 06,Tropa Campina,bfa-2018,Salvador Arena Club - Salvador/BA,,,
2018-08-19 14:00:00,João Pessoa Espectros,49 - 26,Recife Mariners,bfa-2018,Vila Olímpica Parahyba - João Pessoa/PB,,,
2018-08-19 15:00:00,América Bulls,49 - 53,Ceará Caçadores,bfa-2018,Arena das Dunas - Natal/RN,,,
2018-08-19 15:00:00,Mossoró Petroleiros,14 - 06,Parnamirim Scorpions,bfa-2018,Estádio Nogueirão - Mossoró/RN,,,
2018-09-01 14:00:00,Recife Mariners,49 - 12,Cavalaria 2 de Julho,bfa-2018,Estádio Grito da República - Olinda/PE,,,
2018-09-01 14:00:00,Tropa Campina,00 - 63,João Pessoa Espectros,bfa-2018,Estádio Presidente Vargas - Campina Grande/PB,,,
2018-09-02 14:00:00,Ceará Caçadores,47 - 14,Mossoró Petroleiros,bfa-2018,Estádio Murilão - Fortaleza/CE,,,
2018-09-02 15:00:00,Parnamirim Scorpions,03 - 54,América Bulls,bfa-2018,Campo do SAMU - Natal/RN,,,
2018-09-15 17:00:00,Cavalaria 2 de Julho,28 - 60,América Bulls,bfa-2018,Salvador Arena Club - Salvador/BA,,,
2018-09-16 14:00:00,Recife Mariners,23 - 19,Ceará Caçadores,bfa-2018,Estádio Grito da República - Olinda/PE,,,
2018-09-16 15:00:00,Mossoró Petroleiros,07 - 47,João Pessoa Espectros,bfa-2018,Estádio Nogueirão - Mossoró/RN,,,
2018-09-16 15:00:00,Parnamirim Scorpions,17 - 00,Tropa Campina,bfa-2018,Campo do SAMU - Natal/RN,,,
2018-09-29 14:00:00,Tropa Campina,00 - 65,Recife Mariners,bfa-2018,Estádio Presidente Vargas - Campina Grande/PB,,,
2018-09-30 14:00:00,João Pessoa Espectros,57 - 00,Cavalaria 2 de Julho,bfa-2018,Almeidão - João Pessoa/PB,,,
2018-09-30 14:00:00,Ceará Caçadores,34 - 07,Parnamirim Scorpions,bfa-2018,Estádio Murilão - Fortaleza/CE,,,
2018-09-30 15:00:00,América Bulls,46 - 39,Mossoró Petroleiros,bfa-2018,Campo do SAMU - Natal/RN,,,
2018-07-21 00:00:00,CG Predadores,49 - 00,Goiânia Rednecks,bfa-2018,W.O.,,,
2018-07-21 14:00:00,Gama Leões de Judá,54 - 03,Brasília Templários,bfa-2018,Abadião - Ceilândia/DF,,,
2018-07-29 16:00:00,Cuiabá Arsenal,06 - 24,Sorriso Hornets,bfa-2018,Arena Pantanal - Cuiabá/MT,,,
2018-08-04 00:00:00,Goiânia Rednecks,00 - 49,Gama Leões de Judá,bfa-2018,W.O.,,,
2018-08-04 14:00:00,Tubarões do Cerrado,62 - 06,Cuiabá Arsenal,bfa-2018,Abadião - Ceilândia/DF,,,
2018-08-04 18:00:00,Sorriso Hornets,17 - 13,CG Predadores,bfa-2018,Toca do Lobo - Sorriso/MT,,,
2018-08-18 00:00:00,Goiânia Rednecks,00 - 49,Sorriso Hornets,bfa-2018,W.O.,,,
2018-08-18 14:00:00,Tubarões do Cerrado,61 - 00,Brasília Templários,bfa-2018,Abadião - Ceilândia/DF,,,
2018-08-19 14:00:00,CG Predadores,07 - 13,Cuiabá Arsenal,bfa-2018,Estádio das Moreninhas - Campo Grande/MS,,,
2018-09-01 00:00:00,Cuiabá Arsenal,49 - 00,Goiânia Rednecks,bfa-2018,W.O.,,,
2018-09-01 14:00:00,Brasília Templários,06 - 33,CG Predadores,bfa-2018,UCB - Brasília/DF,,,
2018-09-02 14:00:00,Gama Leões de Judá,08 - 35,Tubarões do Cerrado,bfa-2018,Abadião - Ceilândia/DF,,,
2018-09-15 00:00:00,Goiânia Rednecks,00 - 49,Tubarões do Cerrado,bfa-2018,W.O.,,,
2018-09-15 18:00:00,Sorriso Hornets,65 - 00,Brasília Templários,bfa-2018,Toca do Lobo - Sorriso/MT,,,
2018-09-16 09:00:00,CG Predadores,09 - 14,Gama Leões de Judá,bfa-2018,Estádio das Moreninhas - Campo Grande/MS,,,
2018-09-29 11:00:00,Brasília Templários,00 - 49,Cuiabá Arsenal,bfa-2018,UCB - Brasília/DF,,,
2018-09-29 15:30:00,Tubarões do Cerrado,62 - 00,CG Predadores,bfa-2018,UCB - Brasília/DF,,,
2018-09-30 09:00:00,Gama Leões de Judá,12 - 10,Sorriso Hornets,bfa-2018,Abadião - Ceilândia/DF,,,
2018-10-13 00:00:00,Brasília Templários,49 - 00,Goiânia Rednecks,bfa-2018,W.O.,,,
2018-10-13 18:00:00,Sorriso Hornets,17 - 30,Tubarões do Cerrado,bfa-2018,Toca do Lobo - Sorriso/MT,,,
2018-10-13 20:00:00,Cuiabá Arsenal,21 - 12,Gama Leões de Judá,bfa-2018,Arena Pantanal - Cuiabá/MT,,,
2018-07-21 00:00:00,Vasco Almirantes,49 - 00,Juiz de Fora Imperadores,bfa-2018,W.O.,,,
2018-07-21 14:00:00,Locomotiva FA,15 - 13,Botafogo Reptiles,bfa-2018,Faculdade Universo - Belo Horizonte/MG,,,
2018-07-21 14:00:00,Tritões FA,14 - 34,Galo FA,bfa-2018,Toca do Índio - Vila Velha/ES,,,
2018-07-29 10:00:00,São Paulo Storm,20 - 19,Corinthians Steamrollers,bfa-2018,Estádio do Canindé - São Paulo/SP,,,
2018-07-29 14:00:00,Guarulhos Rhynos,10 - 21,Flamengo Imperadores,bfa-2018,Estádio do Canindé - São Paulo/SP,,,
2018-08-11 00:00:00,Juiz de Fora Imperadores,00 - 49,Galo FA,bfa-2018,W.O.,,,
2018-08-11 14:00:00,Locomotiva FA,21 - 14,Flamengo Imperadores,bfa-2018,Faculdade Universo - Belo Horizonte/MG,,,
2018-08-11 14:00:00,São Paulo Storm,15 - 18,Vasco Almirantes,bfa-2018,CT Touchdown - São Paulo/SP,,,
2018-08-11 14:00:00,Tritões FA,17 - 13,Botafogo Reptiles,bfa-2018,Toca do Índio - Vila Velha/ES,,,
2018-08-11 19:30:00,Corinthians Steamrollers,10 - 36,Guarulhos Rhynos,bfa-2018,Parque São Jorge - São Paulo/SP,,,
2018-08-25 00:00:00,Juiz de Fora Imperadores,00 - 49,Tritões FA,bfa-2018,W.O.,,,
2018-08-25 17:00:00,Galo FA,63 - 02,Locomotiva FA,bfa-2018,SESC Venda Nova - Belo Horizonte/MG,,,
2018-08-26 10:00:00,Botafogo Reptiles,48 - 00,Corinthians Steamrollers,bfa-2018,Estádio José de Alvarenga - Belford Roxo/RJ,,,
2018-08-26 14:30:00,Guarulhos Rhynos,20 - 07,São Paulo Storm,bfa-2018,Estádio do Canindé - São Paulo/SP,,,
2018-08-26 14:30:00,Vasco Almirantes,14 - 06,Flamengo Imperadores,bfa-2018,Estádio José de Alvarenga - Belford Roxo/RJ,,,
2018-09-08 10:00:00,Flamengo Imperadores,13 - 16,Botafogo Reptiles,bfa-2018,Rua Bariri - Rio de Janeiro/RJ,,,
2018-09-08 14:30:00,Vasco Almirantes,22 - 30,Guarulhos Rhynos,bfa-2018,Rua Bariri - Rio de Janeiro/RJ,,,
2018-09-15 17:00:00,Galo FA,65 - 00,São Paulo Storm,bfa-2018,SESC Venda Nova - Belo Horizonte/MG,,,
2018-09-16 10:00:00,Tritões FA,40 - 06,Corinthians Steamrollers,bfa-2018,Toca do Índio - Vila Velha/ES,,,
2018-09-29 00:00:00,São Paulo Storm,49 - 00,Juiz de Fora Imperadores,bfa-2018,W.O.,,,
2018-09-29 14:00:00,Botafogo Reptiles,22 - 18,Vasco Almirantes,bfa-2018,Rua Bariri - Rio de Janeiro/RJ,,,
2018-09-29 14:00:00,Locomotiva FA,24 - 30,Tritões FA,bfa-2018,Faculdade Universo - Belo Horizonte/MG,,,
2018-09-29 15:00:00,Corinthians Steamrollers,06 - 14,Flamengo Imperadores,bfa-2018,Suzanão - Suzano/SP,,,
2018-09-30 10:00:00,Guarulhos Rhynos,20 - 44,Galo FA,bfa-2018,Estádio do Canindé - São Paulo/SP,,,
2018-10-20 10:00:00,Flamengo Imperadores,04 - 14,Tritões FA,bfa-2018,Rua Bariri - Rio de Janeiro/RJ,,,
2018-10-20 14:30:00,Botafogo Reptiles,29 - 00,São Paulo Storm,bfa-2018,Rua Bariri - Rio de Janeiro/RJ,,,
2018-10-20 15:00:00,Galo FA,59 - 00,Vasco Almirantes,bfa-2018,SESC Venda Nova - Belo Horizonte/MG,,,
2018-10-20 15:00:00,Corinthians Steamrollers,06 - 43,Locomotiva FA,bfa-2018,Suzanão - Suzano/SP,,,
2018-07-21 14:00:00,Santa Maria Soldiers,49 - 14,Istepôs FA,bfa-2018,Estádio Presidente Vargas - Santa Maria/RS,,,
2018-07-22 14:00:00,Coritiba Crocodiles,21 - 00,Paraná HP,bfa-2018,Croco Stadium - Curitiba/PR,,,
2018-07-22 14:30:00,T-Rex,56 - 00,Juventude FA,bfa-2018,Complexo Esportivo - Timbó/SC,,,
2018-08-04 14:00:00,Paraná HP,27 - 20,Santa Maria Soldiers,bfa-2018,Croco Stadium - Curitiba/PR,,,
2018-08-05 14:00:00,Jaraguá Breakers,10 - 49,T-Rex,bfa-2018,Parque de Eventos Alfredo Pasold - Schroeder/SC,,,
2018-08-05 14:00:00,Istepôs FA,07 - 14,Coritiba Crocodiles,bfa-2018,Colégio Forquilhão - São José/SC,,,
2018-08-18 14:00:00,Santa Maria Soldiers,14 - 24,T-Rex,bfa-2018,Estádio Presidente Vargas - Santa Maria/RS,,,
2018-08-19 14:00:00,Coritiba Crocodiles,27 - 06,Jaraguá Breakers,bfa-2018,Croco Stadium - Curitiba/PR,,,
2018-08-19 14:00:00,Istepôs FA,30 - 00,Juventude FA,bfa-2018,Colégio Forquilhão - São José/SC,,,
2018-09-01 14:00:00,Juventude FA,00 - 38,Paraná HP,bfa-2018,CT do Juventude - Caxias do Sul/RS,,,
2018-09-01 14:00:00,Santa Maria Soldiers,03 - 00,Jaraguá Breakers,bfa-2018,Estádio Presidente Vargas - Santa Maria/RS,,,
2018-09-15 14:00:00,Coritiba Crocodiles,15 - 07,Santa Maria Soldiers,bfa-2018,Croco Stadium - Curitiba/PR,,,
2018-09-16 14:00:00,Istepôs FA,00 - 14,Paraná HP,bfa-2018,Campo do Ajax - Florianópolis/SC,,,
2018-09-16 14:30:00,Jaraguá Breakers,07 - 00,Juventude FA,bfa-2018,Parque de Eventos Alfredo Pasold - Schroeder/SC,,,
2018-09-29 14:00:00,Juventude FA,00 - 50,Coritiba Crocodiles,bfa-2018,CT do Juventude - Caxias do Sul/RS,,,
2018-09-30 14:00:00,Paraná HP,57 - 03,Jaraguá Breakers,bfa-2018,Croco Stadium - Curitiba/PR,,,
2018-09-30 14:30:00,T-Rex,61 - 00,Istepôs FA,bfa-2018,Complexo Esportivo - Timbó/SC,,,
2018-10-13 14:00:00,Juventude FA,00 - 44,Santa Maria Soldiers,bfa-2018,CT do Juventude - Caxias do Sul/RS,,,
2018-10-13 14:00:00,Jaraguá Breakers,09 - 06,Istepôs FA,bfa-2018,Parque de Eventos Alfredo Pasold - Schroeder/SC,,,
2018-10-14 14:00:00,Paraná HP,17 - 30,T-Rex,bfa-2018,Croco Stadium - Curitiba/PR,,,
2018-10-21 15:00:00,T-Rex,42 - 17,Coritiba Crocodiles,bfa-2018,Croco Stadium - Curitiba/PR,,,
2018-10-14 14:00:00,Recife Mariners,35 - 27,Bulls Potiguares,bfa-2018,,,,
2018-10-14 15:00:00,João Pessoa Espectros,40 - 00,Ceará Caçadores,bfa-2018,,,,
2018-11-03 16:00:00,João Pessoa Espectros,39 - 03,Recife Mariners,bfa-2018,,,,
2018-11-03 18:00:00,Sorriso Hornets,19 - 15,Cuiabá Arsenal,bfa-2018,,,,
2018-11-04 15:00:00,Tubarões do Cerrado,26 - 11,Leões de Judá,bfa-2018,,,,
2018-11-18 10:00:00,Tubarões do Cerrado,13 - 07,Sorriso Hornets,bfa-2018,,,,
2018-11-03 10:00:00,Tritões FA,30 - 19,Locomotiva FA,bfa-2018,,,,
2018-11-03 15:00:00,Galo FA,53 - 00,Botafogo Reptiles,bfa-2018,,,,
2018-11-17 18:00:00,Galo FA,47 - 14,Tritões FA,bfa-2018,,,,
2018-11-03 14:30:00,Timbó Rex,10 - 00,Santa Maria Soldiers,bfa-2018,,,,
2018-11-04 15:00:00,Coritiba Crocodiles,28 - 24,Paraná HP,bfa-2018,,,,
2018-11-17 14:30:00,Timbó Rex,21 - 20,Coritiba Crocodiles,bfa-2018,,,,
2018-12-02 10:00:00,Tubarões do Cerrado,00 - 19,João Pessoa Espectros,bfa-2018,,,,
2018-12-01 18:00:00,Galo FA,14 - 10,Timbó Rex,bfa-2018,,,,
2018-12-16 15:00:00,João Pessoa Espectros,13 - 17,Galo FA,bfa-2018,,,,
2019-03-23 16:00:00,Cavalaria 2 de Julho,28 - 06,Maceió Marechais,torneio-velho-chico-2019,Salvador Arena Club - Salvador/BA,,,
2019-03-31 14:00:00,Sergipe Redentores,39 - 25,Santana Red Bulls,torneio-velho-chico-2019,Aracaju/SE,,,
2019-04-14 14:00:00,Santana Red Bulls,07 - 31,Cavalaria 2 de Julho,torneio-velho-chico-2019,SESI - Feira de Santana/BA,,,
2019-04-28 15:00:00,Maceió Marechais,27 - 27,Sergipe Redentores,torneio-velho-chico-2019,Vila Olímpica Albano Franco - Maceió/AL,,,
2018-04-15 15:00:11,Tropa Campina,06 - 27,Recife Pirates,taca-das-cidades-2018,,,,
2018-04-29 16:00:11,Arcoverde Templários,X - X,Caruaru Wolves,taca-das-cidades-2018,,,,
2018-05-12 16:00:11,Arcoverde Templários,00 - 23,Recife Pirates,taca-das-cidades-2018,,,,
2018-07-28 14:30:00,Santa Cruz Pirates,38 - 07,Olinda Sharks,liga-nordeste-2018,Estádio Grito da República - Olinda/PE,,,
2018-07-29 09:30:00,São Luís Sharks,28 - 14,Roma Gladiadores,liga-nordeste-2018,SESI Araçagi - São José de Ribamar/MA,,,
2018-07-29 14:00:00,Recife Vikings,11 - 10,Sergipe Redentores,liga-nordeste-2018,Estádio Grito da República - Olinda/PE,,,
2018-07-29 15:00:00,Maceió Marechais,39 - 21,Recife Apaches,liga-nordeste-2018,SESI Cambona - Maceió/AL,,,
2018-07-29 16:00:00,Caruaru Wolves,49 - 00,CSA Guerreiros,liga-nordeste-2018,W.O.,,,
2018-07-29 17:00:00,Carrancas FA,57 - 00,Arcoverde Templários,liga-nordeste-2018,Estádio Paulo Coelho - Petrolina/PE,,,
2018-08-12 14:00:00,Recife Apaches,08 - 00,Recife Vikings,liga-nordeste-2018,Estádio Grito da República - Olinda/PE,,,
2018-08-12 15:00:00,Roma Gladiadores,00 - 33,Carrancas FA,liga-nordeste-2018,Estádio Municipal - Horizonte/CE,,,
2018-08-12 15:00:00,CSA Guerreiros,00 - 49,Olinda Sharks,liga-nordeste-2018,W.O.,,,
2018-08-25 16:00:00,Arcoverde Templários,00 - 42,São Luís Sharks,liga-nordeste-2018,Estádio Municipal - Arcoverde/PE,,,
2018-08-26 15:00:00,Maceió Marechais,30 - 00,Sergipe Redentores,liga-nordeste-2018,SESI Cambona - Maceió/AL,,,
2018-08-26 19:00:00,Caruaru Wolves,06 - 34,Santa Cruz Pirates,liga-nordeste-2018,Lacerdão - Caruaru/PE,,,
2018-09-09 14:00:00,CSA Guerreiros,00 - 49,Santa Cruz Pirates,liga-nordeste-2018,W.O.,,,
2018-09-09 15:00:00,Sergipe Redentores,26 - 32,Recife Apaches,liga-nordeste-2018,Complexo Esportivo do SESI - Aracaju/SE,,,
2018-09-22 14:00:00,Olinda Sharks,13 - 23,Caruaru Wolves,liga-nordeste-2018,Estádio Grito da República - Olinda/PE,,,
2018-09-23 09:30:00,São Luís Sharks,12 - 34,Carrancas FA,liga-nordeste-2018,São Luís/MA,,,
2018-09-23 13:00:00,Roma Gladiadores,43 - 06,Arcoverde Templários,liga-nordeste-2018,Estádio Moraisão - Maranguape/CE,,,
2018-09-23 15:00:00,Recife Vikings,34 - 17,Maceió Marechais,liga-nordeste-2018,Estádio do Arruda - Recife/PE,,,
2018-10-06 14:00:00,Recife Apaches,06 - 23,Caruaru Wolves,liga-nordeste-2018,Estádio Grito da República - Olinda/PE,,,
2018-10-20 14:00:00,Olinda Sharks,07 - 44,São Luís Sharks,liga-nordeste-2018,Estádio Grito da República - Olinda/PE,,,
2018-10-20 14:00:00,Arcoverde Templários,09 - 49,Maceió Marechais,liga-nordeste-2018,Estádio Joaquim de Brito - Pesqueira/PE,,,
2018-10-21 14:00:00,Santa Cruz Pirates,46 - 06,Roma Gladiadores,liga-nordeste-2018,Estádio Grito da República - Olinda/PE,,,
2018-10-21 15:00:00,Sergipe Redentores,49 - 00,CSA Guerreiros,liga-nordeste-2018,W.O.,,,
2018-10-21 17:00:00,Carrancas FA,42 - 00,Recife Vikings,liga-nordeste-2018,Estádio Adauto Moraes - Juazeiro/BA,,,
2018-11-18 14:00:10,Recife Pirates,12 - 10,Caruaru Wolves,liga-nordeste-2018,,,,
2018-11-18 17:00:10,Carrancas FA,45 - 06,Maceió Marechais,liga-nordeste-2018,,,,
2018-12-08 17:00:08,Carrancas FA,20 - 26,Recife Pirates,liga-nordeste-2018,,,,
2018-03-18 14:00:00,Santana Red Bulls,06 - 52,Maceió Marechais,torneio-velho-chico-2018,SESI - Feira de Santana/BA,,,
2018-03-25 16:00:00,Cavalaria 2 de Julho,39 - 20,Sergipe Redentores,torneio-velho-chico-2018,Salvador Arena Club - Salvador/BA,,,
2018-04-15 14:00:00,Maceió Marechais,14 - 23,Sergipe Redentores,torneio-velho-chico-2018,Vila Olímpica Albano Franco - Maceió/AL,,,
2018-04-15 16:00:00,Cavalaria 2 de Julho,75 - 14,Santana Red Bulls,torneio-velho-chico-2018,Salvador Arena Club - Salvador/BA,,,
2018-05-20 15:00:00,Maceió Marechais,20 - 21,Cavalaria 2 de Julho,torneio-velho-chico-2018,Vila Olímpica Albano Franco - Maceió/AL,,,
2018-05-20 15:00:00,Sergipe Redentores,51 - 00,Santana Red Bulls,torneio-velho-chico-2018,Complexo Esportivo do SESI - Aracaju/SE,,,
2018-05-06 15:00:00,Patos Red Dragons,13 - 14,São Bento Snakes,copa-nordeste-2018,,,,
2018-06-10 14:00:00,Santana Red Bulls,58 - 23,Recife Horses,copa-nordeste-2018,,,,
2018-06-10 15:00:00,Fortaleza Tritões,08 - 07,São Bento Snakes,copa-nordeste-2018,,,,
2018-08-26 09:00:00,Santana Red Bulls,07 - 09,Fortaleza Tritões,copa-nordeste-2018,,,,
2011-05-14 12:00:00,Santa Cruz Pirates,00 - 09,Recife Mariners,liga-nordeste-2011,Colégio Dom Bosco - Recife/PE,,,
2011-05-21 15:00:00,Parnamirim Scorpions,03 - 34,América Bulls,liga-nordeste-2011,SESI - Natal/RN,,,
2011-06-04 15:00:00,João Pessoa Espectros,44 - 06,Santa Cruz Pirates,liga-nordeste-2011,Almeidão - João Pessoa/PB,,,
2011-06-12 18:00:00,Parnamirim Scorpions,06 - 03,Ceará Cangaceiros,liga-nordeste-2011,Campo do Jiqui - Natal/RN,,,
2011-07-02 16:00:00,Ceará Cangaceiros,05 - 08,Dragões do Mar,liga-nordeste-2011,Estádio Murilão - Fortaleza/CE,,,
2011-07-16 16:00:00,Recife Mariners,02 - 07,João Pessoa Espectros,liga-nordeste-2011,Estádio Gileno de Carli - Cabo de Sto. Agostinho/PE,,,
2011-07-23 14:00:00,Dragões do Mar,26 - 22,América Bulls,liga-nordeste-2011,Estádio Murilão - Fortaleza/CE,,,
2011-08-13 16:00:00,América Bulls,22 - 21,Ceará Cangaceiros,liga-nordeste-2011,Estádio Municipal - São Paulo do Potengi/RN,,,
2011-08-27 16:00:00,Dragões do Mar,13 - 21,Parnamirim Scorpions,liga-nordeste-2011,Estádio Murilão - Fortaleza/CE,,,
2011-09-10 16:00:00,Recife Mariners,21 - 00,Santa Cruz Pirates,liga-nordeste-2011,Estádio Gileno de Carli - Cabo de Sto. Agostinho/PE,,,
2011-09-17 16:00:00,Santa Cruz Pirates,00 - 43,João Pessoa Espectros,liga-nordeste-2011,Estádio Olindão - Olinda/PE,,,
2011-09-17 16:00:00,América Bulls,12 - 16,Dragões do Mar,liga-nordeste-2011,Estádio Municipal - São Paulo do Potengi/RN,,,
2011-09-25 14:00:00,João Pessoa Espectros,34 - 07,Recife Mariners,liga-nordeste-2011,Mangabeirão - João Pessoa/PB,,,
2011-10-15 16:00:00,Ceará Cangaceiros,26 - 31,Parnamirim Scorpions,liga-nordeste-2011,Estádio Murilão - Fortaleza/CE,,,
2011-10-29 14:00:00,João Pessoa Espectros,21 - 00,Dragões do Mar,liga-nordeste-2011,,,,
2011-10-30 16:00:00,Parnamirim Scorpions,12 - 20,Recife Mariners,liga-nordeste-2011,,,,
2011-11-12 16:00:00,Recife Mariners,02 - 34,João Pessoa Espectros,liga-nordeste-2011,,,,
,,,,liga-nacional-2018,,,Sorriso Hornets,
2018-07-01 09:00:00,Vingadores FA,40 - 06,Belém Titans,liga-nacional-2018,Escola Superior de Educação Física - Belém/PA,,,
2018-07-01 14:00:00,Remo Lions,45 - 06,Tupinambás FA,liga-nacional-2018,Escola Superior de Educação Física - Belém/PA,,,
2018-07-21 14:30:00,Belém Titans,27 - 18,Paysandu Lobos,liga-nacional-2018,Escola Superior de Educação Física - Belém/PA,,,
2018-07-22 14:00:00,Tupinambás FA,00 - 56,Vingadores FA,liga-nacional-2018,Viva da Cidade Operária - São Luís/MA,,,
2018-07-28 16:00:00,Manaus Raptors,00 - 56,São Raimundo C. Cavaliers,liga-nacional-2018,SESI Clube do Trabalhador - Manaus/AM,,,
2018-07-29 14:00:00,North Lions,10 - 00,Manaus FA,liga-nacional-2018,Estádio Carlos Zamith - Manaus/AM,,,
2018-08-11 14:00:00,Paysandu Lobos,00 - 60,Vingadores FA,liga-nacional-2018,Escola Superior de Educação Física - Belém/PA,,,
2018-08-12 16:00:00,Belém Titans,32 - 27,Remo Lions,liga-nacional-2018,Escola Superior de Educação Física - Belém/PA,,,
2018-08-25 19:00:00,São Raimundo C. Cavaliers,19 - 13,North Lions,liga-nacional-2018,Estádio da Colina - Manaus/AM,,,
2018-08-26 09:00:00,Paysandu Lobos,44 - 23,Tupinambás FA,liga-nacional-2018,Escola Superior de Educação Física - Belém/PA,,,
2018-08-26 15:00:00,Vingadores FA,44 - 06,Remo Lions,liga-nacional-2018,Escola Superior de Educação Física - Belém/PA,,,
2018-08-26 20:00:00,Manaus FA,48 - 08,Lobos Guerreiros,liga-nacional-2018,Estádio da Colina - Manaus/AM,,,
2018-09-01 18:30:00,Manaus Raptors,08 - 50,Manaus FA,liga-nacional-2018,SESI Clube do Trabalhador - Manaus/AM,,,
2018-09-09 16:00:00,Lobos Guerreiros,06 - 22,North Lions,liga-nacional-2018,Estádio da Colina - Manaus/AM,,,
2018-09-15 19:00:00,São Raimundo C. Cavaliers,41 - 08,Lobos Guerreiros,liga-nacional-2018,Estádio da Colina - Manaus/AM,,,
2018-09-16 09:00:00,Tupinambás FA,09 - 18,Belém Titans,liga-nacional-2018,Campo do Leão Dourado - Paço do Lumiar/MA,,,
2018-09-16 09:00:00,Remo Lions,12 - 16,Paysandu Lobos,liga-nacional-2018,Escola Superior de Educação Física - Belém/PA,,,
2018-09-22 19:00:00,North Lions,25 - 00,Manaus Raptors,liga-nacional-2018,Estádio da Colina - Manaus/AM,,,
2018-09-29 19:00:00,Manaus FA,06 - 27,São Raimundo C. Cavaliers,liga-nacional-2018,Estádio da Colina - Manaus/AM,,,
2018-09-30 19:00:00,Lobos Guerreiros,26 - 20,Manaus Raptors,liga-nacional-2018,Estádio da Colina - Manaus/AM,,,
2018-06-30 17:00:00,Galaxy Football,00 - 33,Rondonópolis Hawks,liga-nacional-2018,Estádio Gigante do Norte - Sinop/MT,,,
2018-07-21 14:00:00,Operário Gravediggers,00 - 49,Goiânia Saints,liga-nacional-2018,W.O.,,,
2018-08-04 14:00:00,Goiânia Saints,06 - 34,Galaxy Football,liga-nacional-2018,SESI Ferreira Pacheco - Goiânia/GO,,,
2018-08-05 00:00:00,Operário Gravediggers,00 - 49,Rondonópolis Hawks,liga-nacional-2018,W.O.,,,
2018-08-26 17:00:00,Sinop Coyotes,33 - 12,Galaxy Football,liga-nacional-2018,Estádio Gigante do Norte - Sinop/MT,,,
2018-09-01 00:00:00,Sinop Coyotes,49 - 00,Operário Gravediggers,liga-nacional-2018,W.O.,,,
2018-09-01 14:00:00,Rondonópolis Hawks,49 - 06,Goiânia Saints,liga-nacional-2018,Estádio Eng. Luthero Lopes - Rondonópolis/MT,,,
2018-09-15 00:00:00,Galaxy Football,49 - 00,Operário Gravediggers,liga-nacional-2018,W.O.,,,
2018-09-15 14:00:00,Goiânia Saints,12 - 61,Sinop Coyotes,liga-nacional-2018,SESI Ferreira Pacheco - Goiânia/GO,,,
2018-10-06 00:00:00,Rondonópolis Hawks,00:00:00Cancel.,Sinop Coyotes,liga-nacional-2018,,,,
2018-07-01 10:00:00,Palmeiras Locomotives,07 - 02,Volta Redonda Falcons,liga-nacional-2018,Clube de Campo do Palmeiras - São Paulo/SP,,,
2018-07-07 16:00:00,Nova Serrana Forgeds,16 - 15,Pouso Alegre Gladiadores,liga-nacional-2018,Campo do Juventus - Nova Serrana/MG,,,
2018-07-08 14:00:00,Sorocaba Vipers,17 - 20,Tatuapé Monsters,liga-nacional-2018,Centro Esportivo Dr. Pitico - Sorocaba/SP,,,
2018-07-08 14:00:00,Ribeirão Preto Challengers,49 - 00,Uberaba Zebus,liga-nacional-2018,W.O.,,,
2018-07-08 14:00:00,Betim Bulldogs,27 - 24,Spartans Football,liga-nacional-2018,Estádio Jurandir Elias - Betim/MG,,,
2018-07-08 18:00:00,Contagem Inconfidentes,16 - 13,Dark Owls FA,liga-nacional-2018,CSU Amazonas - Contagem/MG,,,
2018-07-22 11:00:00,Blaze FA,14 - 18,Mooca Destroyers,liga-nacional-2018,C.E. Univ. Castelo Branco - Rio de Janeiro/RJ,,,
2018-07-29 08:00:00,Tatuapé Monsters,13 - 06,Palmeiras Locomotives,liga-nacional-2018,CT Touchdown - São Paulo/SP,,,
2018-07-29 10:00:00,Uberaba Zebus,00 - 49,Betim Bulldogs,liga-nacional-2018,W.O.,,,
2018-07-29 14:00:00,Dark Owls FA,40 - 07,ES Black Knights,liga-nacional-2018,Campo do União - Silva Jardim/RJ,,,
2018-07-29 14:00:00,Spartans Football,21 - 41,Ribeirão Preto Challengers,liga-nacional-2018,CT Touchdown - São Paulo/SP,,,
2018-08-05 10:00:00,Volta Redonda Falcons,19 - 07,Sorocaba Vipers,liga-nacional-2018,Complexo Jorn. Oscar Cardoso - Volta Redonda/RJ,,,
2018-08-05 14:00:00,Macaé Oilers,35 - 15,Contagem Inconfidentes,liga-nacional-2018,Estádio do Expedicionário - Macaé/RJ,,,
2018-08-12 11:00:00,Blaze FA,06 - 14,Pouso Alegre Gladiadores,liga-nacional-2018,C.E. Univ. Castelo Branco - Rio de Janeiro/RJ,,,
2018-08-19 14:00:00,Dark Owls FA,07 - 10,Macaé Oilers,liga-nacional-2018,Campo do União - Silva Jardim/RJ,,,
2018-08-19 14:00:00,Volta Redonda Falcons,06 - 00,Tatuapé Monsters,liga-nacional-2018,Estádio Municipal - Angra dos Reis/RJ,,,
2018-08-25 00:00:00,Spartans Football,49 - 00,Uberaba Zebus,liga-nacional-2018,W.O.,,,
2018-08-26 10:00:00,Palmeiras Locomotives,38 - 06,Sorocaba Vipers,liga-nacional-2018,Clube de Campo do Palmeiras - São Paulo/SP,,,
2018-08-26 14:00:00,Contagem Inconfidentes,19 - 00,ES Black Knights,liga-nacional-2018,CSU Amazonas - Contagem/MG,,,
2018-08-26 14:00:00,Pouso Alegre Gladiadores,23 - 17,Mooca Destroyers,liga-nacional-2018,UNIVÁS - Pouso Alegre/MG,,,
2018-08-26 14:00:00,Nova Serrana Forgeds,22 - 20,Blaze FA,liga-nacional-2018,Campo do Juventus - Nova Serrana/MG,,,
2018-09-09 00:00:00,Uberaba Zebus,00 - 49,Nova Serrana Forgeds,liga-nacional-2018,W.O.,,,
2018-09-09 09:00:00,Mooca Destroyers,06 - 28,Betim Bulldogs,liga-nacional-2018,CT Touchdown - São Paulo/SP,,,
2018-09-09 10:00:00,Ribeirão Preto Challengers,28 - 06,Palmeiras Locomotives,liga-nacional-2018,Campus Moura Lacerda - Ribeirão Preto/SP,,,
2018-09-09 14:00:00,Macaé Oilers,52 - 00,Blaze FA,liga-nacional-2018,Estádio do Expedicionário - Macaé/RJ,,,
2018-09-09 14:00:00,ES Black Knights,14 - 33,Volta Redonda Falcons,liga-nacional-2018,Campo Nacional - Vila Velha/ES,,,
2018-09-09 14:00:00,Tatuapé Monsters,16 - 07,Spartans Football,liga-nacional-2018,CT Touchdown - São Paulo/SP,,,
2018-09-15 14:00:00,Sorocaba Vipers,06 - 22,Dark Owls FA,liga-nacional-2018,Centro Esportivo Dr. Pitico - Sorocaba/SP,,,
2018-09-16 14:00:00,Pouso Alegre Gladiadores,42 - 07,Contagem Inconfidentes,liga-nacional-2018,UNIVÁS - Pouso Alegre/MG,,,
2018-09-22 18:00:00,Mooca Destroyers,41 - 32,Nova Serrana Forgeds,liga-nacional-2018,GDR 7 de Setembro - São Paulo/SP,,,
2018-09-23 09:00:00,Betim Bulldogs,14 - 39,Ribeirão Preto Challengers,liga-nacional-2018,Estádio Jurandir Elias - Betim/MG,,,
2018-09-23 10:00:00,ES Black Knights,00 - 15,Macaé Oilers,liga-nacional-2018,Esporte Clube Brasil - Cariacica/ES,,,
2018-07-07 14:00:00,Ijuí Drones,42 - 18,Foz Black Sharks,liga-nacional-2018,Estádio 19 de Outubro - Ijuí/RS,,,
2018-07-07 14:00:00,Brown Spiders,07 - 17,Maringá Pyros,liga-nacional-2018,Croco Stadium - Curitiba/PR,,,
2018-07-08 00:00:00,Curitiba Lions,00 - 49,Porto Alegre Gorillas,liga-nacional-2018,W.O.,,,
2018-07-08 14:00:00,Santa Cruz Chacais,10 - 09,Bento Gonçalves Snakes,liga-nacional-2018,Estádio dos Plátanos - Santa Cruz do Sul/RS,,,
2018-07-08 14:30:00,Miners FA,00 - 49,Armada FA,liga-nacional-2018,W.O.,,,
2018-07-21 14:00:00,Corupá Buffalos,00 - 26,Black Hawks,liga-nacional-2018,Soc. Desp. Bandeirantes - São Bento do Sul/SC,,,
2018-07-29 14:00:00,Porto Alegre Gorillas,49 - 00,Miners FA,liga-nacional-2018,W.O.,,,
2018-08-04 14:00:00,Maringá Pyros,35 - 15,Corupá Buffalos,liga-nacional-2018,Maringá/PR,,,
2018-08-04 15:00:00,Foz Black Sharks,02 - 20,Santa Cruz Chacais,liga-nacional-2018,Estádio do ABC - Foz do Iguaçu/PR,,,
2018-08-11 00:00:00,Armada FA,49 - 00,Curitiba Lions,liga-nacional-2018,W.O.,,,
2018-08-11 14:00:00,Ijuí Drones,52 - 14,Bento Gonçalves Snakes,liga-nacional-2018,Estádio 19 de Outubro - Ijuí/RS,,,
2018-08-11 14:00:00,Brown Spiders,08 - 12,Black Hawks,liga-nacional-2018,Croco Stadium - Curitiba/PR,,,
2018-08-25 00:00:00,Miners FA,49 - 00,Curitiba Lions,liga-nacional-2018,W.O.,,,
2018-08-25 14:00:00,Santa Cruz Chacais,21 - 07,Ijuí Drones,liga-nacional-2018,Estádio dos Plátanos - Santa Cruz do Sul/RS,,,
2018-08-25 14:00:00,Brown Spiders,19 - 07,Corupá Buffalos,liga-nacional-2018,Croco Stadium - Curitiba/PR,,,
2018-09-01 14:00:00,Maringá Pyros,20 - 39,Black Hawks,liga-nacional-2018,Maringá/PR,,,
2018-09-02 09:00:00,Bento Gonçalves Snakes,22 - 06,Foz Black Sharks,liga-nacional-2018,Estádio da Montanha - Bento Gonçalves/RS,,,
2018-09-02 14:00:00,Armada FA,00 - 07,Porto Alegre Gorillas,liga-nacional-2018,Grêmio Esportivo Nacional - São Leopoldo/RS,,,
2018-09-22 00:00:00,Curitiba Lions,00 - 49,Santa Cruz Chacais,liga-nacional-2018,W.O.,,,
2018-09-22 00:00:00,Black Hawks,49 - 00,Miners FA,liga-nacional-2018,W.O.,,,
2018-09-22 14:00:00,Porto Alegre Gorillas,41 - 06,Ijuí Drones,liga-nacional-2018,Parque Esportivo PUCRS - Porto Alegre/RS,,,
2018-09-22 14:00:00,Corupá Buffalos,07 - 06,Armada FA,liga-nacional-2018,Soc. Desp. Bandeirantes - São Bento do Sul/SC,,,
2018-09-22 16:00:00,Foz Black Sharks,00 - 44,Maringá Pyros,liga-nacional-2018,Estádio do ABC - Foz do Iguaçu/PR,,,
2018-09-30 09:00:00,Bento Gonçalves Snakes,12 - 25,Brown Spiders,liga-nacional-2018,Estádio da Montanha - Bento Gonçalves/RS,,,
2018-10-06 14:00:00,Ribeirão Preto Challengers,46 - 08,Contagem Inconfidentes,liga-nacional-2018,,,,
2018-10-06 15:00:00,Nova Serrana Forgeds,00 - 22,Pouso Alegre Gladiadores,liga-nacional-2018,,,,
2018-10-12 14:00:00,Vingadores FA,49 - 27,Belém Titans,liga-nacional-2018,,,,
2018-10-12 14:00:00,Volta Redonda Falcons,19 - 03,Betim Bulldogs,liga-nacional-2018,,,,
2018-10-12 15:00:00,Santa Cruz Chacais,00 - 34,Armada FA,liga-nacional-2018,,,,
2018-10-13 00:00:00,Maringá Pyros,49 - 00,Ijuí Drones,liga-nacional-2018,,,,
2018-10-14 10:00:00,Macaé Oilers,41 - 00,Tatuapé Monsters,liga-nacional-2018,,,,
2018-10-20 15:00:00,Ribeirão Preto Challengers,49 - 08,Pouso Alegre Gladiadores,liga-nacional-2018,,,,
2018-10-21 10:00:00,Porto Alegre Gorillas,18 - 13,Maringá Pyros,liga-nacional-2018,,,,
2018-10-21 14:00:00,Black Hawks,44 - 08,Armada FA,liga-nacional-2018,,,,
2018-10-21 15:00:00,Manaus Cavaliers,23 - 21,North Lions,liga-nacional-2018,,,,
2018-10-27 10:45:00,Macaé Oilers,50 - 00,Volta Redonda Falcons,liga-nacional-2018,,,,
2018-11-02 15:00:00,Black Hawks,27 - 00,Porto Alegre Gorillas,liga-nacional-2018,,,,
2018-11-02 17:00:00,Rondonópolis Hawks,13 - 10,Sinop Coyotes,liga-nacional-2018,,,,
2018-11-03 15:00:00,Ribeirão Preto Challengers,23 - 18,Macaé Oilers,liga-nacional-2018,,,,
2018-11-03 18:00:00,Vingadores FA,36 - 21,Manaus Cavaliers,liga-nacional-2018,,,,
2018-11-18 10:00:00,Black Hawks,02 - 07,Ribeirão Preto Challengers,liga-nacional-2018,,,,
2018-11-18 18:00:00,Rondonópolis Hawks,13 - 14,Vingadores FA,liga-nacional-2018,,,,
2018-12-02 17:30:00,Ribeirão Preto Challengers,48 - 23,Vingadores FA,liga-nacional-2018,,,,
2018-06-24 09:00:59,Dourados Tenentes,00 - 55,Campo Grande Predadores,campeonato-sul-matogrossense-2018,,,,
2018-06-24 14:00:59,Campo Grande Gravediggers,88 - 07,Dourados Redlands,campeonato-sul-matogrossense-2018,,,,
2018-07-29 14:00:00,Dourados Tenentes,07 - 32,Dourados Redlands,campeonato-sul-matogrossense-2018,,,,
2018-07-29 18:00:00,Campo Grande Predadores,X - X,Campo Grande Gravediggers,campeonato-sul-matogrossense-2018,,,,
2016-03-05 14:00:07,Londrina Bristlebacks,28 - 12,PRC Guardian Saints,campeonato-paranaense-2016,Campo Estrela - Ibiporã/PR,,,
2016-03-06 10:00:29,Coritiba Crocodiles,42 - 00,Norte Paraná,campeonato-paranaense-2016,Clube Imperial - Curitiba/PR,,,
2016-03-12 14:00:53,Paraná HP,41 - 00,Maringá Pyros,campeonato-paranaense-2016,Centro Esportivo Fanático - Campo Largo/PR,,,
2016-03-13 09:00:18,Foz Black Sharks,00 - 20,Brown Spiders,campeonato-paranaense-2016,Campo do Gresfi - Foz do Iguaçu/PR,,,
2016-03-26 09:30:13,Coritiba Crocodiles,66 - 00,PRC Guardian Saints,campeonato-paranaense-2016,Clube Imperial - Curitiba/PR,,,
2016-03-27 09:00:50,Maringá Pyros,09 - 18,Foz Black Sharks,campeonato-paranaense-2016,Estádio Municipal - Marialva/PR,,,
2016-04-02 14:00:58,Londrina Bristlebacks,09 - 39,Brown Spiders,campeonato-paranaense-2016,Campo Estrela - Ibiporã/PR,,,
2016-04-03 14:00:27,Norte Paraná,00 - 89,Paraná HP,campeonato-paranaense-2016,Estádio José Garbelini - Cambé/PR,,,
2016-04-09 14:00:17,Maringá Pyros,03 - 54,Coritiba Crocodiles,campeonato-paranaense-2016,Estádio Municipal - Marialva/PR,,,
2016-04-10 09:00:56,Foz Black Sharks,35 - 00,PRC Guardian Saints,campeonato-paranaense-2016,Campo da Vila A – Foz do Iguaçu/PR,,,
2016-04-16 14:00:15,Brown Spiders,12 - 13,Paraná HP,campeonato-paranaense-2016,Croco Stadium - Curitiba/PR,,,
2016-04-17 14:00:12,Norte Paraná,10 - 18,Londrina Bristlebacks,campeonato-paranaense-2016,Estádio José Garbelini - Cambé/PR,,,
2016-04-23 14:00:43,Coritiba Crocodiles,49 - 00,Foz Black Sharks,campeonato-paranaense-2016,Croco Stadium - Curitiba/PR,,,
2016-04-24 09:30:18,PRC Guardian Saints,12 - 34,Maringá Pyros,campeonato-paranaense-2016,Clube Imperial - Curitiba/PR,,,
2016-04-30 14:00:49,Brown Spiders,50 - 07,Norte Paraná,campeonato-paranaense-2016,Croco Stadium - Curitiba/PR,,,
2016-05-01 14:00:11,Paraná HP,75 - 07,Londrina Bristlebacks,campeonato-paranaense-2016,Centro Esportivo Fanático - Campo Largo/PR,,,
2016-05-14 14:00:28,Brown Spiders,37 - 15,Maringá Pyros,campeonato-paranaense-2016,,,,
2016-05-15 09:00:46,Foz do Iguaçu Black Sharks,14 - 17,Londrina Bristlebacks,campeonato-paranaense-2016,,,,
2016-05-28 13:00:52,Coritiba Crocodiles,33 - 18,Brown Spiders,campeonato-paranaense-2016,,,,
2016-05-29 14:00:52,Paraná HP,41 - 00,Londrina Bristlebacks,campeonato-paranaense-2016,,,,
2016-06-19 13:00:33,Coritiba Crocodiles,00 - 14,Paraná HP,campeonato-paranaense-2016,,,,
2016-03-19 14:00:02,Goiânia Rednecks,23 - 17,Tubarões do Cerrado,campeonato-candango-2016,ASBEG - Aparecida de Goiânia/GO,,,
2016-03-27 09:00:02,Tubarões do Cerrado,13 - 07,Brasília V8,campeonato-candango-2016,Estádio Bezerrão - Gama/DF,,,
2016-03-27 14:00:02,Gama Leões de Judá,00 - 30,Goiânia Rednecks,campeonato-candango-2016,Estádio Bezerrão - Gama/DF,,,
2016-04-16 14:00:02,Goiânia Rednecks,63 - 06,Brasília V8,campeonato-candango-2016,ASBEG - Aparecida de Goiânia/GO,,,
2016-05-01 14:00:02,Brasília V8,12 - 21,Gama Leões de Judá,campeonato-candango-2016,Abadião - Ceilândia/DF,,,
2016-05-21 14:00:32,Gama Leões de Judá,00 - 41,Tubarões do Cerrado,campeonato-candango-2016,Estádio Augustinho Lima - Sobradinho/DF,,,
2016-06-04 18:00:17,Goiânia Rednecks,14 - 33,Tubarões do Cerrado,campeonato-candango-2016,,,,
2016-04-16 15:00:06,Tangará Taurus,00 - 74,Cuiabá Arsenal,campeonato-matogrossense-2016,Estádio Mané Garrincha - Tangará da Serra/MT,,,
2016-04-16 18:00:06,Rondonópolis Hawks,00 - 33,Sinop Coyotes,campeonato-matogrossense-2016,Estádio Eng. Luthero Lopes - Rondonópolis/MT,,,
2016-04-30 15:00:06,Tangará Taurus,06 - 26,Sorriso Hornets,campeonato-matogrossense-2016,Estádio Mané Garrincha - Tangará da Serra/MT,,,
2016-04-30 17:30:06,Sinop Coyotes,13 - 48,Cuiabá Arsenal,campeonato-matogrossense-2016,Estádio Gigante do Norte - Sinop/MT,,,
2016-05-07 15:00:06,Cuiabá Arsenal,60 - 13,Rondonópolis Hawks,campeonato-matogrossense-2016,Mini Estádio do Prosol - Cuiabá/MT,,,
2016-05-14 14:00:06,Cuiabá Arsenal,43 - 03,Sorriso Hornets,campeonato-matogrossense-2016,Mini Estádio do Prosol - Cuiabá/MT,,,
2016-05-14 18:00:06,Rondonópolis Hawks,48 - 00,Tangará Taurus,campeonato-matogrossense-2016,Estádio Eng. Luthero Lopes - Rondonópolis/MT,,,
2016-05-28 00:00:06,Sinop Coyotes,49 - 00,Tangará Taurus,campeonato-matogrossense-2016,W.O.,,,
2016-05-28 18:00:06,Sorriso Hornets,28 - 00,Rondonópolis Hawks,campeonato-matogrossense-2016,Toca do Lobo - Sorriso/MT,,,
2016-06-04 15:00:06,Sorriso Hornets,14 - 29,Sinop Coyotes,campeonato-matogrossense-2016,Toca do Lobo - Sorriso/MT,,,
2016-06-11 00:00:46,Rondonópolis Hawks,49 - 00,Sorriso Hornets,campeonato-matogrossense-2016,,,,
2016-06-11 12:30:46,Cuiabá Arsenal,42 - 34,Sinop Coyotes,campeonato-matogrossense-2016,,,,
2016-03-13 14:00:47,Caruaru Wolves,24 - 14,Arcoverde Templários,taca-pernambuco-2016,Lacerdão - Caruaru/PE,,,
2016-04-02 14:00:00,Recife Horses,15 - 31,Caruaru Wolves,taca-pernambuco-2016,Estádio dos Aflitos - Recife/PE,,,
2016-04-24 14:00:00,Arcoverde Templários,00 - 43,Recife Horses,taca-pernambuco-2016,Estádio Municipal - Arcoverde/PE,,,
2016-05-22 14:00:11,Caruaru Wolves,12 - 27,Recife Horses,taca-pernambuco-2016,,,,
2016-06-26 14:00:52,Macaé Oilers,07 - 06,Botafogo Reptiles,liga-fluminense-2016,Moacyrzão - Macaé/RJ,,,
2016-07-03 11:00:52,Volta Redonda Falcons,14 - 21,Teresópolis Rockers,liga-fluminense-2016,ETPC - Volta Redonda/RJ,,,
2016-07-03 14:00:52,Magé Barões,12 - 17,Rio de Janeiro Islanders,liga-fluminense-2016,Esporte Clube Palmeira - Magé/RJ,,,
2016-07-17 14:00:52,Teresópolis Rockers,13 - 06,Nova Friburgo Yetis,liga-fluminense-2016,Várzea FC - Teresópolis/RJ,,,
2016-07-24 14:00:52,Botafogo Reptiles,21 - 22,Magé Barões,liga-fluminense-2016,Vila Olímpica - Duque de Caxias/RJ,,,
2016-07-24 14:00:52,Rio de Janeiro Islanders,06 - 28,Macaé Oilers,liga-fluminense-2016,Estádio Municipal - Angra dos Reis/RJ,,,
2016-08-07 14:00:52,Rio de Janeiro Islanders,26 - 13,Botafogo Reptiles,liga-fluminense-2016,UFRJ Ilha do Fundão - Rio de Janeiro/RJ,,,
2016-08-07 14:00:52,Teresópolis Rockers,33 - 14,Magé Barões,liga-fluminense-2016,Clube Bonsucesso - Teresópolis/RJ,,,
2016-08-07 14:00:52,Nova Friburgo Yetis,08 - 21,Volta Redonda Falcons,liga-fluminense-2016,Estádio Márcio Branco - Nova Friburgo/RJ,,,
2016-08-28 14:00:52,Magé Barões,10 - 06,Volta Redonda Falcons,liga-fluminense-2016,Esporte Clube Palmeira - Magé/RJ,,,
2016-08-28 14:00:52,Nova Friburgo Yetis,12 - 16,Macaé Oilers,liga-fluminense-2016,Estádio Márcio Branco - Nova Friburgo/RJ,,,
2016-09-04 14:00:52,Botafogo Reptiles,07 - 28,Teresópolis Rockers,liga-fluminense-2016,,,,
2016-09-18 14:00:52,Rio de Janeiro Islanders,19 - 22,Nova Friburgo Yetis,liga-fluminense-2016,UFRJ Ilha do Fundão - Rio de Janeiro/RJ,,,
2016-09-18 14:00:52,Volta Redonda Falcons,13 - 18,Botafogo Reptiles,liga-fluminense-2016,ETPC - Volta Redonda/RJ,,,
2016-09-18 14:00:52,Macaé Oilers,10 - 13,Teresópolis Rockers,liga-fluminense-2016,CEPE - Macaé/RJ,,,
2016-10-09 14:00:52,Nova Friburgo Yetis,09 - 39,Magé Barões,liga-fluminense-2016,Estádio Márcio Branco - Nova Friburgo/RJ,,,
2016-10-09 14:00:52,Macaé Oilers,23 - 06,Volta Redonda Falcons,liga-fluminense-2016,Moacyrzão - Macaé/RJ,,,
2016-10-16 14:00:52,Teresópolis Rockers,32 - 00,Rio de Janeiro Islanders,liga-fluminense-2016,Estádio Antônio Savatonne - Teresópolis/RJ,,,
2016-10-30 14:00:52,Botafogo Reptiles,15 - 22,Nova Friburgo Yetis,liga-fluminense-2016,Estádio Marrentão - Duque de Caxias/RJ,,,
2016-11-13 12:30:52,Volta Redonda Falcons,26 - 21,Rio de Janeiro Islanders,liga-fluminense-2016,Campo do Rústico - Volta Redonda/RJ,,,
2016-11-13 14:00:52,Magé Barões,09 - 31,Macaé Oilers,liga-fluminense-2016,Esporte Clube Palmeira - Magé/RJ,,,
2016-11-27 14:00:34,Teresópolis Rockers,21 - 15,Volta Redonda Falcons,liga-fluminense-2016,,,,
2016-11-27 14:00:34,Macaé Oilers,20 - 09,Magé Barões,liga-fluminense-2016,,,,
2016-12-11 14:00:52,Teresópolis Rockers,00 - 10,Macaé Oilers,liga-fluminense-2016,,,,
2016-06-12 14:00:14,Cascavel Olympians,02 - 06,Francisco Beltrão Red Feet,copa-fronteira-2016,Estádio Ninho da Cobra - Cascavel/PR,,,
2016-06-26 14:00:14,São Miguel Indians,00 - 13,Palotina Celtics,copa-fronteira-2016,Estádio Pr. Aurélio Canzi - São Miguel do Oeste/SC,,,
2016-07-17 14:00:14,Palotina Celtics,06 - 28,Cascavel Olympians,copa-fronteira-2016,Asfurca - Palotina/PR,,,
2016-07-31 14:00:14,Francisco Beltrão Red Feet,08 - 06,São Miguel Indians,copa-fronteira-2016,Estádio Municipal - Marmeleiro/PR,,,
2016-09-07 14:00:14,Palotina Celtics,00 - 26,Francisco Beltrão Red Feet,copa-fronteira-2016,Asfurca - Palotina/PR,,,
2016-09-11 14:00:14,São Miguel Indians,07 - 14,Cascavel Olympians,copa-fronteira-2016,Estádio Pr. Aurélio Canzi - São Miguel do Oeste/SC,,,
2016-11-27 14:00:14,Francisco Beltrão Red Feet,13 - 06,Cascavel Olympians,copa-fronteira-2016,,,,
2016-08-20 13:00:13,Vingadores FA,32 - 38,Legião FA,campeonato-paraense-2016,Estádio Chico Vasques - Belém/PA,,,
2016-08-21 08:00:13,Outland Soldiers,07 - 06,Xingu FA,campeonato-paraense-2016,Estádio Chico Vasques - Belém/PA,,,
2016-09-10 13:00:13,Xingu FA,06 - 60,Legião FA,campeonato-paraense-2016,Estádio Chico Vasques - Belém/PA,,,
2016-09-11 08:00:13,Belém Titans,34 - 00,Outland Soldiers,campeonato-paraense-2016,Estádio Chico Vasques - Belém/PA,,,
2016-10-16 09:00:13,Legião FA,13 - 12,Belém Titans,campeonato-paraense-2016,Baenão - Belém/PA,,,
2016-10-29 14:00:13,Xingu FA,00 - 76,Vingadores FA,campeonato-paraense-2016,Estádio Chico Vasques - Belém/PA,,,
2016-11-12 13:00:13,Vingadores FA,32 - 07,Belém Titans,campeonato-paraense-2016,Estádio Chico Vasques - Belém/PA,,,
2016-11-13 09:00:13,Legião FA,34 - 21,Outland Soldiers,campeonato-paraense-2016,Baenão - Belém/PA,,,
2016-12-03 14:00:13,Outland Soldiers,00 - 47,Vingadores FA,campeonato-paraense-2016,Estádio Chico Vasques - Belém/PA,,,
2016-12-04 09:00:13,Belém Titans,44 - 00,Xingu FA,campeonato-paraense-2016,Estádio Chico Vasques - Belém/PA,,,
2016-12-18 09:00:21,Legião FA,22 - 26,Vingadores FA,campeonato-paraense-2016,,,,
2016-09-04 10:00:22,Prudente Coronéis,13 - 20,Londrina Bristlebacks,taca-nove-de-julho-2016,Estádio Municipal - Álvares Machado/SP,,,
2016-09-04 10:00:22,Independente Tomahawk,06 - 02,Jaboticabal Defenders,taca-nove-de-julho-2016,Clube de Campo Empyreo - Leme/SP,,,
2016-09-04 14:00:22,Votuporanga Mohawks,00 - 34,Araçatuba Touros,taca-nove-de-julho-2016,Estádio Municipal - Álvares Machado/SP,,,
2016-09-04 14:00:22,Empyreo Leme Lizards,40 - 00,Piracicaba Cane Cutters,taca-nove-de-julho-2016,Clube de Campo Empyreo - Leme/SP,,,
2016-09-18 10:00:05,Araçatuba Touros,06 - 14,Londrina Bristlebacks,taca-nove-de-julho-2016,Adhemarzão - Araçatuba/SP,,,
2016-09-18 10:00:05,Jaboticabal Defenders,07 - 00,Piracicaba Cane Cutters,taca-nove-de-julho-2016,Clube de Campo Empyreo - Leme/SP,,,
2016-09-18 14:00:05,Empyreo Leme Lizards,29 - 00,Independente Tomahawk,taca-nove-de-julho-2016,Clube de Campo Empyreo - Leme/SP,,,
2016-10-16 10:00:05,Prudente Coronéis,36 - 14,Votuporanga Mohawks,taca-nove-de-julho-2016,Campo do Mário Covas - Votuporanga/SP,,,
2016-10-16 10:00:05,Jaboticabal Defenders,00 - 42,Empyreo Leme Lizards,taca-nove-de-julho-2016,Clube de Campo Empyreo - Leme/SP,,,
2016-10-16 14:00:05,Piracicaba Cane Cutters,13 - 08,Independente Tomahawk,taca-nove-de-julho-2016,Clube de Campo Empyreo - Leme/SP,,,
2016-10-23 10:00:05,Londrina Bristlebacks,38 - 00,Votuporanga Mohawks,taca-nove-de-julho-2016,Estádio Uady Chaiben - Londrina/PR,,,
2016-11-02 10:00:05,Araçatuba Touros,07 - 12,Prudente Coronéis,taca-nove-de-julho-2016,Adhemarzão - Araçatuba/SP,,,
2016-11-13 10:00:05,Londrina Bristlebacks,03 - 00,Jaboticabal Defenders,taca-nove-de-julho-2016,Associação Nipo Brasileira - Jaboticabal/SP,,,
2016-11-13 10:00:05,Prudente Coronéis,07 - 06,Independente Tomahawk,taca-nove-de-julho-2016,Campo do Mário Covas - Votuporanga/SP,,,
2016-11-13 14:00:05,Araçatuba Touros,06 - 21,Piracicaba Cane Cutters,taca-nove-de-julho-2016,Associação Nipo Brasileira - Jaboticabal/SP,,,
2016-11-13 14:00:05,Votuporanga Mohawks,00 - 42,Empyreo Leme Lizards,taca-nove-de-julho-2016,Campo do Mário Covas - Votuporanga/SP,,,
2016-09-11 10:00:05,Ocelots FA,38 - 07,Mooca Destroyers,taca-nove-de-julho-2016,Centro Esportivo Dr. Pitico - Sorocaba/SP,,,
2016-09-11 10:00:05,Vikings FA,14 - 20,São Paulo Storm,taca-nove-de-julho-2016,Estádio Manduzão - Pouso Alegre/MG,,,
2016-09-11 14:00:05,Nemesis Football,00 - 48,Cronos Football,taca-nove-de-julho-2016,Centro Esportivo Dr. Pitico - Sorocaba/SP,,,
2016-09-11 14:00:05,Pouso Alegre Gladiadores,14 - 13,Underdogs Football,taca-nove-de-julho-2016,Estádio Manduzão - Pouso Alegre/MG,,,
2016-09-25 10:00:05,Nemesis Football,00 - 28,Mooca Destroyers,taca-nove-de-julho-2016,W.O.,,,
2016-09-25 14:00:05,Ocelots FA,16 - 06,Cronos Football,taca-nove-de-julho-2016,Centro Esportivo Dr. Pitico - Sorocaba/SP,,,
2016-09-25 14:00:05,Underdogs Football,30 - 00,Vikings FA,taca-nove-de-julho-2016,Clube Acamp. dos Engenheiros - São Bernardo do Campo/SP,,,
2016-10-15 14:00:05,São Paulo Storm,02 - 13,Pouso Alegre Gladiadores,taca-nove-de-julho-2016,Estádio Manduzão - Pouso Alegre/MG,,,
2016-10-23 10:00:05,Mooca Destroyers,03 - 48,Cronos Football,taca-nove-de-julho-2016,Ginásio Municipal - Araçoiaba da Serra/SP,,,
2016-10-23 10:00:05,Pouso Alegre Gladiadores,27 - 07,Vikings FA,taca-nove-de-julho-2016,Estádio Manduzão - Pouso Alegre/MG,,,
2016-10-23 14:00:05,Ocelots FA,56 - 12,Nemesis Football,taca-nove-de-julho-2016,Ginásio Municipal - Araçoiaba da Serra/SP,,,
2016-10-23 14:00:05,São Paulo Storm,13 - 14,Underdogs Football,taca-nove-de-julho-2016,Estádio Manduzão - Pouso Alegre/MG,,,
2016-10-30 10:00:05,Cronos Football,16 - 26,São Paulo Storm,taca-nove-de-julho-2016,Estádio Jayme Cintra - Jundiaí/SP,,,
2016-10-30 10:00:05,Vikings FA,16 - 13,Nemesis Football,taca-nove-de-julho-2016,Ginásio Municipal - Araçoiaba da Serra/SP,,,
2016-10-30 14:00:05,Mooca Destroyers,14 - 48,Underdogs Football,taca-nove-de-julho-2016,Ginásio Municipal - Araçoiaba da Serra/SP,,,
2016-10-30 14:00:05,Ocelots FA,26 - 13,Pouso Alegre Gladiadores,taca-nove-de-julho-2016,Estádio Jayme Cintra - Jundiaí/SP,,,
2016-11-20 10:00:25,Londrina Bristlebacks,39 - 00,Prudente Coronéis,taca-nove-de-julho-2016,,,,
2016-11-20 10:00:25,Ocelots FA,38 - 12,Cronos Football,taca-nove-de-julho-2016,,,,
2016-11-20 14:00:25,Pouso Alegre Gladiadores,13 - 29,Underdogs Football,taca-nove-de-julho-2016,,,,
2016-11-20 14:00:25,Empyreo Leme Lizards,42 - 00,Piracicaba Cane Cutters,taca-nove-de-julho-2016,,,,
2016-12-04 10:00:25,Ocelots FA,36 - 00,Londrina Bristlebacks,taca-nove-de-julho-2016,,,,
2016-12-04 14:00:25,Empyreo Leme Lizards,03 - 07,Underdogs Football,taca-nove-de-julho-2016,,,,
2016-12-18 10:00:25,Ocelots FA,33 - 21,Underdogs Football,taca-nove-de-julho-2016,,,,
2015-06-28 14:00:35,Juventude FA,07 - 48,T-Rex,torneio-touchdown-2015,CT do Juventude - Caxias do Sul/RS,,,
2015-06-28 14:00:35,Tritões FA,23 - 13,Guarulhos Rhynos,torneio-touchdown-2015,Ninho da Águia - Vitória/ES,,,
2015-06-28 14:00:35,Vasco Almirantes,41 - 00,Botafogo Reptiles,torneio-touchdown-2015,Estádio Luso Brasileiro – Rio de Janeiro/RJ,,,
2015-07-04 14:00:35,Ribeirão Preto Challengers,22 - 35,Santos Tsunami,torneio-touchdown-2015,CT Santa Iria - Ribeirão Preto/SP,,,
2015-07-05 14:00:35,Jaraguá Breakers,28 - 07,Brown Spiders,torneio-touchdown-2015,Estádio Municipal - Massaranduba/SC,,,
2015-07-25 14:00:35,Locomotiva FA,6 - 29,Tubarões do Cerrado,torneio-touchdown-2015,PUC Minas - Belo Horizonte/MG,,,
2015-07-26 11:00:35,Flamengo Imperadores,55 - 06,Cabritos FA,torneio-touchdown-2015,Estádio Luso Brasileiro – Rio de Janeiro/RJ,,,
2015-07-26 14:00:35,Paraná HP,26 - 13,Corinthians Steamrollers,torneio-touchdown-2015,Centro Esportivo Fanático - Campo Largo/PR,,,
2015-08-01 14:00:35,Brown Spiders,20 - 09,Juventude FA,torneio-touchdown-2015,CEPE - Araucária/PR,,,
2015-08-02 14:00:35,T-Rex,37 - 21,Guarulhos Rhynos,torneio-touchdown-2015,Complexo Esportivo - Timbó/SC,,,
2015-08-02 14:30:35,Botafogo Reptiles,22 - 28,Tritões FA,torneio-touchdown-2015,Estádio Luso Brasileiro – Rio de Janeiro/RJ,,,
2015-08-08 14:00:35,Corinthians Steamrollers,32 - 12,Ribeirão Preto Challengers,torneio-touchdown-2015,Centro Olímpico COTP - São Paulo/SP,,,
2015-08-08 14:00:35,Vasco Almirantes,31 - 00,Tubarões do Cerrado,torneio-touchdown-2015,Estádio Luso Brasileiro – Rio de Janeiro/RJ,,,
2015-08-08 14:00:35,Paraná HP,18 - 09,Jaraguá Breakers,torneio-touchdown-2015,Centro Esportivo Fanático - Campo Largo/PR,,,
2015-08-15 14:00:35,Santos Tsunami,57 - 00,Cabritos FA,torneio-touchdown-2015,CT Meninos da Vila - Santos/SP,,,
2015-08-15 14:00:35,Brown Spiders,07 - 23,Guarulhos Rhynos,torneio-touchdown-2015,CEPE - Araucária/PR,,,
2015-08-16 14:00:35,Tritões FA,28 - 12,Flamengo Imperadores,torneio-touchdown-2015,Toca do Índio - Vila Velha/ES,,,
2015-08-22 14:00:35,Juventude FA,61 - 34,Locomotiva FA,torneio-touchdown-2015,CT do Juventude - Caxias do Sul/RS,,,
2015-08-22 14:00:35,Corinthians Steamrollers,00 - 41,T-Rex,torneio-touchdown-2015,Centro Olímpico COTP - São Paulo/SP,,,
2015-08-23 14:00:35,Botafogo Reptiles,00 - 35,Paraná HP,torneio-touchdown-2015,Estádio Luso Brasileiro – Rio de Janeiro/RJ,,,
2015-08-29 14:00:35,Ribeirão Preto Challengers,07 - 14,Jaraguá Breakers,torneio-touchdown-2015,CT Santa Iria - Ribeirão Preto/SP,,,
2015-08-30 14:00:35,Flamengo Imperadores,26 - 28,Vasco Almirantes,torneio-touchdown-2015,Estádio Luso Brasileiro – Rio de Janeiro/RJ,,,
2015-08-30 15:00:35,Tubarões do Cerrado,25 - 44,Tritões FA,torneio-touchdown-2015,Estádio Serejão - Taguatinga/DF,,,
2015-09-05 14:00:35,Santos Tsunami,43 - 20,Botafogo Reptiles,torneio-touchdown-2015,CT Meninos da Vila - Santos/SP,,,
2015-09-05 14:00:35,Brown Spiders,13 - 34,Paraná HP,torneio-touchdown-2015,Clube Imperial - Curitiba/PR,,,
2015-09-05 14:00:35,Cabritos FA,26 - 07,Locomotiva FA,torneio-touchdown-2015,,,,
2015-09-12 14:00:35,Jaraguá Breakers,20 - 26,T-Rex,torneio-touchdown-2015,,,,
2015-09-12 14:00:35,Juventude FA,37 - 20,Ribeirão Preto Challengers,torneio-touchdown-2015,CT do Juventude - Caxias do Sul/RS,,,
2015-09-13 14:00:35,Guarulhos Rhynos,23 - 07,Corinthians Steamrollers,torneio-touchdown-2015,Estádio do Canindé - São Paulo/SP,,,
2015-09-19 14:00:35,Tubarões do Cerrado,30 - 06,Cabritos FA,torneio-touchdown-2015,Estádio Serejão - Taguatinga/DF,,,
2015-09-19 14:00:35,Vasco Almirantes,45 - 00,Locomotiva FA,torneio-touchdown-2015,,,,
2015-09-26 14:00:35,Juventude FA,26 - 09,Corinthians Steamrollers,torneio-touchdown-2015,CT do Juventude - Caxias do Sul/RS,,,
2015-09-26 14:00:35,Flamengo Imperadores,34 - 12,Santos Tsunami,torneio-touchdown-2015,,,,
2015-09-27 14:00:35,Paraná HP,21 - 22,Guarulhos Rhynos,torneio-touchdown-2015,Centro Esportivo Fanático - Campo Largo/PR,,,
2015-10-03 14:00:35,Cabritos FA,18 - 54,Botafogo Reptiles,torneio-touchdown-2015,Estádio Robertão – Serra/ES,,,
2015-10-03 14:00:35,Vasco Almirantes,00 - 12,T-Rex,torneio-touchdown-2015,Estádio Luso Brasileiro – Rio de Janeiro/RJ,,,
2015-10-03 14:00:35,Ribeirão Preto Challengers,00 - 16,Brown Spiders,torneio-touchdown-2015,CT Santa Iria - Ribeirão Preto/SP,,,
2015-10-10 14:00:35,Jaraguá Breakers,10 - 13,Flamengo Imperadores,torneio-touchdown-2015,Estádio João Marcatto - Jaraguá do Sul/SC,,,
2015-10-10 14:00:35,Locomotiva FA,00 - 43,Tritões FA,torneio-touchdown-2015,PUC Minas - Belo Horizonte/MG,,,
2015-10-11 14:00:35,Santos Tsunami,32 - 27,Tubarões do Cerrado,torneio-touchdown-2015,CT Meninos da Vila - Santos/SP,,,
2015-11-22 10:00:35,Tritões FA,40 - 15,Santos Tsunami,torneio-touchdown-2015,,,,
2015-11-22 14:00:35,Guarulhos Rhynos,00 - 40,Flamengo Imperadores,torneio-touchdown-2015,,,,
2015-11-22 15:00:35,Timbó Rex,60 - 00,Jaraguá Breakers,torneio-touchdown-2015,,,,
2015-11-22 15:00:35,Vasco Almirantes,10 - 06,Paraná HP,torneio-touchdown-2015,,,,
2015-12-06 13:00:35,Timbó Rex,20 - 14,Flamengo Imperadores,torneio-touchdown-2015,,,,
2015-12-06 14:00:35,Tritões FA,14 - 28,Vasco Almirantes,torneio-touchdown-2015,,,,
2015-12-19 16:00:35,Timbó Rex,28 - 09,Vasco Almirantes,torneio-touchdown-2015,,,,
2015-10-17 14:00:35,Paraná HP,29 - 00,Ribeirão Preto Challengers,torneio-touchdown-2015,Centro Esportivo Fanático - Campo Largo/PR,,,
2015-10-18 14:00:35,Guarulhos Rhynos,40 - 20,Juventude FA,torneio-touchdown-2015,Estádio do Canindé - São Paulo/SP,,,
2015-10-18 14:00:35,T-Rex,26 - 07,Brown Spiders,torneio-touchdown-2015,Complexo Esportivo - Timbó/SC,,,
2015-10-24 14:00:35,Locomotiva FA,12 - 37,Botafogo Reptiles,torneio-touchdown-2015,PUC Minas - Belo Horizonte/MG,,,
2015-10-24 14:00:35,Corinthians Steamrollers,15 - 31,Jaraguá Breakers,torneio-touchdown-2015,Centro Olímpico COTP - São Paulo/SP,,,
2015-10-24 14:00:35,Tubarões do Cerrado,18 - 30,Flamengo Imperadores,torneio-touchdown-2015,Estádio Bezerrão - Gama/DF,,,
2015-10-24 14:00:35,Santos Tsunami,14 - 21,Vasco Almirantes,torneio-touchdown-2015,CT Meninos da Vila - Santos/SP,,,
2015-10-31 14:00:35,Guarulhos Rhynos,34 - 19,Ribeirão Preto Challengers,torneio-touchdown-2015,Estádio do Canindé - São Paulo/SP,,,
2015-11-01 14:00:35,T-Rex,24 - 00,Paraná HP,torneio-touchdown-2015,Complexo Esportivo - Timbó/SC,,,
2015-11-01 14:00:35,Tritões FA,58 - 18,Cabritos FA,torneio-touchdown-2015,Toca do Índio - Vila Velha/ES,,,
2015-11-07 14:00:35,Locomotiva FA,27 - 20,Santos Tsunami,torneio-touchdown-2015,PUC Minas - Belo Horizonte/MG,,,
2015-11-08 15:00:35,Jaraguá Breakers,30 - 00,Juventude FA,torneio-touchdown-2015,Estádio João Marcatto - Jaraguá do Sul/SC,,,
2015-11-08 15:00:35,Botafogo Reptiles,14 - 35,Flamengo Imperadores,torneio-touchdown-2015,Estádio Luso Brasileiro – Rio de Janeiro/RJ,,,
2015-11-14 14:00:35,Cabritos FA,06 - 09,Brown Spiders,torneio-touchdown-2015,Estádio Robertão – Serra/ES,,,
2015-11-14 15:00:35,Tubarões do Cerrado,34 - 07,Corinthians Steamrollers,torneio-touchdown-2015,Estádio Bezerrão - Gama/DF,,,
2015-11-15 15:00:35,Tritões FA,27 - 19,Vasco Almirantes,torneio-touchdown-2015,Toca do Índio - Vila Velha/ES,,,
2016-09-25 09:00:33,Bento Gonçalves Snakes,26 - 00,Santa Maria Soldiers,copa-rs-2016,Estádio Edmundo Feix - Venâncio Aires/RS,,,
2016-09-25 14:00:33,Bulldogs FA,25 - 09,São Leopoldo Mustangs,copa-rs-2016,Estádio Edmundo Feix - Venâncio Aires/RS,,,
2016-11-13 09:00:33,Bento Gonçalves Snakes,35 - 14,Bulldogs FA,copa-rs-2016,Estádio Presidente Vargas - Santa Maria/RS,,,
2016-11-13 15:00:33,Santa Maria Soldiers,62 - 00,São Leopoldo Mustangs,copa-rs-2016,Estádio Presidente Vargas - Santa Maria/RS,,,
2016-11-27 09:00:33,Santa Maria Soldiers,53 - 00,Bulldogs FA,copa-rs-2016,Estádio da Montanha - Bento Gonçalves/RS,,,
2016-11-27 15:30:33,Bento Gonçalves Snakes,19 - 06,São Leopoldo Mustangs,copa-rs-2016,Estádio da Montanha - Bento Gonçalves/RS,,,
2016-12-04 08:30:17,São Leopoldo Mustangs,07 - 09,Bulldogs FA,copa-rs-2016,,,,
2016-12-04 14:00:17,Bento Gonçalves Snakes,06 - 43,Santa Maria Soldiers,copa-rs-2016,,,,
2016-10-23 10:00:24,Tatuapé Monsters,00 - 16,Diadema Diamond,freedom-four-cup-2016,Clube de Campo do Palmeiras - São Paulo/SP,,,
2016-10-23 14:00:24,Palmeiras Locomotives,27 - 09,Caraguá Ghostship,freedom-four-cup-2016,Clube de Campo do Palmeiras - São Paulo/SP,,,
2016-11-06 10:00:24,Tatuapé Monsters,15 - 14,São Caetano Blue Birds,freedom-four-cup-2016,Clube de Campo do Palmeiras - São Paulo/SP,,,
2016-11-06 14:00:24,Palmeiras Locomotives,15 - 06,Spartans Football,freedom-four-cup-2016,Clube de Campo do Palmeiras - São Paulo/SP,,,
2016-11-20 10:00:24,Caraguá Ghostship,00 - 34,Diadema Diamond,freedom-four-cup-2016,Clube Acamp. dos Engenheiros - São Bernardo do Campo/SP,,,
2016-11-20 14:00:24,São Caetano Blue Birds,03 - 25,Spartans Football,freedom-four-cup-2016,Clube Acamp. dos Engenheiros - São Bernardo do Campo/SP,,,
2016-11-27 08:00:24,Tatuapé Monsters,10 - 08,Palmeiras Locomotives,freedom-four-cup-2016,Clube de Campo do Palmeiras - São Paulo/SP,,,
2016-11-27 11:00:24,Spartans Football,23 - 06,Caraguá Ghostship,freedom-four-cup-2016,Clube de Campo do Palmeiras - São Paulo/SP,,,
2016-11-27 15:00:24,Diadema Diamond,44 - 12,São Caetano Blue Birds,freedom-four-cup-2016,Clube de Campo do Palmeiras - São Paulo/SP,,,
2016-12-04 10:00:24,Diadema Diamond,07 - 20,Palmeiras Locomotives,freedom-four-cup-2016,,,,
2016-12-04 14:00:24,Spartans Football,18 - 35,Tatuapé Monsters,freedom-four-cup-2016,,,,
2016-12-18 10:00:24,Tatuapé Monsters,06 - 26,Palmeiras Locomotives,freedom-four-cup-2016,,,,
2015-02-28 14:00:18,Foz Black Sharks,07 - 21,Paraná HP,campeonato-paranaense-2015,Campo da Vila A – Foz do Iguaçu/PR,,,
2015-03-01 09:00:18,Unicentro Knights,06 - 43,Brown Spiders,campeonato-paranaense-2015,Campo da Vila A – Foz do Iguaçu/PR,,,
2015-03-01 10:00:18,Norte Paraná,09 - 21,PRC Guardian Saints,campeonato-paranaense-2015,Estádio José Garbelini - Cambé/PR,,,
2015-03-01 15:00:18,Coritiba Crocodiles,31 - 06,Maringá Pyros,campeonato-paranaense-2015,Campo União Capão Raso - Curitiba/PR,,,
2015-03-14 14:00:18,Coritiba Crocodiles,07 - 14,Paraná HP,campeonato-paranaense-2015,Centro Esportivo Fanático - Campo Largo/PR,,,
2015-03-14 14:30:18,Brown Spiders,54 - 06,PRC Guardian Saints,campeonato-paranaense-2015,UFPR Campus de Agrárias - Curitiba/PR,,,
2015-03-15 09:00:18,Unicentro Knights,21 - 12,Norte Paraná,campeonato-paranaense-2015,Estádio Municipal - Irati/PR,,,
2015-03-15 14:00:18,Maringá Pyros,12 - 32,Foz Black Sharks,campeonato-paranaense-2015,Maringá/PR,,,
2015-03-28 14:00:18,PRC Guardian Saints,28 - 30,Unicentro Knights,campeonato-paranaense-2015,Campo do Caiuá - Curitiba/PR,,,
2015-03-28 14:00:18,Foz Black Sharks,15 - 29,Coritiba Crocodiles,campeonato-paranaense-2015,Campo da Vila A – Foz do Iguaçu/PR,,,
2015-03-29 14:00:18,Brown Spiders,15 - 00,Norte Paraná,campeonato-paranaense-2015,Campo União Capão Raso - Curitiba/PR,,,
2015-03-29 14:00:18,Maringá Pyros,09 - 38,Paraná HP,campeonato-paranaense-2015,Estádio Municipal - Apucarana/PR,,,
2015-04-11 09:30:18,Brown Spiders,48 - 28,Maringá Pyros,campeonato-paranaense-2015,Centro Politécnico UFPR - Curitiba/PR,,,
2015-04-11 14:00:18,Foz Black Sharks,55 - 06,PRC Guardian Saints,campeonato-paranaense-2015,Campo da Vila A – Foz do Iguaçu/PR,,,
2015-04-12 10:00:18,Norte Paraná,00 - 78,Coritiba Crocodiles,campeonato-paranaense-2015,Estádio José Garbelini - Cambé/PR,,,
2015-04-12 14:00:18,Paraná HP,81 - 06,Unicentro Knights,campeonato-paranaense-2015,Centro Esportivo Fanático - Campo Largo/PR,,,
2015-04-25 09:30:18,PRC Guardian Saints,14 - 80,Maringá Pyros,campeonato-paranaense-2015,Centro Esportivo Fanático - Campo Largo/PR,,,
2015-04-25 14:00:18,Paraná HP,107 - 00,Norte Paraná,campeonato-paranaense-2015,Centro Esportivo Fanático - Campo Largo/PR,,,
2015-04-26 14:00:18,Coritiba Crocodiles,28 - 14,Brown Spiders,campeonato-paranaense-2015,Campo União Capão Raso - Curitiba/PR,,,
2015-05-09 14:00:18,Paraná HP,21 - 06,Brown Spiders,campeonato-paranaense-2015,Centro Esportivo Fanático - Campo Largo/PR,,,
2015-05-10 09:00:18,Norte Paraná,00 - 40,Foz Black Sharks,campeonato-paranaense-2015,Estádio José Garbelini - Cambé/PR,,,
2015-05-10 09:00:18,PRC Guardian Saints,06 - 88,Coritiba Crocodiles,campeonato-paranaense-2015,Campo União Capão Raso - Curitiba/PR,,,
2015-05-10 14:00:18,Maringá Pyros,49 - 00,Unicentro Knights,campeonato-paranaense-2015,Cambira/PR,,,
2015-05-24 09:00:18,Unicentro Knights,14 - 47,Foz Black Sharks,campeonato-paranaense-2015,Estádio Municipal - Irati/PR,,,
2015-05-30 14:00:18,Foz Black Sharks,32 - 27,Brown Spiders,campeonato-paranaense-2015,Campo da Vila A – Foz do Iguaçu/PR,,,
2015-05-30 14:00:18,PRC Guardian Saints,00 - 92,Paraná HP,campeonato-paranaense-2015,Campo União Capão Raso - Curitiba/PR,,,
2015-05-31 14:00:18,Maringá Pyros,35 - 06,Norte Paraná,campeonato-paranaense-2015,Campo de Iguatemi - Maringá/PR,,,
2015-05-31 14:00:18,Coritiba Crocodiles,64 - 00,Unicentro Knights,campeonato-paranaense-2015,Campo União Capão Raso - Curitiba/PR,,,
2015-06-20 10:00:18,Foz do Iguaçu Black Sharks,29 - 08,Brown Spiders,campeonato-paranaense-2015,,,,
2015-06-20 14:00:18,Paraná HP,12 - 21,Coritiba Crocodiles,campeonato-paranaense-2015,,,,
2013-03-09 14:00:00,Brown Spiders,31 - 00,Ponta Grossa Phantoms,campeonato-paranaense-2013,Curitiba/PR,,,
2013-03-09 14:00:00,PRC Guardian Saints,06 - 43,Foz Black Sharks,campeonato-paranaense-2013,Piraquara/PR,,,
2013-03-10 14:00:00,Curitiba Predadores,28 - 11,UFPR Legends,campeonato-paranaense-2013,Colombo/PR,,,
2013-03-10 14:00:00,Coritiba Crocodiles,52 - 23,Curitiba Hurricanes,campeonato-paranaense-2013,Curitiba/PR,,,
2013-03-23 14:00:00,UFPR Legends,07 - 19,Ponta Grossa Phantoms,campeonato-paranaense-2013,Curitiba/PR,,,
2013-03-23 15:00:00,Curitiba Hurricanes,107 - 00,PRC Guardian Saints,campeonato-paranaense-2013,Centro Esportivo Fanático - Campo Largo/PR,,,
2013-03-24 14:00:00,Curitiba Predadores,13 - 08,Brown Spiders,campeonato-paranaense-2013,Colombo/PR,,,
2013-03-24 15:30:00,Foz Black Sharks,00 - 26,Coritiba Crocodiles,campeonato-paranaense-2013,Foz do Iguaçu/PR,,,
2013-04-06 14:00:00,Curitiba Hurricanes,28 - 08,Foz Black Sharks,campeonato-paranaense-2013,Centro Esportivo Fanático - Campo Largo/PR,,,
2013-04-06 14:30:00,Brown Spiders,36 - 08,UFPR Legends,campeonato-paranaense-2013,Curitiba/PR,,,
2013-04-07 14:00:00,Curitiba Predadores,20 - 15,Ponta Grossa Phantoms,campeonato-paranaense-2013,Curitiba/PR,,,
2013-04-07 15:00:00,Coritiba Crocodiles,79 - 00,PRC Guardian Saints,campeonato-paranaense-2013,Campo União Capão Raso - Curitiba/PR,,,
2013-04-20 14:00:00,Curitiba Hurricanes,10 - 41,Coritiba Crocodiles,campeonato-paranaense-2013,Centro Esportivo Fanático - Campo Largo/PR,,,
2013-04-21 14:00:00,UFPR Legends,07 - 04,Curitiba Predadores,campeonato-paranaense-2013,UFPR Campus de Agrárias - Curitiba/PR,,,
2013-04-21 14:30:00,Ponta Grossa Phantoms,12 - 56,Brown Spiders,campeonato-paranaense-2013,Estádio Municipal - Palmeira/PR,,,
2013-04-21 15:00:00,Foz Black Sharks,63 - 00,PRC Guardian Saints,campeonato-paranaense-2013,Estádio do ABC - Foz do Iguaçu/PR,,,
2013-05-04 14:00:00,PRC Guardian Saints,03 - 43,Curitiba Hurricanes,campeonato-paranaense-2013,Piraquara/PR,,,
2013-05-04 14:30:00,Brown Spiders,14 - 12,Curitiba Predadores,campeonato-paranaense-2013,Almirante Tamandaré/PR,,,
2013-05-04 20:30:00,Ponta Grossa Phantoms,13 - 07,UFPR Legends,campeonato-paranaense-2013,Palmeira/PR,,,
2013-05-05 15:00:00,Coritiba Crocodiles,62 - 00,Foz Black Sharks,campeonato-paranaense-2013,Curitiba/PR,,,
2013-05-25 14:00:00,UFPR Legends,00 - 48,Brown Spiders,campeonato-paranaense-2013,UFPR Campus de Agrárias - Curitiba/PR,,,
2013-05-25 16:00:00,Curitiba Hurricanes,21 - 10,Foz Black Sharks,campeonato-paranaense-2013,Estádio do ABC - Foz do Iguaçu/PR,,,
2013-05-26 14:00:00,Curitiba Predadores,36 - 06,Ponta Grossa Phantoms,campeonato-paranaense-2013,Centro Esportivo Fanático - Campo Largo/PR,,,
2013-05-26 14:30:00,PRC Guardian Saints,00 - 124,Coritiba Crocodiles,campeonato-paranaense-2013,Colombo/PR,,,
2013-06-22 14:00:00,Coritiba Crocodiles,38 - 00,Curitiba Predadores,campeonato-paranaense-2013,,,,
2013-06-22 18:00:00,Brown Spiders,30 - 07,Curitiba Hurricanes,campeonato-paranaense-2013,,,,
2013-07-06 14:30:00,Curitiba Hurricanes,12 - 16,Curitiba Predadores,campeonato-paranaense-2013,,,,
2013-07-06 19:00:00,Coritiba Crocodiles,27 - 06,Brown Spiders,campeonato-paranaense-2013,,,,
2017-03-25 14:00:00,Brown Spiders,20 - 28,Paraná HP,campeonato-paranaense-2017,Croco Stadium - Curitiba/PR,,,
2017-03-26 10:00:00,Londrina Bristlebacks,00 - 54,Coritiba Crocodiles,campeonato-paranaense-2017,Estádio José Garbelini - Cambé/PR,,,
2017-04-08 14:00:00,Londrina Bristlebacks,35 - 28,Brown Spiders,campeonato-paranaense-2017,Estádio José Garbelini - Cambé/PR,,,
2017-04-09 14:00:00,Coritiba Crocodiles,10 - 13,Paraná HP,campeonato-paranaense-2017,Croco Stadium - Curitiba/PR,,,
2017-04-22 14:00:00,Brown Spiders,00 - 36,Coritiba Crocodiles,campeonato-paranaense-2017,Croco Stadium - Curitiba/PR,,,
2017-04-23 14:00:00,Paraná HP,39 - 00,Londrina Bristlebacks,campeonato-paranaense-2017,CT Barcelos - Curitiba/PR,,,
2017-04-01 14:00:00,Curitiba Lions,00 - 07,PRC Guardian Saints,campeonato-paranaense-2017,Croco Stadium - Curitiba/PR,,,
2017-04-15 14:00:00,Moon Howlers FA,06 - 41,Curitiba Lions,campeonato-paranaense-2017,Croco Stadium - Curitiba/PR,,,
2017-05-07 14:00:00,PRC Guardian Saints,51 - 06,Moon Howlers FA,campeonato-paranaense-2017,Croco Stadium - Curitiba/PR,,,
2017-04-01 14:00:00,Palotina Celtics,00 - 31,Francisco Beltrão Red Feet,campeonato-paranaense-2017,Estádio Municipal - Palotina/PR,,,
2017-04-16 14:00:00,Cascavel Olympians,20 - 00,Palotina Celtics,campeonato-paranaense-2017,Estádio Municipal - Corbélia/PR,,,
2017-05-06 14:00:00,Francisco Beltrão Red Feet,19 - 06,Cascavel Olympians,campeonato-paranaense-2017,Estádio Anilado - Francisco Beltrão/PR,,,
2017-05-20 14:00:00,Brown Spiders,30 - 00,Guardian Saints,campeonato-paranaense-2017,,,,
2017-05-28 10:00:00,Londrina Bristlebacks,08 - 10,Francisco Beltrão Red Feet,campeonato-paranaense-2017,,,,
2017-06-04 10:00:00,Coritiba Crocodiles,06 - 10,Brown Spiders,campeonato-paranaense-2017,,,,
2017-06-04 14:00:00,Paraná HP,38 - 06,Francisco Beltrão Red Feet,campeonato-paranaense-2017,,,,
2017-06-18 10:00:00,Francisco Beltrão Red Feet,09 - 00,Guardian Saints,campeonato-paranaense-2017,,,,
2017-06-25 13:30:00,Paraná HP,28 - 12,Brown Spiders,campeonato-paranaense-2017,,,,
2017-03-25 14:00:28,Vingadores FA,40 - 00,Xingu FA,campeonato-paraense-2017,Estádio Chico Vasques - Belém/PA,,,
2017-03-26 09:00:28,Legião FA,14 - 06,Outland Soldiers,campeonato-paraense-2017,Estádio Chico Vasques - Belém/PA,,,
2017-04-08 14:00:28,Legião FA,50 - 06,Remo Lions,campeonato-paraense-2017,Estádio Chico Vasques - Belém/PA,,,
2017-04-09 09:00:28,Belém Titans,11 - 02,Xingu FA,campeonato-paraense-2017,Estádio Chico Vasques - Belém/PA,,,
2017-04-30 09:00:28,Outland Soldiers,16 - 22,Remo Lions,campeonato-paraense-2017,Estádio Chico Vasques - Belém/PA,,,
2017-05-01 09:00:28,Vingadores FA,20 - 13,Belém Titans,campeonato-paraense-2017,Estádio Chico Vasques - Belém/PA,,,
2017-05-20 16:00:28,Xingu FA,19 - 14,Remo Lions,campeonato-paraense-2017,Modelão - Castanhal/PA,,,
2017-05-21 09:00:28,Outland Soldiers,00 - 39,Vingadores FA,campeonato-paraense-2017,Estádio Chico Vasques - Belém/PA,,,
2017-05-27 14:00:28,Belém Titans,12 - 00,Legião FA,campeonato-paraense-2017,Estádio Chico Vasques - Belém/PA,,,
2017-06-10 14:00:28,Vingadores FA,57 - 08,Remo Lions,campeonato-paraense-2017,,,,
2017-06-11 09:00:28,Legião FA,28 - 27,Belém Titans,campeonato-paraense-2017,,,,
2017-07-02 09:00:28,Vingadores FA,30 - 14,Legião FA,campeonato-paraense-2017,,,,
2017-06-25 14:00:05,North Lions,53 - 06,Lobos FA,campeonato-amazonense-2017,Vila Olímpica - Manaus/AM,,,
2017-07-02 10:00:05,Manaus Raptors,12 - 26,Amazon Black Hawks,campeonato-amazonense-2017,Estádio Álvaro Maranhão - Iranduba/AM,,,
2017-07-02 14:00:05,Ajuricaba Warriors,00 - 36,São Raimundo C. Cavaliers,campeonato-amazonense-2017,Estádio Álvaro Maranhão - Iranduba/AM,,,
2017-07-16 14:00:05,Manaus Raptors,14 - 51,Manaus FA,campeonato-amazonense-2017,Vila Olímpica - Manaus/AM,,,
2017-07-23 09:00:05,Ajuricaba Warriors,27 - 14,Lobos FA,campeonato-amazonense-2017,CT do Nacional - Manaus/AM,,,
2017-07-23 14:00:05,São Raimundo C. Cavaliers,12 - 06,Amazon Black Hawks,campeonato-amazonense-2017,CT do Nacional - Manaus/AM,,,
2017-07-30 09:00:05,São Raimundo C. Cavaliers,00 - 12,Manaus FA,campeonato-amazonense-2017,Vila Olímpica - Manaus/AM,,,
2017-07-30 14:00:05,Ajuricaba Warriors,00 - 16,North Lions,campeonato-amazonense-2017,Vila Olímpica - Manaus/AM,,,
2017-08-20 09:00:05,Amazon Black Hawks,20 - 12,Lobos FA,campeonato-amazonense-2017,Vila Olímpica - Manaus/AM,,,
2017-08-20 14:00:05,São Raimundo C. Cavaliers,27 - 12,Manaus Raptors,campeonato-amazonense-2017,Vila Olímpica - Manaus/AM,,,
2017-08-27 10:00:05,Amazon Black Hawks,08 - 19,North Lions,campeonato-amazonense-2017,Campo Base Aérea - Manaus/AM,,,
2017-08-27 14:00:05,Lobos FA,00 - 39,Manaus FA,campeonato-amazonense-2017,Campo Base Aérea - Manaus/AM,,,
2017-09-03 14:00:05,Amazon Black Hawks,34 - 08,Ajuricaba Warriors,campeonato-amazonense-2017,Vila Olímpica - Manaus/AM,,,
2017-09-10 09:00:05,Lobos FA,21 - 47,Manaus Raptors,campeonato-amazonense-2017,Vila Olímpica - Manaus/AM,,,
2017-09-10 14:00:05,Manaus FA,07 - 03,North Lions,campeonato-amazonense-2017,Vila Olímpica - Manaus/AM,,,
2017-10-01 09:00:05,Manaus FA,51 - 06,Ajuricaba Warriors,campeonato-amazonense-2017,Vila Olímpica - Manaus/AM,,,
2017-10-01 14:00:05,Lobos FA,00 - 40,São Raimundo C. Cavaliers,campeonato-amazonense-2017,Vila Olímpica - Manaus/AM,,,
2017-10-08 09:00:05,North Lions,20 - 00,Manaus Raptors,campeonato-amazonense-2017,Vila Olímpica - Manaus/AM,,,
2017-10-08 14:00:05,Manaus FA,40 - 12,Amazon Black Hawks,campeonato-amazonense-2017,Vila Olímpica - Manaus/AM,,,
2017-10-15 09:00:05,North Lions,13 - 06,São Raimundo C. Cavaliers,campeonato-amazonense-2017,Vila Olímpica - Manaus/AM,,,
2017-10-15 14:00:05,Manaus Raptors,28 - 27,Ajuricaba Warriors,campeonato-amazonense-2017,Vila Olímpica - Manaus/AM,,,
2017-11-04 18:00:05,Manaus FA,20 - 12,Amazon Black Hawks,campeonato-amazonense-2017,,,,
2017-11-26 14:00:05,North Lions,27 - 06,Manaus Cavaliers,campeonato-amazonense-2017,,,,
2017-12-19 20:00:05,Manaus FA,00 - 09,North Lions,campeonato-amazonense-2017,,,,
2014-04-12 14:00:00,Flamengo Imperadores,57 - 00,Uberlândia Lobos,torneio-touchdown-2014,Estádio Luso Brasileiro – Rio de Janeiro/RJ,,,
2014-04-12 14:00:00,Jaraguá Breakers,20 - 24,Paraná HP,torneio-touchdown-2014,Estádio João Marcatto - Jaraguá do Sul/SC,,,
2014-04-13 14:00:00,Lusa Rhynos,07 - 31,Tritões FA,torneio-touchdown-2014,Estádio do Canindé - São Paulo/SP,,,
2014-04-19 14:00:00,Operário Gravediggers,06 - 49,Corinthians Steamrollers,torneio-touchdown-2014,Morenão - Campo Grande/MS,,,
2014-04-19 14:00:00,Santos Tsunami,27 - 18,Locomotiva FA,torneio-touchdown-2014,CT Meninos da Vila - Santos/SP,,,
2014-04-19 14:00:00,T-Rex,70 - 00,Canoas Bulls,torneio-touchdown-2014,Timbó/SC,,,
2014-04-26 14:00:00,Brasília V8,14 - 27,Ribeirão Preto Challengers,torneio-touchdown-2014,Brasília/DF,,,
2014-04-26 14:00:00,Vasco Almirantes,49 - 00,Juventude FA,torneio-touchdown-2014,Estádio Luso Brasileiro – Rio de Janeiro/RJ,,,
2014-04-27 14:00:00,Vitória Antares,21 - 00,Tigres FA,torneio-touchdown-2014,Estádio Manoel de Almeida Matos – Fundão/ES,,,
2014-05-03 14:00:00,Operário Gravediggers,00 - 72,Paraná HP,torneio-touchdown-2014,Morenão - Campo Grande/MS,,,
2014-05-03 15:00:00,Flamengo Imperadores,07 - 15,Jaraguá Breakers,torneio-touchdown-2014,Rio de Janeiro/RJ,,,
2014-05-10 14:00:00,Brasília V8,13 - 63,Vasco Almirantes,torneio-touchdown-2014,Estádio do CAVE - Brasilia/DF,,,
2014-05-10 14:00:00,Lusa Rhynos,23 - 22,Santos Tsunami,torneio-touchdown-2014,Estádio do Canindé - São Paulo/SP,,,
2014-05-11 14:00:00,Tritões FA,34 - 13,Locomotiva FA,torneio-touchdown-2014,Toca do Índio - Vila Velha/ES,,,
2014-05-17 14:00:00,Canoas Bulls,00 - 12,Uberlândia Lobos,torneio-touchdown-2014,Parque Esportivo PUCRS - Porto Alegre/RS,,,
2014-05-17 14:00:00,Tubarões do Cerrado,11 - 14,Vitória Antares,torneio-touchdown-2014,Brasília/DF,,,
2014-05-18 14:00:00,T-Rex,68 - 00,Juventude FA,torneio-touchdown-2014,Complexo Esportivo - Timbó/SC,,,
2014-05-24 14:00:00,Ribeirão Preto Challengers,00 - 42,Corinthians Steamrollers,torneio-touchdown-2014,Clube de Campo Empyreo - Leme/SP,,,
2014-05-24 14:00:00,Botafogo Reptiles,31 - 00,Tigres FA,torneio-touchdown-2014,Estádio Municipal - Cachoeiras de Macacu/RJ,,,
2014-05-24 14:00:00,Santos Tsunami,35 - 07,Operário Gravediggers,torneio-touchdown-2014,Santos/SP,,,
2014-05-31 14:00:00,Lusa Rhynos,46 - 00,Canoas Bulls,torneio-touchdown-2014,Estádio do Canindé - São Paulo/SP,,,
2014-05-31 14:00:00,Paraná HP,41 - 03,Brasília V8,torneio-touchdown-2014,Centro Esportivo Fanático - Campo Largo/PR,,,
2014-06-01 14:00:00,Jaraguá Breakers,61 - 07,Juventude FA,torneio-touchdown-2014,Estádio João Marcatto - Jaraguá do Sul/SC,,,
2014-06-01 14:00:00,Vitória Antares,07 - 17,Flamengo Imperadores,torneio-touchdown-2014,Ninho da Águia - Vitória/ES,,,
2014-07-26 14:00:00,Corinthians Steamrollers,00 - 49,T-Rex,torneio-touchdown-2014,Clube de Campo Empyreo - Leme/SP,,,
2014-07-26 14:00:00,Vasco Almirantes,27 - 06,Tubarões do Cerrado,torneio-touchdown-2014,Estádio Luso Brasileiro – Rio de Janeiro/RJ,,,
2014-07-27 14:00:00,Uberlândia Lobos,20 - 41,Ribeirão Preto Challengers,torneio-touchdown-2014,Poliesportivo Dona Zulmira - Uberlândia/MG,,,
2014-08-02 14:00:00,Botafogo Reptiles,21 - 20,Paraná HP,torneio-touchdown-2014,Estádio Municipal - Cachoeiras de Macacu/RJ,,,
2014-08-02 14:00:00,Locomotiva FA,00 - 28,Jaraguá Breakers,torneio-touchdown-2014,Estádio Municipal - Ibirité/MG,,,
2014-08-03 14:00:00,Tigres FA,00 - 26,Tritões FA,torneio-touchdown-2014,Campo do Iguaçu - Ipatinga/MG,,,
2014-08-09 14:00:00,Ribeirão Preto Challengers,02 - 26,Vitória Antares,torneio-touchdown-2014,Estádio Municipal - Cajuru/SP,,,
2014-08-09 14:00:00,Flamengo Imperadores,49 - 00,Operário Gravediggers,torneio-touchdown-2014,Estádio Luso Brasileiro – Rio de Janeiro/RJ,,,
2014-08-09 14:00:00,Uberlândia Lobos,00 - 61,T-Rex,torneio-touchdown-2014,Poliesportivo Dona Zulmira - Uberlândia/MG,,,
2014-08-16 14:00:00,Brasília V8,15 - 00,Locomotiva FA,torneio-touchdown-2014,Estádio do CAVE - Brasilia/DF,,,
2014-08-16 14:00:00,Corinthians Steamrollers,63 - 07,Canoas Bulls,torneio-touchdown-2014,Clube de Campo Empyreo - Leme/SP,,,
2014-08-16 14:00:00,Vasco Almirantes,40 - 06,Santos Tsunami,torneio-touchdown-2014,Estádio Luso Brasileiro – Rio de Janeiro/RJ,,,
2014-08-16 14:00:00,Juventude FA,07 - 20,Lusa Rhynos,torneio-touchdown-2014,SESI - Caxias do Sul/RS,,,
2014-08-24 14:00:00,Tigres FA,14 - 07,Operário Gravediggers,torneio-touchdown-2014,Campo do Iguaçu - Ipatinga/MG,,,
2014-08-24 14:00:00,Tritões FA,28 - 21,Botafogo Reptiles,torneio-touchdown-2014,Ninho da Águia - Vitória/ES,,,
2014-08-30 14:00:00,Ribeirão Preto Challengers,00 - 42,Flamengo Imperadores,torneio-touchdown-2014,Secretaria Municipal de Esporte - Cravinhos/SP,,,
2014-11-16 14:00:00,Tritões FA,28 - 33,Botafogo Reptiles,torneio-touchdown-2014,,,,
2014-11-16 14:00:00,Flamengo Imperadores,22 - 24,Paraná HP,torneio-touchdown-2014,,,,
2014-11-16 14:00:00,Vasco Almirantes,47 - 00,Tubarões do Cerrado,torneio-touchdown-2014,,,,
2014-11-16 15:00:00,Timbó Rex,42 - 00,Corinthians Steamrollers,torneio-touchdown-2014,,,,
2014-11-29 15:00:00,Timbó Rex,71 - 20,Botafogo Reptiles,torneio-touchdown-2014,,,,
2014-11-29 15:00:00,Vasco Almirantes,13 - 03,Paraná HP,torneio-touchdown-2014,,,,
2014-12-13 18:00:00,Timbó Rex,22 - 24,Vasco Almirantes,torneio-touchdown-2014,,,,
2014-08-30 14:00:00,Tubarões do Cerrado,40 - 00,Locomotiva FA,torneio-touchdown-2014,Estádio do CAVE - Brasilia/DF,,,
2014-08-31 14:00:00,Paraná HP,07 - 18,T-Rex,torneio-touchdown-2014,Centro Esportivo Fanático - Campo Largo/PR,,,
2014-09-06 14:00:00,Corinthians Steamrollers,06 - 36,Vasco Almirantes,torneio-touchdown-2014,Clube de Campo Empyreo - Leme/SP,,,
2014-09-06 14:00:00,Jaraguá Breakers,14 - 20,Botafogo Reptiles,torneio-touchdown-2014,Estádio João Marcatto - Jaraguá do Sul/SC,,,
2014-09-06 14:00:00,Vitória Antares,07 - 14,Lusa Rhynos,torneio-touchdown-2014,Ninho da Águia - Vitória/ES,,,
2014-09-13 14:00:00,Tigres FA,17 - 14,Brasília V8,torneio-touchdown-2014,Campo do Iguaçu - Ipatinga/MG,,,
2014-09-13 15:00:00,Tubarões do Cerrado,27 - 00,Santos Tsunami,torneio-touchdown-2014,Estádio do CAVE - Brasilia/DF,,,
2014-09-14 14:30:00,Juventude FA,09 - 15,Canoas Bulls,torneio-touchdown-2014,CT do Juventude - Caxias do Sul/RS,,,
2014-09-20 14:00:00,Operário Gravediggers,12 - 07,Uberlândia Lobos,torneio-touchdown-2014,Parque Municipal - Terenos/MS,,,
2014-09-20 14:00:00,T-Rex,40 - 14,Tritões FA,torneio-touchdown-2014,Complexo Esportivo - Timbó/SC,,,
2014-09-21 14:00:00,Botafogo Reptiles,29 - 07,Vitória Antares,torneio-touchdown-2014,Estádio Municipal - Cachoeiras de Macacu/RJ,,,
2014-09-27 14:00:00,Paraná HP,21 - 00,Juventude FA,torneio-touchdown-2014,Centro Esportivo Fanático - Campo Largo/PR,,,
2014-09-27 14:00:00,Canoas Bulls,03 - 68,Jaraguá Breakers,torneio-touchdown-2014,Parque Esportivo PUCRS - Porto Alegre/RS,,,
2014-09-27 14:00:00,Flamengo Imperadores,28 - 23,Vasco Almirantes,torneio-touchdown-2014,Estádio Luso Brasileiro – Rio de Janeiro/RJ,,,
2014-10-04 14:00:00,Locomotiva FA,21 - 00,Tigres FA,torneio-touchdown-2014,Estádio Municipal - Ibirité/MG,,,
2014-10-04 14:00:00,Uberlândia Lobos,10 - 38,Corinthians Steamrollers,torneio-touchdown-2014,Parque do Sabiá - Uberlândia/MG,,,
2014-10-04 14:00:00,Tritões FA,30 - 06,Ribeirão Preto Challengers,torneio-touchdown-2014,Ninho da Águia - Vitória/ES,,,
2014-10-05 14:00:00,Botafogo Reptiles,24 - 20,Tubarões do Cerrado,torneio-touchdown-2014,Estádio Municipal - Cachoeiras de Macacu/RJ,,,
2014-10-11 14:00:00,Lusa Rhynos,07 - 17,Botafogo Reptiles,torneio-touchdown-2014,Estádio do Canindé - São Paulo/SP,,,
2014-10-11 14:00:00,Santos Tsunami,42 - 14,Brasília V8,torneio-touchdown-2014,Santos/SP,,,
2014-10-18 14:00:00,Ribeirão Preto Challengers,03 - 00,Operário Gravediggers,torneio-touchdown-2014,CT Manoel Leão - Ribeirão Preto/SP,,,
2014-10-18 14:00:00,Locomotiva FA,03 - 55,Vasco Almirantes,torneio-touchdown-2014,Estádio Municipal - Ibirité/MG,,,
2014-10-18 14:00:00,Uberlândia Lobos,11 - 31,Tubarões do Cerrado,torneio-touchdown-2014,,,,
2014-10-18 14:00:00,Canoas Bulls,00 - 79,Paraná HP,torneio-touchdown-2014,Parque Esportivo PUCRS - Porto Alegre/RS,,,
2014-10-25 14:00:00,Corinthians Steamrollers,09 - 18,Flamengo Imperadores,torneio-touchdown-2014,Estádio Nicolau Alayon - São Paulo/SP,,,
2014-10-25 14:00:00,Vitória Antares,00 - 26,Tritões FA,torneio-touchdown-2014,Ninho da Águia - Vitória/ES,,,
2014-10-25 15:00:00,Juventude FA,17 - 27,Santos Tsunami,torneio-touchdown-2014,CT do Juventude - Caxias do Sul/RS,,,
2014-11-01 14:00:00,Tigres FA,00 - 30,Lusa Rhynos,torneio-touchdown-2014,Campo do Iguaçu - Ipatinga/MG,,,
2014-11-01 14:00:00,T-Rex,32 - 21,Jaraguá Breakers,torneio-touchdown-2014,Complexo Esportivo - Timbó/SC,,,
2014-11-02 14:00:00,Brasília V8,07 - 55,Tubarões do Cerrado,torneio-touchdown-2014,Estádio do CAVE - Brasilia/DF,,,
2017-04-15 18:00:00,Rondonópolis Hawks,12 - 37,Sorriso Hornets,campeonato-matogrossense-2017,Estádio Eng. Luthero Lopes - Rondonópolis/MT,,,
2017-04-16 14:00:00,Luverdense Overwhelming,00 - 57,Sinop Coyotes,campeonato-matogrossense-2017,Campo do Jaime Seiti Fujii - Lucas do Rio Verde/MT,,,
2017-04-30 15:00:00,Luverdense Overwhelming,00 - 49,Cuiabá Arsenal,campeonato-matogrossense-2017,Campo do Bandeirantes - Lucas do Rio Verde/MT,,,
2017-05-13 14:00:00,Sinop Coyotes,00 - 06,Sorriso Hornets,campeonato-matogrossense-2017,Estádio Gigante do Norte - Sinop/MT,,,
2017-05-13 14:00:00,Cuiabá Arsenal,17 - 21,Rondonópolis Hawks,campeonato-matogrossense-2017,Monteirão - Acorizal/MT,,,
2017-05-20 18:00:00,Sorriso Hornets,59 - 00,Luverdense Overwhelming,campeonato-matogrossense-2017,Toca do Lobo - Sorriso/MT,,,
2017-05-27 17:30:00,Sinop Coyotes,25 - 16,Rondonópolis Hawks,campeonato-matogrossense-2017,Estádio Gigante do Norte - Sinop/MT,,,
2017-05-28 19:00:00,Sorriso Hornets,18 - 07,Cuiabá Arsenal,campeonato-matogrossense-2017,Toca do Lobo - Sorriso/MT,,,
2017-06-10 15:00:00,Cuiabá Arsenal,14 - 20,Sinop Coyotes,campeonato-matogrossense-2017,Monteirão - Acorizal/MT,,,
2017-06-15 14:00:00,Rondonópolis Hawks,66 - 00,Luverdense Overwhelming,campeonato-matogrossense-2017,Estádio Eng. Luthero Lopes - Rondonópolis/MT,,,
2017-06-25 17:00:46,Sorriso Hornets,24 - 18,Sinop Coyotes,campeonato-matogrossense-2017,,,,
2013-06-01 16:00:00,Corinthians Steamrollers,34 - 00,Uberlândia Lobos,torneio-touchdown-2013,Clube de Campo Empyreo - Leme/SP,,,
2013-06-01 16:00:00,Vitória Antares,00 - 03,Locomotiva FA,torneio-touchdown-2013,Ninho da Águia - Vitória/ES,,,
2013-06-02 16:00:00,Tritões FA,20 - 00,Santos Tsunami,torneio-touchdown-2013,Toca do Índio - Vila Velha/ES,,,
2013-06-08 15:00:00,Lusa Rhynos,00 - 49,Jaraguá Breakers,torneio-touchdown-2013,Clube de Campo Empyreo - Leme/SP,,,
2013-06-08 15:00:00,Operário Gravediggers,07 - 59,Flamengo Imperadores,torneio-touchdown-2013,Morenão - Campo Grande/MS,,,
2013-06-09 16:00:00,Brasília V8,40 - 09,Juventude FA,torneio-touchdown-2013,Estádio do CAVE - Brasilia/DF,,,
2013-06-15 14:00:00,Vitória All Saints,00 - 31,Vasco Almirantes,torneio-touchdown-2013,Camaçari/BA,,,
2013-06-15 16:00:00,Ribeirão Preto Challengers,16 - 06,Tubarões do Cerrado,torneio-touchdown-2013,Estádio Santa Cruz - Ribeirão Preto/SP,,,
2013-06-15 18:30:00,Tigres FA,00 - 27,Botafogo FA,torneio-touchdown-2013,Ferreirão - Ipatinga/MG,,,
2013-06-22 13:00:00,Canoas Bulls,00 - 18,T-Rex,torneio-touchdown-2013,Parque Esportivo PUCRS - Porto Alegre/RS,,,
2013-06-22 18:30:00,Uberlândia Lobos,00 - 34,Flamengo Imperadores,torneio-touchdown-2013,Parque do Sabiá - Uberlândia/MG,,,
2013-06-23 14:00:00,Tritões FA,19 - 06,Vitória Antares,torneio-touchdown-2013,Toca do Índio - Vila Velha/ES,,,
2013-06-29 14:00:00,Corinthians Steamrollers,42 - 10,Operário Gravediggers,torneio-touchdown-2013,Clube de Campo Empyreo - Leme/SP,,,
2013-06-29 14:00:00,Santos Tsunami,00 - 14,Ribeirão Preto Challengers,torneio-touchdown-2013,CT Meninos da Vila - Santos/SP,,,
2013-06-29 15:00:00,Tubarões do Cerrado,35 - 00,Tigres FA,torneio-touchdown-2013,Estádio do CAVE - Brasilia/DF,,,
2013-07-06 14:00:00,Brasília V8,49 - 14,Vitória All Saints,torneio-touchdown-2013,Estádio do CAVE - Brasilia/DF,,,
2013-07-06 14:00:00,Vasco Almirantes,07 - 00,Locomotiva FA,torneio-touchdown-2013,Estádio Luso Brasileiro – Rio de Janeiro/RJ,,,
2013-07-07 14:00:00,Juventude FA,00 - 14,Lusa Rhynos,torneio-touchdown-2013,Estádio Alfredo Jaconi - Caxias do Sul/RS,,,
2013-07-13 14:00:00,Canoas Bulls,00 - 31,Botafogo FA,torneio-touchdown-2013,Parque Esportivo PUCRS - Porto Alegre/RS,,,
2013-07-13 14:00:00,Jaraguá Breakers,19 - 00,T-Rex,torneio-touchdown-2013,Estádio João Marcatto - Jaraguá do Sul/SC,,,
2013-07-14 14:00:00,Tritões FA,00 - 25,Corinthians Steamrollers,torneio-touchdown-2013,Toca do Índio - Vila Velha/ES,,,
2013-07-20 14:00:00,Vitória All Saints,19 - 06,Santos Tsunami,torneio-touchdown-2013,Camaçari/BA,,,
2013-07-20 15:00:00,Locomotiva FA,53 - 07,Brasília V8,torneio-touchdown-2013,Arena do Jacaré - Sete Lagoas/MG,,,
2013-07-21 14:00:00,Tigres FA,12 - 07,Vitória Antares,torneio-touchdown-2013,Ferreirão - Ipatinga/MG,,,
2013-07-27 14:00:00,Ribeirão Preto Challengers,27 - 00,Canoas Bulls,torneio-touchdown-2013,Clube de Campo Empyreo - Leme/SP,,,
2013-07-27 14:00:00,Uberlândia Lobos,18 - 19,Operário Gravediggers,torneio-touchdown-2013,Campo Vereda do Cerrado - Uberlandia/MG,,,
2013-07-27 14:00:00,Flamengo Imperadores,14 - 03,Botafogo FA,torneio-touchdown-2013,Estádio Luso Brasileiro – Rio de Janeiro/RJ,,,
2013-08-03 14:00:00,Juventude FA,07 - 69,Jaraguá Breakers,torneio-touchdown-2013,C. E. Antônio Barroso Filho - Caxias do Sul/RS,,,
2013-08-03 15:00:00,Tubarões do Cerrado,07 - 12,Vasco Almirantes,torneio-touchdown-2013,Estádio do CAVE - Brasilia/DF,,,
2013-08-04 14:00:00,T-Rex,14 - 00,Lusa Rhynos,torneio-touchdown-2013,Complexo Esportivo - Timbó/SC,,,
2013-08-10 15:00:00,Botafogo FA,27 - 26,Santos Tsunami,torneio-touchdown-2013,Estádio Municipal - Angra dos Reis/RJ,,,
2013-08-10 16:00:00,Operário Gravediggers,00 - 06,Vitória Antares,torneio-touchdown-2013,Morenão - Campo Grande/MS,,,
2013-08-11 15:00:00,Brasília V8,19 - 28,Tritões FA,torneio-touchdown-2013,Estádio do CAVE - Brasilia/DF,,,
2013-08-17 14:00:00,Locomotiva FA,13 - 00,Tubarões do Cerrado,torneio-touchdown-2013,Belo Horizonte/MG,,,
2013-08-17 14:00:00,Vasco Almirantes,22 - 08,T-Rex,torneio-touchdown-2013,Estádio Luso Brasileiro – Rio de Janeiro/RJ,,,
2013-08-17 14:00:00,Tigres FA,07 - 25,Uberlândia Lobos,torneio-touchdown-2013,Estádio Amaro Lanari Júnior - Ipatinga/MG,,,
2013-08-24 14:00:00,Canoas Bulls,00 - 09,Juventude FA,torneio-touchdown-2013,Parque Esportivo PUCRS - Porto Alegre/RS,,,
2013-08-24 14:00:00,Flamengo Imperadores,13 - 10,Ribeirão Preto Challengers,torneio-touchdown-2013,Estádio Luso Brasileiro – Rio de Janeiro/RJ,,,
2013-08-25 15:00:00,Jaraguá Breakers,26 - 07,Corinthians Steamrollers,torneio-touchdown-2013,Estádio João Marcatto - Jaraguá do Sul/SC,,,
2013-08-31 15:00:00,Operário Gravediggers,00 - 26,Brasília V8,torneio-touchdown-2013,Estádio das Moreninhas - Campo Grande/MS,,,
2013-11-16 15:00:00,Jaraguá Breakers,19 - 13,Timbó Rex,torneio-touchdown-2013,,,,
2013-11-16 15:00:00,Flamengo Imperadores,23 - 00,Vitória Antares,torneio-touchdown-2013,,,,
2013-11-17 14:00:00,Tritões FA,33 - 24,Locomotiva FA,torneio-touchdown-2013,,,,
2013-11-17 15:00:00,Vasco Almirantes,03 - 00,Corinthians Steamrollers,torneio-touchdown-2013,,,,
2013-11-30 15:00:00,Flamengo Imperadores,07 - 00,Tritões FA,torneio-touchdown-2013,,,,
2013-11-30 18:00:00,Jaraguá Breakers,15 - 00,Vasco Almirantes,torneio-touchdown-2013,,,,
2013-12-14 18:00:00,Jaraguá Breakers,15 - 11,Flamengo Imperadores,torneio-touchdown-2013,,,,
2013-09-01 12:00:00,Lusa Rhynos,28 - 12,Vitória All Saints,torneio-touchdown-2013,Clube de Campo Empyreo - Leme/SP,,,
2013-09-01 14:00:00,Tritões FA,68 - 0,Tigres FA,torneio-touchdown-2013,Toca do Índio - Vila Velha/ES,,,
2013-09-07 14:00:00,Botafogo FA,00 - 42,Vasco Almirantes,torneio-touchdown-2013,Estádio Municipal - Angra dos Reis/RJ,,,
2013-09-07 15:00:00,Canoas Bulls,12 - 15,Locomotiva FA,torneio-touchdown-2013,Parque Esportivo PUCRS - Porto Alegre/RS,,,
2013-09-08 14:00:00,Santos Tsunami,30 - 37,Lusa Rhynos,torneio-touchdown-2013,Santos/SP,,,
2013-09-14 14:00:00,T-Rex,06 - 07,Flamengo Imperadores,torneio-touchdown-2013,Complexo Esportivo - Timbó/SC,,,
2013-09-14 14:00:00,Vitória Antares,19 - 16,Juventude FA,torneio-touchdown-2013,Ninho da Águia - Vitória/ES,,,
2013-09-15 14:00:00,Ribeirão Preto Challengers,48 - 06,Uberlândia Lobos,torneio-touchdown-2013,CT Manoel Leão - Ribeirão Preto/SP,,,
2013-09-21 14:00:00,Vitória All Saints,00 - 40,Corinthians Steamrollers,torneio-touchdown-2013,Joia da Princesa - Feira de Santana/BA,,,
2013-09-21 14:00:00,Lusa Rhynos,13 - 17,Canoas Bulls,torneio-touchdown-2013,Clube de Campo Empyreo - Leme/SP,,,
2013-09-21 18:00:00,Tubarões do Cerrado,07 - 48,Jaraguá Breakers,torneio-touchdown-2013,Estádio do CAVE - Brasilia/DF,,,
2013-09-28 14:00:00,Vasco Almirantes,43 - 06,Brasília V8,torneio-touchdown-2013,Estádio Luso Brasileiro – Rio de Janeiro/RJ,,,
2013-09-28 14:00:00,Locomotiva FA,35 - 00,Uberlândia Lobos,torneio-touchdown-2013,Arena do Jacaré - Sete Lagoas/MG,,,
2013-09-28 14:00:00,Operário Gravediggers,13 - 28,Ribeirão Preto Challengers,torneio-touchdown-2013,Estádio das Moreninhas - Campo Grande/MS,,,
2013-10-05 14:00:00,Flamengo Imperadores,10 - 03,Corinthians Steamrollers,torneio-touchdown-2013,Estádio Luso Brasileiro – Rio de Janeiro/RJ,,,
2013-10-05 14:00:00,Vitória All Saints,16 - 23,Tubarões do Cerrado,torneio-touchdown-2013,Estádio Municipal - Madre de Deus/BA,,,
2013-10-05 19:00:00,Jaraguá Breakers,21 - 00,Tigres FA,torneio-touchdown-2013,Estádio João Marcatto - Jaraguá do Sul/SC,,,
2013-10-12 14:00:00,Juventude FA,00 - 61,T-Rex,torneio-touchdown-2013,Estádio Municipal - Flores da Cunha/RS,,,
2013-10-12 14:00:00,Santos Tsunami,22 - 26,Vitória Antares,torneio-touchdown-2013,CT Meninos da Vila - Santos/SP,,,
2013-10-13 14:00:00,Botafogo FA,00 - 40,Tritões FA,torneio-touchdown-2013,Estádio Caio Martins - Niterói/RJ,,,
2013-10-19 15:00:00,Locomotiva FA,21 - 00,Vitória All Saints,torneio-touchdown-2013,Arena do Jacaré - Sete Lagoas/MG,,,
2013-10-20 14:00:00,Vasco Almirantes,12 - 14,Flamengo Imperadores,torneio-touchdown-2013,Estádio Luso Brasileiro – Rio de Janeiro/RJ,,,
2013-10-20 15:00:00,Tubarões do Cerrado,24 - 10,Brasília V8,torneio-touchdown-2013,Estádio do CAVE - Brasilia/DF,,,
2013-10-26 14:00:00,Corinthians Steamrollers,30 - 00,Ribeirão Preto Challengers,torneio-touchdown-2013,Clube de Campo Empyreo - Leme/SP,,,
2013-10-26 14:00:00,Uberlândia Lobos,07 - 09,Lusa Rhynos,torneio-touchdown-2013,Poliesportivo Luizote de Freitas - Uberlândia/MG,,,
2013-10-26 14:00:00,Juventude FA,12 - 06,Operário Gravediggers,torneio-touchdown-2013,C. E. Antônio Barroso Filho - Caxias do Sul/RS,,,
2013-11-02 14:00:00,T-Rex,29 - 13,Tritões FA,torneio-touchdown-2013,Complexo Esportivo - Timbó/SC,,,
2013-11-02 14:00:00,Santos Tsunami,68 - 03,Tigres FA,torneio-touchdown-2013,CT Meninos da Vila - Santos/SP,,,
2013-11-03 14:00:00,Jaraguá Breakers,51 - 00,Canoas Bulls,torneio-touchdown-2013,Estádio João Marcatto - Jaraguá do Sul/SC,,,
2013-11-03 14:00:00,Vitória Antares,17 - 07,Botafogo FA,torneio-touchdown-2013,Ninho da Águia - Vitória/ES,,,
2012-06-23 14:00:00,Corinthians Steamrollers,34 - 17,Botafogo FA,torneio-touchdown-2012,,,,
2012-06-30 14:00:00,Operário Gravediggers,07 - 36,Ribeirão Preto Challengers,torneio-touchdown-2012,Centro Olímpico Vila Nasser - Campo Grande/MS,,,
2012-06-30 14:00:00,Brasília V8,47 - 46,Uberlândia Lobos,torneio-touchdown-2012,,,,
2012-06-30 14:00:00,Tritões FA,35 - 00,Palmeiras Locomotives,torneio-touchdown-2012,,,,
2012-07-07 14:00:00,Vitória Antares,12 - 22,Tubarões do Cerrado,torneio-touchdown-2012,,,,
2012-07-08 14:00:00,Lusa Rhynos,27 - 18,Tigres FA,torneio-touchdown-2012,,,,
2012-07-08 14:00:00,Canoas Bulls,00 - 59,T-Rex,torneio-touchdown-2012,,,,
2012-07-08 14:00:00,Santos Tsunami,34 - 09,ABC Corsários,torneio-touchdown-2012,,,,
2012-07-14 14:00:00,Brasília V8,17 - 14,Operário Gravediggers,torneio-touchdown-2012,Estádio do CAVE - Brasilia/DF,,,
2012-07-14 14:00:00,Uberlândia Lobos,14 - 48,Corinthians Steamrollers,torneio-touchdown-2012,,,,
2012-07-14 14:00:00,Botafogo FA,21 - 20,Ribeirão Preto Challengers,torneio-touchdown-2012,,,,
2012-07-15 14:00:00,Tubarões do Cerrado,00 - 25,Tritões FA,torneio-touchdown-2012,,,,
2012-07-15 14:00:00,Lusa Rhynos,06 - 20,Palmeiras Locomotives,torneio-touchdown-2012,,,,
2012-07-21 14:00:00,Tigres FA,22 - 21,Vitória Antares,torneio-touchdown-2012,,,,
2012-07-28 14:00:00,T-Rex,08 - 28,Vasco Almirantes,torneio-touchdown-2012,,,,
2012-07-28 14:00:00,Jaraguá Breakers,74 - 07,ABC Corsários,torneio-touchdown-2012,,,,
2012-08-04 14:00:00,Botafogo FA,43 - 18,Brasília V8,torneio-touchdown-2012,,,,
2012-08-04 14:00:00,Operário Gravediggers,07 - 33,Uberlândia Lobos,torneio-touchdown-2012,Centro Olímpico Vila Nasser - Campo Grande/MS,,,
2012-08-05 14:00:00,Santos Tsunami,41 - 07,Canoas Bulls,torneio-touchdown-2012,CT Meninos da Vila - Santos/SP,,,
2012-08-05 14:00:00,Ribeirão Preto Challengers,06 - 44,Corinthians Steamrollers,torneio-touchdown-2012,,,,
2012-08-11 14:00:00,Palmeiras Locomotives,00 - 21,Vitória Antares,torneio-touchdown-2012,,,,
2012-08-11 14:00:00,Tubarões do Cerrado,21 - 18,Tigres FA,torneio-touchdown-2012,,,,
2012-08-12 14:00:00,Lusa Rhynos,07 - 43,Tritões FA,torneio-touchdown-2012,,,,
2012-08-18 14:00:00,ABC Corsários,00 - 80,T-Rex,torneio-touchdown-2012,,,,
2012-08-18 14:00:00,Canoas Bulls,06 - 41,Vasco Almirantes,torneio-touchdown-2012,,,,
2012-08-19 14:00:00,Santos Tsunami,06 - 41,Jaraguá Breakers,torneio-touchdown-2012,,,,
2012-08-19 14:00:00,Corinthians Steamrollers,35 - 00,Brasília V8,torneio-touchdown-2012,,,,
2012-08-25 14:00:00,Palmeiras Locomotives,06 - 39,Botafogo FA,torneio-touchdown-2012,,,,
2012-08-26 14:00:00,Lusa Rhynos,10 - 34,Corinthians Steamrollers,torneio-touchdown-2012,,,,
2012-09-01 14:00:00,Vitória Antares,09 - 06,Lusa Rhynos,torneio-touchdown-2012,,,,
2012-09-01 14:00:00,Vasco Almirantes,13 - 07,Jaraguá Breakers,torneio-touchdown-2012,,,,
2012-09-08 14:00:00,Santos Tsunami,08 - 27,Tubarões do Cerrado,torneio-touchdown-2012,,,,
2012-09-08 14:00:00,Botafogo FA,36 - 06,Operário Gravediggers,torneio-touchdown-2012,C. E. Miécimo da Silva - Rio de Janeiro/RJ,,,
2012-09-08 14:00:00,Ribeirão Preto Challengers,23 - 10,Uberlândia Lobos,torneio-touchdown-2012,,,,
2012-09-15 14:00:00,Tritões FA,61 - 00,Tigres FA,torneio-touchdown-2012,,,,
2012-09-15 14:00:00,T-Rex,55 - 03,Santos Tsunami,torneio-touchdown-2012,,,,
2012-09-16 14:00:00,Vasco Almirantes,63 - 00,ABC Corsários,torneio-touchdown-2012,,,,
2012-09-22 14:00:00,Botafogo FA,32 - 09,Uberlândia Lobos,torneio-touchdown-2012,,,,
2012-09-22 14:00:00,Brasília V8,07 - 24,Ribeirão Preto Challengers,torneio-touchdown-2012,,,,
2012-09-22 14:00:00,Jaraguá Breakers,60 - 00,Canoas Bulls,torneio-touchdown-2012,,,,
2012-11-17 14:00:00,Ribeirão Preto Challengers,15 - 34,Corinthians Steamrollers,torneio-touchdown-2012,,,,
2012-11-17 14:00:00,Tubarões do Cerrado,03 - 10,Timbó Rex,torneio-touchdown-2012,,,,
2012-11-18 14:00:00,Botafogo FA,9 - 13,Tritões FA,torneio-touchdown-2012,,,,
2012-11-18 14:00:00,Jaraguá Breakers,06 - 07,Vasco Almirantes,torneio-touchdown-2012,,,,
2012-12-01 14:00:00,Timbó Rex,03 - 21,Corinthians Steamrollers,torneio-touchdown-2012,,,,
2012-12-02 14:00:00,Tritões FA,07 - 14,Vasco Almirantes,torneio-touchdown-2012,,,,
2012-12-15 16:00:00,Vasco Almirantes,12 - 30,Corinthians Steamrollers,torneio-touchdown-2012,,,,
2012-09-23 14:00:00,Operário Gravediggers,00 - 118,Corinthians Steamrollers,torneio-touchdown-2012,Centro Olímpico Vila Nasser - Campo Grande/MS,,,
2012-09-29 14:00:00,Lusa Rhynos,08 - 42,Tubarões do Cerrado,torneio-touchdown-2012,,,,
2012-09-29 14:00:00,Jaraguá Breakers,07 - 10,T-Rex,torneio-touchdown-2012,,,,
2012-09-30 14:00:00,Tigres FA,22 - 18,Palmeiras Locomotives,torneio-touchdown-2012,,,,
2012-09-30 14:00:00,Tritões FA,48 - 00,Vitória Antares,torneio-touchdown-2012,,,,
2012-10-06 14:00:00,ABC Corsários,08 - 19,Canoas Bulls,torneio-touchdown-2012,,,,
2012-10-06 14:00:00,Vasco Almirantes,30 - 06,Santos Tsunami,torneio-touchdown-2012,,,,
2012-10-13 14:00:00,Tubarões do Cerrado,15 - 00,Brasília V8,torneio-touchdown-2012,,,,
2012-10-13 14:00:00,Operário Gravediggers,22 - 18,Tigres FA,torneio-touchdown-2012,Centro Olímpico Vila Nasser - Campo Grande/MS,,,
2012-10-13 14:00:00,Vitória Antares,14 - 19,Uberlândia Lobos,torneio-touchdown-2012,,,,
2012-10-20 14:00:00,Tritões FA,20 - 09,Ribeirão Preto Challengers,torneio-touchdown-2012,,,,
2012-10-20 14:00:00,Botafogo FA,16 - 22,Vasco Almirantes,torneio-touchdown-2012,,,,
2012-10-21 14:00:00,Canoas Bulls,00 - 15,Palmeiras Locomotives,torneio-touchdown-2012,,,,
2012-10-27 14:00:00,Jaraguá Breakers,57 - 00,Lusa Rhynos,torneio-touchdown-2012,,,,
2012-10-27 14:00:00,T-Rex,27 - 06,Vitória Antares,torneio-touchdown-2012,,,,
2012-10-27 14:00:00,ABC Corsários,15 - 38,Tigres FA,torneio-touchdown-2012,,,,
2012-10-27 14:00:00,Corinthians Steamrollers,56 - 00,Canoas Bulls,torneio-touchdown-2012,,,,
2012-11-02 14:00:00,ABC Corsários,08 - 23,Operário Gravediggers,torneio-touchdown-2012,Mauá/SP,,,
2012-11-02 14:00:00,Uberlândia Lobos,00 - 21,T-Rex,torneio-touchdown-2012,,,,
2012-11-03 14:00:00,Vasco Almirantes,17 - 14,Tritões FA,torneio-touchdown-2012,,,,
2012-11-03 14:00:00,Ribeirão Preto Challengers,06 - 26,Jaraguá Breakers,torneio-touchdown-2012,,,,
2012-11-04 14:00:00,Brasília V8,20 - 15,Santos Tsunami,torneio-touchdown-2012,,,,
2012-11-04 14:00:00,Palmeiras Locomotives,06 - 37,Tubarões do Cerrado,torneio-touchdown-2012,,,,
2011-07-02 14:00:00,Tritões FA,39 - 00,Botafogo FA,torneio-touchdown-2011,,,,
2011-07-09 14:00:00,Palmeiras Locomotives,18 - 00,ABC Corsários,torneio-touchdown-2011,,,,
2011-07-10 14:00:00,Santos Tsunami,07 - 06,Ribeirão Preto Challengers,torneio-touchdown-2011,,,,
2011-07-16 14:00:00,Jaraguá Breakers,36 - 12,Curitiba Predadores,torneio-touchdown-2011,,,,
2011-07-17 14:00:00,Ponta Grossa Phantoms,00 - 34,Corinthians Steamrollers,torneio-touchdown-2011,,,,
2011-07-23 14:00:00,Tubarões do Cerrado,26 - 10,Uberlândia Lobos,torneio-touchdown-2011,,,,
2011-07-23 14:00:00,Ribeirão Preto Challengers,28 - 06,ABC Corsários,torneio-touchdown-2011,,,,
2011-07-30 14:00:00,Curitiba Hurricanes,00 - 06,Vasco Almirantes,torneio-touchdown-2011,,,,
2011-07-31 14:00:00,Corupá Buffalos,35 - 00,Ponta Grossa Phantoms,torneio-touchdown-2011,,,,
2011-08-06 14:00:00,T-Rex,11 - 17,Tritões FA,torneio-touchdown-2011,,,,
2011-08-06 14:00:00,Uberlândia Lobos,09 - 26,Ribeirão Preto Challengers,torneio-touchdown-2011,,,,
2011-08-13 14:00:00,Botafogo FA,14 - 13,Tubarões do Cerrado,torneio-touchdown-2011,,,,
2011-08-13 14:00:00,Santos Tsunami,03 - 31,Corupá Buffalos,torneio-touchdown-2011,,,,
2011-08-20 14:00:00,ABC Corsários,00 - 14,Botafogo FA,torneio-touchdown-2011,,,,
2011-08-21 14:00:00,Ponta Grossa Phantoms,21 - 16,T-Rex,torneio-touchdown-2011,,,,
2011-08-27 14:00:00,Vasco Almirantes,39 - 00,Uberlândia Lobos,torneio-touchdown-2011,,,,
2011-08-27 14:00:00,Palmeiras Locomotives,14 - 17,Corupá Buffalos,torneio-touchdown-2011,,,,
2011-09-03 14:00:00,Tritões FA,21 - 38,Corinthians Steamrollers,torneio-touchdown-2011,,,,
2011-09-03 14:00:00,ABC Corsários,00 - 25,Curitiba Hurricanes,torneio-touchdown-2011,,,,
2011-09-07 14:00:00,Curitiba Predadores,06 - 09,Corupá Buffalos,torneio-touchdown-2011,,,,
2011-09-10 14:00:00,Jaraguá Breakers,16 - 09,Ribeirão Preto Challengers,torneio-touchdown-2011,,,,
2011-09-10 14:00:00,Tubarões do Cerrado,06 - 09,Vasco Almirantes,torneio-touchdown-2011,,,,
2011-09-18 14:00:00,Ponta Grossa Phantoms,34 - 32,Santos Tsunami,torneio-touchdown-2011,,,,
2011-09-24 14:00:00,Curitiba Predadores,20 - 29,Botafogo FA,torneio-touchdown-2011,,,,
2011-09-25 14:00:00,Curitiba Hurricanes,12 - 02,Palmeiras Locomotives,torneio-touchdown-2011,,,,
2011-10-01 14:00:00,Vasco Almirantes,29 - 06,Jaraguá Breakers,torneio-touchdown-2011,,,,
2011-10-02 14:00:00,Corinthians Steamrollers,54 - 03,Tubarões do Cerrado,torneio-touchdown-2011,,,,
2011-10-08 14:00:00,Uberlândia Lobos,06 - 57,Tritões FA,torneio-touchdown-2011,,,,
2011-10-08 14:00:00,Curitiba Predadores,22 - 20,T-Rex,torneio-touchdown-2011,,,,
2011-10-12 14:00:00,Ribeirão Preto Challengers,06 - 07,Palmeiras Locomotives,torneio-touchdown-2011,,,,
2011-10-15 14:00:00,T-Rex,06 - 45,Corinthians Steamrollers,torneio-touchdown-2011,,,,
2011-10-16 14:00:00,Jaraguá Breakers,22 - 07,Santos Tsunami,torneio-touchdown-2011,,,,
2011-10-22 14:00:00,Corupá Buffalos,23 - 06,Curitiba Hurricanes,torneio-touchdown-2011,,,,
2011-10-22 14:00:00,Uberlândia Lobos,12 - 17,Curitiba Predadores,torneio-touchdown-2011,,,,
2011-10-23 14:00:00,Palmeiras Locomotives,28 - 46,Ponta Grossa Phantoms,torneio-touchdown-2011,,,,
2011-10-29 14:00:00,Tritões FA,43 - 07,Tubarões do Cerrado,torneio-touchdown-2011,,,,
2011-10-29 14:00:00,ABC Corsários,00 - 35,Jaraguá Breakers,torneio-touchdown-2011,,,,
2011-10-29 14:00:00,Curitiba Hurricanes,06 - 14,T-Rex,torneio-touchdown-2011,,,,
2011-11-02 14:00:00,Vasco Almirantes,24 - 13,Botafogo FA,torneio-touchdown-2011,,,,
2011-11-02 14:00:00,Corinthians Steamrollers,79 - 00,Santos Tsunami,torneio-touchdown-2011,,,,
2011-11-12 14:00:00,Vasco Almirantes,15 - 06,Corupá Buffalos,torneio-touchdown-2011,,,,
2011-11-19 14:00:00,Botafogo FA,19 - 08,Ponta Grossa Phantoms,torneio-touchdown-2011,,,,
2011-11-26 14:00:00,Tritões FA,38 - 20,Botafogo FA,torneio-touchdown-2011,,,,
2011-11-26 14:00:00,Corinthians Steamrollers,26 - 07,Vasco Almirantes,torneio-touchdown-2011,,,,
2011-12-11 17:00:00,Corinthians Steamrollers,41 - 03,Tritões FA,torneio-touchdown-2011,,,,
2010-08-21 14:00:00,Tritões FA,36 - 23,Vasco Almirantes,torneio-touchdown-2010,,,,
2010-09-19 14:00:00,Vasco Almirantes,28 - 27,Spartans Football,torneio-touchdown-2010,,,,
2010-10-02 14:00:00,Spartans Football,23 - 22,Tritões FA,torneio-touchdown-2010,,,,
2010-10-16 14:00:00,Vasco Almirantes,10 - 07,Tritões FA,torneio-touchdown-2010,,,,
2010-10-30 14:00:00,Tritões FA,20 - 12,Spartans Football,torneio-touchdown-2010,,,,
2010-11-20 14:00:00,Spartans Football,20 - 23,Vasco Almirantes,torneio-touchdown-2010,,,,
2010-08-28 14:00:00,Curitiba Hurricanes,21 - 10,Istepôs FA,torneio-touchdown-2010,,,,
2010-09-04 14:00:00,Jaraguá Breakers,14 - 20,Ponta Grossa Phantoms,torneio-touchdown-2010,,,,
2010-09-18 14:00:00,Istepôs FA,12 - 07,Curitiba Hurricanes,torneio-touchdown-2010,,,,
2010-09-26 14:00:00,Ponta Grossa Phantoms,32 - 24,Jaraguá Breakers,torneio-touchdown-2010,,,,
2010-10-09 14:00:00,Curitiba Hurricanes,15 - 13,Jaraguá Breakers,torneio-touchdown-2010,,,,
2010-10-24 14:00:00,Ponta Grossa Phantoms,21 - 24,Istepôs FA,torneio-touchdown-2010,,,,
2010-11-06 14:00:00,Jaraguá Breakers,12 - 09,Curitiba Hurricanes,torneio-touchdown-2010,,,,
2010-11-13 14:00:00,Istepôs FA,22 - 00,Ponta Grossa Phantoms,torneio-touchdown-2010,,,,
2010-11-27 14:00:00,Istepôs FA,03 - 09,Vasco Almirantes,torneio-touchdown-2010,,,,
2010-11-27 14:00:00,Tritões FA,06 - 03,Curitiba Hurricanes,torneio-touchdown-2010,,,,
2010-12-11 14:00:00,Tritões FA,07 - 00,Vasco Almirantes,torneio-touchdown-2010,,,,
2009-08-07 14:00:00,JEC Gladiators,08 - 21,Brown Spiders,torneio-touchdown-2009,,,,
2009-08-22 14:00:00,Brown Spiders,20 - 23,Coritiba Crocodiles,torneio-touchdown-2009,,,,
2009-09-12 14:00:00,Coritiba Crocodiles,31 - 21,JEC Gladiators,torneio-touchdown-2009,,,,
2009-10-11 14:00:00,Coritiba Crocodiles,12 - 20,Brown Spiders,torneio-touchdown-2009,,,,
2009-10-17 14:00:00,JEC Gladiators,06 - 12,Coritiba Crocodiles,torneio-touchdown-2009,,,,
2009-11-07 14:00:00,Brown Spiders,00 - 12,JEC Gladiators,torneio-touchdown-2009,,,,
2009-08-15 14:00:00,São Paulo Storm,16 - 12,Sorocaba Vipers,torneio-touchdown-2009,,,,
2009-08-30 14:00:00,RJ Imperadores,13 - 15,São Paulo Storm,torneio-touchdown-2009,,,,
2009-09-26 14:00:00,São Paulo Storm,10 - 20,RJ Imperadores,torneio-touchdown-2009,,,,
2009-10-10 14:00:00,Sorocaba Vipers,06 - 25,RJ Imperadores,torneio-touchdown-2009,,,,
2009-10-17 14:00:00,RJ Imperadores,49 - 00,Sorocaba Vipers,torneio-touchdown-2009,,,,
2009-10-31 14:00:00,Sorocaba Vipers,03 - 34,São Paulo Storm,torneio-touchdown-2009,,,,
2009-09-05 14:00:00,Tubarões do Cerrado,16 - 20,Cuiabá Arsenal,torneio-touchdown-2009,,,,
2009-10-24 14:00:00,Cuiabá Arsenal,30 - 00,Tubarões do Cerrado,torneio-touchdown-2009,,,,
2009-11-21 14:00:00,Coritiba Crocodiles,00 - 20,RJ Imperadores,torneio-touchdown-2009,,,,
2009-11-21 14:00:00,São Paulo Storm,28 - 27,Cuiabá Arsenal,torneio-touchdown-2009,,,,
2009-11-22 14:00:00,São Paulo Storm,07 - 14,RJ Imperadores,torneio-touchdown-2009,,,,
2017-06-18 14:00:00,Volta Redonda Falcons,00 - 16,Macaé Oilers,liga-fluminense-2017,A.A. Barbará - Barra Mansa/RJ,,,
2017-07-02 14:00:00,Macaé Oilers,37 - 18,Niterói Federals,liga-fluminense-2017,Campo do Frade - Macaé/RJ,,,
2017-07-02 14:00:00,Mamutes FA,00 - 33,Volta Redonda Falcons,liga-fluminense-2017,Estádio Ítalo del Cima - Rio de Janeiro/RJ,,,
2017-07-16 09:30:00,Blaze FA,21 - 06,Angra Destroyers,liga-fluminense-2017,C.E. Univ. Castelo Branco - Rio de Janeiro/RJ,,,
2017-07-23 14:00:00,Rio de Janeiro Islanders,39 - 14,Mamutes FA,liga-fluminense-2017,UFRJ Ilha do Fundão - Rio de Janeiro/RJ,,,
2017-08-20 14:00:00,Blaze FA,29 - 19,Nova Friburgo Yetis,liga-fluminense-2017,C.E. Univ. Castelo Branco - Rio de Janeiro/RJ,,,
2017-08-27 14:00:00,Angra Destroyers,30 - 14,Mamutes FA,liga-fluminense-2017,Vila Residencial de Mambucaba - Angra dos Reis/RJ,,,
2017-09-03 14:00:00,Rio de Janeiro Islanders,26 - 21,Volta Redonda Falcons,liga-fluminense-2017,UFRJ Ilha do Fundão - Rio de Janeiro/RJ,,,
2017-09-10 14:00:00,Niterói Federals,07 - 37,Blaze FA,liga-fluminense-2017,Clube Ponta Negra - Maricá/RJ,,,
2017-09-16 20:00:00,Angra Destroyers,07 - 13,Rio de Janeiro Islanders,liga-fluminense-2017,Estádio Municipal - Angra dos Reis/RJ,,,
2017-09-24 14:00:00,Niterói Federals,00 - 09,Nova Friburgo Yetis,liga-fluminense-2017,Clube Ponta Negra - Maricá/RJ,,,
2017-10-15 14:00:00,Macaé Oilers,02 - 13,Blaze FA,liga-fluminense-2017,CEPE - Macaé/RJ,,,
2017-10-15 14:00:00,Volta Redonda Falcons,29 - 00,Angra Destroyers,liga-fluminense-2017,A.A. Barbará - Barra Mansa/RJ,,,
2017-10-15 14:00:00,Nova Friburgo Yetis,26 - 20,Rio de Janeiro Islanders,liga-fluminense-2017,Clube Cascatinha – Nova Friburgo/RJ,,,
2017-10-22 14:00:00,Mamutes FA,00 - 34,Niterói Federals,liga-fluminense-2017,UFRJ Ilha do Fundão - Rio de Janeiro/RJ,,,
2017-10-29 15:00:00,Nova Friburgo Yetis,06 - 44,Macaé Oilers,liga-fluminense-2017,Clube Cascatinha – Nova Friburgo/RJ,,,
2017-11-11 14:00:00,Macaé Oilers,09 - 13,Niterói Federals,liga-fluminense-2017,,,,
2017-11-12 14:00:00,Nova Friburgo Yetis,25 - 22,Volta Redonda Falcons,liga-fluminense-2017,,,,
2017-11-26 14:00:00,Rio de Janeiro Islanders,22 - 11,Nova Friburgo Yetis,liga-fluminense-2017,,,,
2017-11-26 15:00:00,Blaze FA,24 - 20,Niterói Federals,liga-fluminense-2017,,,,
2017-12-10 14:00:00,Blaze FA,17 - 00,Rio de Janeiro Islanders,liga-fluminense-2017,,,,
2015-09-13 14:00:00,Jaboticabal Defenders,22 - 24,Piracicaba Cane Cutters,taca-nove-de-julho-2015,Clube de Campo Empyreo - Leme/SP,,,
2015-09-13 14:00:00,Empyreo Leme Lizards,24 - 22,Paulínia Mavericks,taca-nove-de-julho-2015,Clube de Campo Empyreo - Leme/SP,,,
2015-09-27 14:00:00,Jaboticabal Defenders,28 - 19,Empyreo Leme Lizards,taca-nove-de-julho-2015,Jaboticabal/SP,,,
2015-09-27 14:00:00,Independente Tomahawk,15 - 39,Paulínia Mavericks,taca-nove-de-julho-2015,Jaboticabal/SP,,,
2015-10-11 14:00:00,Independente Tomahawk,00 - 07,Empyreo Leme Lizards,taca-nove-de-julho-2015,Piracicaba/SP,,,
2015-10-11 14:00:00,Paulínia Mavericks,29 - 14,Piracicaba Cane Cutters,taca-nove-de-julho-2015,Piracicaba/SP,,,
2015-10-18 14:00:00,Independente Tomahawk,16 - 13,Piracicaba Cane Cutters,taca-nove-de-julho-2015,Limeira/SP,,,
2015-11-01 14:00:00,Jaboticabal Defenders,16 - 06,Independente Tomahawk,taca-nove-de-julho-2015,Jaboticabal/SP,,,
2015-11-01 14:00:00,Piracicaba Cane Cutters,06 - 31,Empyreo Leme Lizards,taca-nove-de-julho-2015,Jaboticabal/SP,,,
2015-11-08 14:00:00,Paulínia Mavericks,54 - 28,Jaboticabal Defenders,taca-nove-de-julho-2015,Paulínia/SP,,,
2015-09-12 14:00:00,Pouso Alegre Gladiadores,09 - 30,Cronos Football,taca-nove-de-julho-2015,Pouso Alegre/MG,,,
2015-09-20 14:00:00,Vikings FA,24 - 22,São Paulo Storm,taca-nove-de-julho-2015,Jundiaí/SP,,,
2015-09-20 14:00:00,Ocelots FA,03 - 06,Underdogs Football,taca-nove-de-julho-2015,Jundiaí/SP,,,
2015-10-04 14:00:00,Ocelots FA,28 - 24,Vikings FA,taca-nove-de-julho-2015,São Paulo/SP,,,
2015-10-04 14:00:00,Cronos Football,20 - 15,Underdogs Football,taca-nove-de-julho-2015,São Paulo/SP,,,
2015-10-04 14:00:00,Pouso Alegre Gladiadores,15 - 22,São Paulo Storm,taca-nove-de-julho-2015,Pouso Alegre/MG,,,
2015-10-18 14:00:00,São Paulo Storm,06 - 18,Underdogs Football,taca-nove-de-julho-2015,Paulínia/SP,,,
2015-10-18 14:00:00,Cronos Football,14 - 29,Ocelots FA,taca-nove-de-julho-2015,Paulínia/SP,,,
2015-10-18 14:00:00,Pouso Alegre Gladiadores,29 - 14,Vikings FA,taca-nove-de-julho-2015,Limeira/SP,,,
2015-11-08 14:00:00,Cronos Football,14 - 19,São Paulo Storm,taca-nove-de-julho-2015,Paulínia/SP,,,
2015-11-08 14:00:00,Underdogs Football,24 - 14,Vikings FA,taca-nove-de-julho-2015,Pouso Alegre/MG,,,
2015-11-08 14:00:00,Pouso Alegre Gladiadores,06 - 22,Ocelots FA,taca-nove-de-julho-2015,Pouso Alegre/MG,,,
2015-11-15 14:00:00,Vikings FA,24 - 33,Cronos Football,taca-nove-de-julho-2015,Jundiaí/SP,,,
2015-11-15 14:00:00,Ocelots FA,37 - 00,São Paulo Storm,taca-nove-de-julho-2015,Jundiaí/SP,,,
2015-11-15 14:00:00,Pouso Alegre Gladiadores,00 - 29,Underdogs Football,taca-nove-de-julho-2015,Pouso Alegre/MG,,,
2015-11-22 14:00:00,Ocelots FA,35 - 15,Jaboticabal Defenders,taca-nove-de-julho-2015,,,,
2015-11-22 14:00:00,Paulínia Mavericks,20 - 00,Cronos Football,taca-nove-de-julho-2015,,,,
2015-12-06 14:00:00,Empyreo Leme Lizards,21 - 00,Ocelots FA,taca-nove-de-julho-2015,,,,
2015-12-06 14:00:00,Underdogs Football,20 - 06,Paulínia Mavericks,taca-nove-de-julho-2015,,,,
2015-12-13 14:00:00,Empyreo Leme Lizards,20 - 00,Underdogs Football,taca-nove-de-julho-2015,,,,
2014-09-20 14:00:00,Vinhedo Lumberjacks,37 - 00,Avaré Mustangs,taca-nove-de-julho-2014,Vinhedo/SP,,,
2014-09-21 14:00:00,Pouso Alegre Gladiadores,06 - 27,Independente Tomahawk,taca-nove-de-julho-2014,Pouso Alegre/MG,,,
2014-09-21 14:00:00,Paulínia Mavericks,03 - 13,Empyreo Leme Lizards,taca-nove-de-julho-2014,Paulínia/SP,,,
2014-10-04 14:00:00,Empyreo Leme Lizards,41 - 08,Avaré Mustangs,taca-nove-de-julho-2014,Clube de Campo Empyreo - Leme/SP,,,
2014-10-12 14:00:00,Vinhedo Lumberjacks,00 - 03,Pouso Alegre Gladiadores,taca-nove-de-julho-2014,Vinhedo/SP,,,
2014-10-25 14:00:00,Empyreo Leme Lizards,34 - 00,Independente Tomahawk,taca-nove-de-julho-2014,Limeira/SP,,,
2014-10-25 14:00:00,Avaré Mustangs,06 - 12,Pouso Alegre Gladiadores,taca-nove-de-julho-2014,Limeira/SP,,,
2014-10-26 14:00:00,Paulínia Mavericks,20 - 06,Vinhedo Lumberjacks,taca-nove-de-julho-2014,Jundiaí/SP,,,
2014-11-09 14:00:00,Pouso Alegre Gladiadores,10 - 22,Empyreo Leme Lizards,taca-nove-de-julho-2014,Pouso Alegre/MG,,,
2014-11-09 14:00:00,Avaré Mustangs,00 - 32,Paulínia Mavericks,taca-nove-de-julho-2014,Avaré/SP,,,
2014-11-22 14:00:00,Independente Tomahawk,23 - 00,Avaré Mustangs,taca-nove-de-julho-2014,Sorocaba/SP,,,
2014-11-23 14:00:00,Empyreo Leme Lizards,13 - 00,Vinhedo Lumberjacks,taca-nove-de-julho-2014,Clube de Campo Empyreo - Leme/SP,,,
2014-11-23 14:00:00,Paulínia Mavericks,33 - 07,Pouso Alegre Gladiadores,taca-nove-de-julho-2014,Clube de Campo Empyreo - Leme/SP,,,
2014-11-29 14:00:00,Independente Tomahawk,25 - 22,Vinhedo Lumberjacks,taca-nove-de-julho-2014,Campo Jardim Santa Rosa - Cosmopolis/SP,,,
2014-11-30 14:00:00,Paulínia Mavericks,32 - 13,Independente Tomahawk,taca-nove-de-julho-2014,Paulínia/SP,,,
2014-09-27 14:00:00,Ocelots FA,07 - 09,Underdogs Football,taca-nove-de-julho-2014,Jundiaí/SP,,,
2014-09-28 14:00:00,Cougars Football,18 - 19,Vikings FA,taca-nove-de-julho-2014,Mairinque/SP,,,
2014-09-28 14:00:00,Nemesis Football,31 - 02,Osasco Soldiers,taca-nove-de-julho-2014,Mairinque/SP,,,
2014-10-18 14:00:00,Osasco Soldiers,23 - 08,Cougars Football,taca-nove-de-julho-2014,Osasco/SP,,,
2014-10-19 14:00:00,Nemesis Football,14 - 10,Underdogs Football,taca-nove-de-julho-2014,Mairinque/SP,,,
2014-10-19 14:00:00,Ocelots FA,43 - 06,Vikings FA,taca-nove-de-julho-2014,Mairinque/SP,,,
2014-11-01 14:00:00,Ocelots FA,48 - 00,Nemesis Football,taca-nove-de-julho-2014,Jundiaí/SP,,,
2014-11-02 14:00:00,Vikings FA,06 - 25,Osasco Soldiers,taca-nove-de-julho-2014,Rio Grande da Serra/SP,,,
2014-11-02 14:00:00,Cougars Football,06 - 50,Underdogs Football,taca-nove-de-julho-2014,Rio Grande da Serra/SP,,,
2014-11-15 14:00:00,Vikings FA,07 - 20,Underdogs Football,taca-nove-de-julho-2014,Rio Grande da Serra/SP,,,
2014-11-16 14:00:00,Ocelots FA,77 - 00,Osasco Soldiers,taca-nove-de-julho-2014,Jundiaí/SP,,,
2014-11-16 14:00:00,Cougars Football,06 - 48,Nemesis Football,taca-nove-de-julho-2014,Jundiaí/SP,,,
2014-11-22 14:00:00,Nemesis Football,62 - 06,Vikings FA,taca-nove-de-julho-2014,Sorocaba/SP,,,
2014-11-23 14:00:00,Cougars Football,00 - 63,Ocelots FA,taca-nove-de-julho-2014,Barueri/SP,,,
2014-11-23 14:00:00,Underdogs Football,21 - 00,Osasco Soldiers,taca-nove-de-julho-2014,W.O.,,,
2014-12-07 14:00:00,Paulínia Mavericks,30 - 02,Nemesis Football,taca-nove-de-julho-2014,,,,
2014-12-07 14:00:00,Tomahawk FA,33 - 20,Underdogs Football,taca-nove-de-julho-2014,,,,
2014-12-14 14:00:00,Empyreo Leme Lizards,41 - 13,Tomahawk FA,taca-nove-de-julho-2014,,,,
2014-12-14 14:00:00,Ocelots FA,42 - 13,Paulínia Mavericks,taca-nove-de-julho-2014,,,,
2014-12-21 14:00:00,Empyreo Leme Lizards,03 - 06,Ocelots FA,taca-nove-de-julho-2014,,,,
2013-09-07 14:00:00,Nemesis Football,21 - 07,Empyreo Leme Lizards,taca-nove-de-julho-2013,Mairinque/SP,,,
2013-09-07 14:00:00,Pouso Alegre Gladiadores,07 - 14,Vinhedo Lumberjacks,taca-nove-de-julho-2013,Paulínia/SP,,,
2013-09-08 14:00:00,Paulínia Mavericks,12 - 09,Independente Tomahawk,taca-nove-de-julho-2013,Paulínia/SP,,,
2013-09-29 14:00:00,Empyreo Leme Lizards,10 - 13,Vinhedo Lumberjacks,taca-nove-de-julho-2013,Clube de Campo Empyreo - Leme/SP,,,
2013-09-29 14:00:00,Independente Tomahawk,08 - 28,Nemesis Football,taca-nove-de-julho-2013,Clube de Campo Empyreo - Leme/SP,,,
2013-09-29 14:00:00,Paulínia Mavericks,18 - 26,Pouso Alegre Gladiadores,taca-nove-de-julho-2013,Pouso Alegre/MG,,,
2013-10-12 14:00:00,Vinhedo Lumberjacks,07 - 00,Nemesis Football,taca-nove-de-julho-2013,Vinhedo/SP,,,
2013-10-13 14:00:00,Empyreo Leme Lizards,20 - 14,Paulínia Mavericks,taca-nove-de-julho-2013,Clube de Campo Empyreo - Leme/SP,,,
2013-10-13 14:00:00,Independente Tomahawk,07 - 14,Pouso Alegre Gladiadores,taca-nove-de-julho-2013,Clube de Campo Empyreo - Leme/SP,,,
2013-11-02 14:00:00,Empyreo Leme Lizards,13 - 10,Pouso Alegre Gladiadores,taca-nove-de-julho-2013,Pouso Alegre/MG,,,
2013-11-03 14:00:00,Independente Tomahawk,00 - 33,Vinhedo Lumberjacks,taca-nove-de-julho-2013,Paulínia/SP,,,
2013-11-03 14:00:00,Paulínia Mavericks,08 - 17,Nemesis Football,taca-nove-de-julho-2013,Paulínia/SP,,,
2013-11-15 14:00:00,Paulínia Mavericks,06 - 21,Vinhedo Lumberjacks,taca-nove-de-julho-2013,Vinhedo/SP,,,
2013-11-16 14:00:00,Independente Tomahawk,03 - 06,Empyreo Leme Lizards,taca-nove-de-julho-2013,Clube de Campo Empyreo - Leme/SP,,,
2013-11-16 14:00:00,Pouso Alegre Gladiadores,03 - 13,Nemesis Football,taca-nove-de-julho-2013,Clube de Campo Empyreo - Leme/SP,,,
2013-09-21 14:00:00,ABC Corsários,08 - 13,Ocelots FA,taca-nove-de-julho-2013,Jundiaí/SP,,,
2013-09-22 14:00:00,Cougars Football,14 - 06,Osasco Soldiers,taca-nove-de-julho-2013,Ribeirão Pires/SP,,,
2013-09-22 14:00:00,São Paulo Saints,18 - 00,Suzano Arcanjos,taca-nove-de-julho-2013,Osasco/SP,,,
2013-10-06 14:00:00,São Paulo Saints,06 - 09,Cougars Football,taca-nove-de-julho-2013,Guarulhos/SP,,,
2013-10-06 14:00:00,ABC Corsários,15 - 00,Suzano Arcanjos,taca-nove-de-julho-2013,Osasco/SP,,,
2013-10-06 14:00:00,Osasco Soldiers,00 - 33,Ocelots FA,taca-nove-de-julho-2013,Osasco/SP,,,
2013-10-20 14:00:00,Osasco Soldiers,09 - 34,ABC Corsários,taca-nove-de-julho-2013,Barueri/SP,,,
2013-10-20 14:00:00,Cougars Football,60 - 06,Suzano Arcanjos,taca-nove-de-julho-2013,Jundiaí/SP,,,
2013-10-20 14:00:00,São Paulo Saints,00 - 09,Ocelots FA,taca-nove-de-julho-2013,Jundiaí/SP,,,
2013-11-09 14:00:00,Osasco Soldiers,33 - 00,Suzano Arcanjos,taca-nove-de-julho-2013,Suzano/SP,,,
2013-11-09 14:00:00,ABC Corsários,09 - 10,São Paulo Saints,taca-nove-de-julho-2013,Osasco/SP,,,
2013-11-09 14:00:00,Ocelots FA,00 - 21,Cougars Football,taca-nove-de-julho-2013,Osasco/SP,,,
2013-11-15 14:00:00,Ocelots FA,71 - 06,Suzano Arcanjos,taca-nove-de-julho-2013,Vinhedo/SP,,,
2013-11-17 14:00:00,Cougars Football,14 - 16,ABC Corsários,taca-nove-de-julho-2013,Osasco/SP,,,
2013-11-17 14:00:00,Osasco Soldiers,00 - 27,São Paulo Saints,taca-nove-de-julho-2013,Osasco/SP,,,
2013-12-01 10:00:00,Empyreo Leme Lizards,10 - 13,Ocelots FA,taca-nove-de-julho-2013,,,,
2013-12-01 15:00:00,Nemesis Football,19 - 07,São Paulo Saints,taca-nove-de-julho-2013,,,,
2013-12-08 11:00:00,Vinhedo Lumberjacks,09 - 06,Ocelots FA,taca-nove-de-julho-2013,,,,
2013-12-08 15:00:00,Cougars Football,19 - 40,Nemesis Football,taca-nove-de-julho-2013,,,,
2013-12-15 14:00:00,Nemesis Football,06 - 09,Vinhedo Lumberjacks,taca-nove-de-julho-2013,,,,
2017-03-25 15:00:00,Falcões,24 - 00,Rio de Janeiro Sharks,carioca-bowl-2017,Praia do Botafogo - Rio de Janeiro/RJ,,,
2017-04-02 15:00:00,Piratas de Copacabana,00 - 31,Cabo Frio Rocks,carioca-bowl-2017,Praia de Copacabana - Rio de Janeiro/RJ,,,
2017-04-08 15:00:00,Ipanema Tatuís,00 - 03,Rio de Janeiro Sharks,carioca-bowl-2017,Praia do Botafogo - Rio de Janeiro/RJ,,,
2017-04-09 15:00:00,Falcões,34 - 13,Piratas de Copacabana,carioca-bowl-2017,Praia do Botafogo - Rio de Janeiro/RJ,,,
2017-04-15 15:00:00,Rio de Janeiro Sharks,14 - 13,Piratas de Copacabana,carioca-bowl-2017,Praia do Botafogo - Rio de Janeiro/RJ,,,
2017-04-22 15:00:00,Cabo Frio Rocks,17 - 00,Ipanema Tatuís,carioca-bowl-2017,Praia Do Forte - Cabo Frio/RJ,,,
2017-04-30 15:00:00,Cabo Frio Rocks,34 - 00,Falcões,carioca-bowl-2017,Rio de Janeiro/RJ,,,
2017-05-07 15:00:00,Piratas de Copacabana,03 - 14,Ipanema Tatuís,carioca-bowl-2017,Rio de Janeiro/RJ,,,
2017-05-20 15:00:00,Rio de Janeiro Sharks,12 - 14,Cabo Frio Rocks,carioca-bowl-2017,Rio de Janeiro/RJ,,,
2017-05-21 15:00:00,Ipanema Tatuís,00 - 21,Falcões,carioca-bowl-2017,Rio de Janeiro/RJ,,,
2017-06-04 15:00:00,Falcões,17 - 14,Rio de Janeiro Sharks,carioca-bowl-2017,,,,
2017-06-18 15:00:00,Cabo Frio Rocks,25 - 08,Falcões,carioca-bowl-2017,,,,
2015-04-18 14:00:00,Cuiabá Arsenal,21 - 00,Rondonópolis Hawks,campeonato-mato-grossense-2015,Cuiabá/MT,,,
2015-04-19 14:00:00,Sorriso Hornets,15 - 33,Sinop Coyotes,campeonato-mato-grossense-2015,Sorriso/MT,,,
2015-05-02 14:00:00,Tangará Taurus,00 - 72,Sinop Coyotes,campeonato-mato-grossense-2015,Sinop/MT,,,
2015-05-17 14:00:00,Rondonópolis Hawks,13 - 35,Cuiabá Arsenal,campeonato-mato-grossense-2015,Rondonópolis/MT,,,
2015-05-23 14:00:00,Tangará Taurus,02 - 46,Sorriso Hornets,campeonato-mato-grossense-2015,Estádio Mané Garrincha - Tangará da Serra/MT,,,
2015-05-31 14:00:00,Sorriso Hornets,26 - 03,Rondonópolis Hawks,campeonato-mato-grossense-2015,,,,
2015-05-31 18:00:00,Sinop Coyotes,08 - 40,Cuiabá Arsenal,campeonato-mato-grossense-2015,,,,
2017-09-24 14:00:16,Bulldogs FA,32 - 00,Carlos Barbosa Ximangos,copa-rs-2017,Estádio Edmundo Feix - Venâncio Aires/RS,,,
2017-10-01 14:00:16,Porto Alegre Warriors,54 - 00,Viamão Raptors,copa-rs-2017,Parque Esportivo PUCRS - Porto Alegre/RS,,,
2017-10-15 14:00:16,Carlos Barbosa Ximangos,16 - 20,Porto Alegre Warriors,copa-rs-2017,Clube Serrano - Carlos Barbosa/RS,,,
2017-10-22 14:30:16,Viamão Raptors,00 - 34,Bulldogs FA,copa-rs-2017,Estádio Edmundo Feix - Venâncio Aires/RS,,,
2017-11-18 14:30:16,Carlos Barbosa Ximangos,55 - 02,Viamão Raptors,copa-rs-2017,Clube Serrano - Carlos Barbosa/RS,,,
2017-11-19 15:00:16,Bulldogs FA,29 - 17,Porto Alegre Warriors,copa-rs-2017,Estádio Edmundo Feix - Venâncio Aires/RS,,,
2017-12-03 14:30:16,Carlos Barbosa Ximangos,50 - 06,Viamão Raptors,copa-rs-2017,,,,
2017-12-17 15:15:16,Bulldogs FA,07 - 00,Porto Alegre Warriors,copa-rs-2017,,,,
2015-05-09 14:00:00,Brasília Templários,07 - 59,Brasília Alligators,campeonato-candango-2015,Estádio Bezerrão - Gama/DF,,,
2015-05-24 14:00:00,Brasília V8,28 - 06,Brasília Templários,campeonato-candango-2015,Estádio Bezerrão - Gama/DF,,,
2015-06-14 14:00:00,Brasília Alligators,07 - 06,Brasília V8,campeonato-candango-2015,Estádio Bezerrão - Gama/DF,,,
2015-04-11 14:00:00,Goiânia Tigres,25 - 12,Gama Leões de Judá,campeonato-candango-2015,ASBEG - Aparecida de Goiânia/GO,,,
2015-05-10 14:00:00,Gama Leões de Judá,09 - 36,Goiânia Tigres,campeonato-candango-2015,Estádio Bezerrão - Gama/DF,,,
2015-06-21 14:00:00,Brasília Templários,06 - 53,Leões de Judá,campeonato-candango-2015,,,,
2015-07-04 14:00:00,Leões de Judá,26 - 13,Brasília Alligators,campeonato-candango-2015,,,,
2015-07-05 14:00:00,Brasília V8,15 - 33,Goiânia Tigres,campeonato-candango-2015,,,,
2015-07-19 09:00:00,Brasília V8,19 - 12,Brasília Alligators,campeonato-candango-2015,,,,
2015-07-19 14:00:00,Goiânia Tigres,06 - 21,Leões de Judá,campeonato-candango-2015,,,,
2017-09-10 10:00:54,B.P.S. Football,14 - 15,Caraguá Ghostship,pick-six-cup-2017,Estádio Municipal - Mauá/SP,,,
2017-09-10 14:00:54,Vikings FA,34 - 14,São Roque Fighters,pick-six-cup-2017,Estádio Municipal - Mauá/SP,,,
2017-10-01 10:00:54,Vikings FA,12 - 15,B.P.S. Football,pick-six-cup-2017,Estádio Municipal Vila Nova - São Roque/SP,,,
2017-10-01 14:00:54,São Roque Fighters,06 - 42,Caraguá Ghostship,pick-six-cup-2017,Estádio Municipal Vila Nova - São Roque/SP,,,
2017-11-26 10:00:54,Caraguá Ghostship,29 - 14,Vikings FA,pick-six-cup-2017,Estádio Municipal Vila Nova - São Roque/SP,,,
2017-11-26 14:00:54,B.P.S. Football,18 - 06,São Roque Fighters,pick-six-cup-2017,Estádio Municipal Vila Nova - São Roque/SP,,,
2017-12-17 10:00:54,Vikings FA,31 - 00,São Roque Fighters,pick-six-cup-2017,,,,
2017-12-17 15:00:54,Caraguá Ghostship,21 - 08,B.P.S. Football,pick-six-cup-2017,,,,
2014-03-15 09:30:00,Gama Leões de Judá,00 - 54,Goiânia Tigres,campeonato-candango-2014,Estádio do CAVE - Brasilia/DF,,,
2014-03-15 14:00:00,Brasília V8,49 - 00,Brasília Alligators,campeonato-candango-2014,Estádio do CAVE - Brasilia/DF,,,
2014-03-23 09:30:00,Brasília V8,36 - 00,Goiânia Tigres,campeonato-candango-2014,Estádio do CAVE - Brasilia/DF,,,
2014-03-23 14:30:00,Brasília Alligators,14 - 17,Gama Leões de Judá,campeonato-candango-2014,Estádio do CAVE - Brasilia/DF,,,
2014-03-30 09:30:00,Brasília Alligators,18 - 06,Leões de Judá,campeonato-candango-2014,,,,
2014-03-30 14:30:00,Goiânia Tigres,20 - 34,Brasília V8,campeonato-candango-2014,,,,
2017-08-27 10:00:00,Nemesis Football,12 - 35,Empyreo Leme Lizards,taca-nove-de-julho-2017,Pç. de Esp. Irmãos Vedovello - Paulínia/SP,,,
2017-08-27 10:00:00,Tatuapé Monsters,35 - 08,Cronos Football,taca-nove-de-julho-2017,CT Touchdown - São Paulo/SP,,,
2017-08-27 14:00:00,Paulínia Mavericks,37 - 34,Independente Tomahawk,taca-nove-de-julho-2017,Pç. de Esp. Irmãos Vedovello - Paulínia/SP,,,
2017-08-27 14:00:00,Diadema Storm,21 - 20,Spartans Football,taca-nove-de-julho-2017,CT Touchdown - São Paulo/SP,,,
2017-09-10 10:00:00,Nemesis Football,09 - 27,Paulínia Mavericks,taca-nove-de-julho-2017,Campo Parronchi - Limeira/SP,,,
2017-09-10 10:00:00,Tatuapé Monsters,20 - 22,Diadema Storm,taca-nove-de-julho-2017,CT Touchdown - São Paulo/SP,,,
2017-09-10 14:00:00,Independente Tomahawk,07 - 47,Empyreo Leme Lizards,taca-nove-de-julho-2017,Campo Parronchi - Limeira/SP,,,
2017-09-10 14:00:00,Spartans Football,14 - 20,Cronos Football,taca-nove-de-julho-2017,CT Touchdown - São Paulo/SP,,,
2017-09-24 10:00:00,Independente Tomahawk,39 - 00,Nemesis Football,taca-nove-de-julho-2017,Clube de Campo Empyreo - Leme/SP,,,
2017-09-24 10:00:00,Diadema Storm,48 - 22,Cronos Football,taca-nove-de-julho-2017,CT Touchdown - São Paulo/SP,,,
2017-09-24 14:00:00,Empyreo Leme Lizards,54 - 00,Paulínia Mavericks,taca-nove-de-julho-2017,Clube de Campo Empyreo - Leme/SP,,,
2017-09-24 14:00:00,Tatuapé Monsters,02 - 07,Spartans Football,taca-nove-de-julho-2017,CT Touchdown - São Paulo/SP,,,
2017-10-08 10:00:00,Empyreo Leme Lizards,46 - 02,Tatuapé Monsters,taca-nove-de-julho-2017,Clube de Campo Empyreo - Leme/SP,,,
2017-10-08 10:00:00,Spartans Football,08 - 06,Paulínia Mavericks,taca-nove-de-julho-2017,CT Touchdown - São Paulo/SP,,,
2017-10-08 14:00:00,Cronos Football,08 - 62,Independente Tomahawk,taca-nove-de-julho-2017,Clube de Campo Empyreo - Leme/SP,,,
2017-10-08 14:00:00,Nemesis Football,00 - 49,Diadema Storm,taca-nove-de-julho-2017,W.O.,,,
2017-10-22 10:00:00,Spartans Football,00 - 36,Tomahawk FA,taca-nove-de-julho-2017,,,,
2017-10-22 14:00:00,Paulínia Mavericks,00 - 22,Tatuapé Monsters,taca-nove-de-julho-2017,,,,
2017-11-19 10:00:00,Diadema Storm,30 - 62,Tomahawk FA,taca-nove-de-julho-2017,,,,
2017-11-19 14:00:00,Empyreo Leme Lizards,21 - 06,Tatuapé Monsters,taca-nove-de-julho-2017,,,,
2017-12-10 10:00:00,Empyreo Leme Lizards,27 - 26,Tomahawk FA,taca-nove-de-julho-2017,,,,
2014-03-15 14:00:00,Maringá Pyros,49 - 14,Unicentro Knights,campeonato-paranaense-2014,Campo de Iguatemi - Maringá/PR,,,
2014-03-16 14:00:00,Brown Spiders,22 - 03,UFPR Legends,campeonato-paranaense-2014,Clube Imperial - Curitiba/PR,,,
2014-03-16 14:00:00,Paraná HP,00 - 10,Coritiba Crocodiles,campeonato-paranaense-2014,Centro Esportivo Fanático - Campo Largo/PR,,,
2014-03-16 14:00:00,PRC Guardian Saints,19 - 44,Foz Black Sharks,campeonato-paranaense-2014,Curitiba/PR,,,
2014-03-30 14:00:00,Brown Spiders,44 - 03,Unicentro Knights,campeonato-paranaense-2014,Curitiba/PR,,,
2014-03-30 14:00:00,UFPR Legends,03 - 22,Coritiba Crocodiles,campeonato-paranaense-2014,UFPR Campus de Agrárias - Curitiba/PR,,,
2014-03-30 14:00:00,Foz Black Sharks,07 - 42,Paraná HP,campeonato-paranaense-2014,Foz do Iguaçu/PR,,,
2014-03-30 14:00:00,Maringá Pyros,28 - 20,PRC Guardian Saints,campeonato-paranaense-2014,Maringá/PR,,,
2014-04-12 14:00:00,Coritiba Crocodiles,27 - 00,Brown Spiders,campeonato-paranaense-2014,Clube Imperial - Curitiba/PR,,,
2014-04-12 14:00:00,Maringá Pyros,09 - 06,Foz Black Sharks,campeonato-paranaense-2014,Campo de Iguatemi - Maringá/PR,,,
2014-04-13 14:00:00,UFPR Legends,08 - 12,Paraná HP,campeonato-paranaense-2014,UFPR Campus de Agrárias - Curitiba/PR,,,
2014-04-13 14:00:00,Unicentro Knights,13 - 14,PRC Guardian Saints,campeonato-paranaense-2014,Irati/PR,,,
2014-04-26 14:00:00,Coritiba Crocodiles,49 - 03,Maringá Pyros,campeonato-paranaense-2014,Curitiba/PR,,,
2014-04-26 14:00:00,Unicentro Knights,00 - 66,Paraná HP,campeonato-paranaense-2014,Irati/PR,,,
2014-04-27 09:00:00,PRC Guardian Saints,07 - 21,Brown Spiders,campeonato-paranaense-2014,Curitiba/PR,,,
2014-04-27 14:00:00,Foz Black Sharks,09 - 21,UFPR Legends,campeonato-paranaense-2014,Foz do Iguaçu/PR,,,
2014-05-17 09:30:00,UFPR Legends,29 - 07,PRC Guardian Saints,campeonato-paranaense-2014,Clube Imperial - Curitiba/PR,,,
2014-05-17 14:00:00,Coritiba Crocodiles,70 - 00,Unicentro Knights,campeonato-paranaense-2014,Clube Imperial - Curitiba/PR,,,
2014-05-18 14:00:00,Paraná HP,86 - 00,Maringá Pyros,campeonato-paranaense-2014,Centro Esportivo Fanático - Campo Largo/PR,,,
2014-05-18 14:00:00,Foz Black Sharks,28 - 20,Brown Spiders,campeonato-paranaense-2014,Foz do Iguaçu/PR,,,
2014-05-31 14:00:00,Brown Spiders,38 - 36,Maringá Pyros,campeonato-paranaense-2014,Clube Imperial - Curitiba/PR,,,
2014-06-01 14:00:00,Paraná HP,72 - 00,PRC Guardian Saints,campeonato-paranaense-2014,Centro Esportivo Fanático - Campo Largo/PR,,,
2014-06-01 14:00:00,UFPR Legends,30 - 00,Unicentro Knights,campeonato-paranaense-2014,UFPR Campus de Agrárias - Curitiba/PR,,,
2014-06-01 14:00:00,Foz Black Sharks,02 - 21,Coritiba Crocodiles,campeonato-paranaense-2014,Foz do Iguaçu/PR,,,
2014-06-15 09:00:00,Maringá Pyros,21 - 20,UFPR Legends,campeonato-paranaense-2014,Estádio Willie Davids - Maringá/PR,,,
2014-06-15 09:30:00,Unicentro Knights,00 - 49,Foz Black Sharks,campeonato-paranaense-2014,W.O.,,,
2014-06-15 14:00:00,Paraná HP,38 - 00,Brown Spiders,campeonato-paranaense-2014,Centro Esportivo Fanático - Campo Largo/PR,,,
2014-06-15 14:00:00,PRC Guardian Saints,02 - 72,Coritiba Crocodiles,campeonato-paranaense-2014,Curitiba/PR,,,
2014-07-05 10:00:00,Brown Spiders,32 - 30,Maringá Pyros,campeonato-paranaense-2014,,,,
2014-07-05 15:00:00,Coritiba Crocodiles,07 - 06,Paraná HP,campeonato-paranaense-2014,,,,
2012-03-03 18:00:00,Foz Black Sharks,14 - 17,Brown Spiders,campeonato-paranaense-2012,Estádio do ABC - Foz do Iguaçu/PR,,,
2012-03-04 14:00:00,Curitiba Predadores,33 - 07,UFPR Legends,campeonato-paranaense-2012,Campo São Gabriel – Colombo/PR,,,
2012-03-04 14:00:00,Ponta Grossa Phantoms,00 - 06,Curitiba Hurricanes,campeonato-paranaense-2012,Campo do Olinda - Ponta Grossa/PR,,,
2012-03-10 14:00:00,UFPR Legends,00 - 41,Brown Spiders,campeonato-paranaense-2012,Curitiba/PR,,,
2012-03-11 14:00:00,Coritiba Crocodiles,34 - 24,Ponta Grossa Phantoms,campeonato-paranaense-2012,Campo do Olinda - Ponta Grossa/PR,,,
2012-03-11 14:00:00,Curitiba Hurricanes,10 - 03,Curitiba Predadores,campeonato-paranaense-2012,Clube Imperial - Curitiba/PR,,,
2012-03-24 14:30:00,Brown Spiders,35 - 00,Curitiba Hurricanes,campeonato-paranaense-2012,Clube Imperial - Curitiba/PR,,,
2012-03-24 18:00:00,Foz Black Sharks,19 - 00,UFPR Legends,campeonato-paranaense-2012,Estádio do ABC - Foz do Iguaçu/PR,,,
2012-03-25 14:30:00,Coritiba Crocodiles,24 - 00,Curitiba Predadores,campeonato-paranaense-2012,Clube Imperial - Curitiba/PR,,,
2012-03-31 14:30:00,Brown Spiders,13 - 19,Coritiba Crocodiles,campeonato-paranaense-2012,Clube Imperial - Curitiba/PR,,,
2012-04-01 14:00:00,Ponta Grossa Phantoms,06 - 07,Curitiba Predadores,campeonato-paranaense-2012,Olarias/PR,,,
2012-04-01 14:00:00,Curitiba Hurricanes,07 - 08,Foz Black Sharks,campeonato-paranaense-2012,Curitiba/PR,,,
2012-04-14 14:30:00,Coritiba Crocodiles,13 - 00,Curitiba Hurricanes,campeonato-paranaense-2012,Clube Imperial - Curitiba/PR,,,
2012-04-15 09:30:00,Curitiba Predadores,12 - 07,Foz Black Sharks,campeonato-paranaense-2012,Colombo/PR,,,
2012-04-15 14:00:00,UFPR Legends,06 - 35,Ponta Grossa Phantoms,campeonato-paranaense-2012,Curitiba/PR,,,
2012-04-21 00:00:00,Foz Black Sharks,06 - 12,Ponta Grossa Phantoms,campeonato-paranaense-2012,Estádio do ABC - Foz do Iguaçu/PR,,,
2012-04-21 00:00:00,UFPR Legends,00 - 41,Coritiba Crocodiles,campeonato-paranaense-2012,Curitiba/PR,,,
2012-04-22 00:00:00,Curitiba Predadores,14 - 00,Brown Spiders,campeonato-paranaense-2012,Colombo/PR,,,
2012-05-05 14:30:00,Coritiba Crocodiles,21 - 00,Foz Black Sharks,campeonato-paranaense-2012,Clube Imperial - Curitiba/PR,,,
2012-05-06 09:30:00,Curitiba Hurricanes,17 - 14,UFPR Legends,campeonato-paranaense-2012,Clube Imperial - Curitiba/PR,,,
2012-05-06 14:30:00,Brown Spiders,33 - 06,Ponta Grossa Phantoms,campeonato-paranaense-2012,Clube Imperial - Curitiba/PR,,,
2012-05-20 09:30:00,Brown Spiders,16 - 15,Curitiba Hurricanes,campeonato-paranaense-2012,,,,
2012-05-20 14:30:00,Coritiba Crocodiles,36 - 11,Curitiba Predadores,campeonato-paranaense-2012,,,,
2013-09-21 14:00:00,UFPR Legends,29 - 08,PRC Guardian Saints,copa-integracao-2013,Curitiba/PR,,,
2013-09-22 15:00:00,Foz Black Sharks,14 - 12,Maringá Pyros,copa-integracao-2013,Estádio do ABC - Foz do Iguaçu/PR,,,
2013-10-05 14:00:00,PRC Guardian Saints,20 - 41,Londrina Barons,copa-integracao-2013,Curitiba/PR,,,
2013-10-06 09:00:00,Maringá Pyros,29 - 21,Francisco Beltrão Red Feet,copa-integracao-2013,Campo de Iguatemi - Maringá/PR,,,
2013-10-19 19:00:00,Francisco Beltrão Red Feet,07 - 13,Foz Black Sharks,copa-integracao-2013,Dois Vizinhos/PR,,,
2013-10-20 14:00:00,Londrina Barons,09 - 23,UFPR Legends,copa-integracao-2013,Cambé/PR,,,
2013-11-02 14:00:00,Londrina Barons,00 - 19,Maringá Pyros,copa-integracao-2013,,,,
2013-11-02 19:00:00,UFPR Legends,03 - 10,Foz do Iguaçu Black Sharks,copa-integracao-2013,,,,
2017-09-10 13:00:41,Guarapuava DarkWolves,00 - 16,Francisco Beltrão Red Feet,copa-fronteira-2017,Campo Municipal - Guarapuava/PR,,,
2017-09-23 14:00:41,Francisco Beltrão Red Feet,17 - 09,São Miguel Indians,copa-fronteira-2017,Arrudão - Francisco Beltrão/PR,,,
2017-10-15 14:00:41,São Miguel Indians,50 - 00,Guarapuava DarkWolves,copa-fronteira-2017,Estádio Pr. Aurélio Canzi - São Miguel do Oeste/SC,,,
2017-11-04 15:00:41,Guarapuava DarkWolves,06 - 16,São Miguel Indians,copa-fronteira-2017,Campo Municipal - Guarapuava/PR,,,
2017-11-18 14:30:41,Francisco Beltrão Red Feet,25 - 02,Guarapuava DarkWolves,copa-fronteira-2017,Arrudão - Francisco Beltrão/PR,,,
2017-12-03 15:00:41,São Miguel Indians,10 - 00,Francisco Beltrão Red Feet,copa-fronteira-2017,,,,
2015-05-30 19:00:00,Ajuricaba Warriors,12 - 06,São Raimundo C. Cavaliers,campeonato-amazonense-2015,SEST SENAT - Manaus/AM,,,
2015-05-31 09:00:00,Lobos FA,06 - 23,Amazon Black Hawks,campeonato-amazonense-2015,SEST SENAT - Manaus/AM,,,
2015-05-31 14:00:00,North Lions,18 - 00,Manaus FA,campeonato-amazonense-2015,SEST SENAT - Manaus/AM,,,
2015-06-07 09:00:00,Amazon Black Hawks,06 - 26,Ajuricaba Warriors,campeonato-amazonense-2015,SEST SENAT - Manaus/AM,,,
2015-06-07 14:00:00,São Raimundo C. Cavaliers,00 - 06,North Lions,campeonato-amazonense-2015,SEST SENAT - Manaus/AM,,,
2015-06-13 19:00:00,North Lions,12 - 00,Lobos FA,campeonato-amazonense-2015,SEST SENAT - Manaus/AM,,,
2015-06-14 09:00:00,São Raimundo C. Cavaliers,12 - 06,Amazon Black Hawks,campeonato-amazonense-2015,Comando Militar – Manaus/AM,,,
2015-06-14 14:00:00,Manaus FA,08 - 28,Ajuricaba Warriors,campeonato-amazonense-2015,Comando Militar – Manaus/AM,,,
2015-06-21 14:00:00,Manaus FA,08 - 06,Lobos FA,campeonato-amazonense-2015,SEST SENAT - Manaus/AM,,,
2015-06-28 09:00:00,São Raimundo C. Cavaliers,06 - 00,Manaus FA,campeonato-amazonense-2015,SEST SENAT - Manaus/AM,,,
2015-06-28 14:00:00,Ajuricaba Warriors,50 - 08,Lobos FA,campeonato-amazonense-2015,SEST SENAT - Manaus/AM,,,
2015-07-05 09:00:00,São Raimundo C. Cavaliers,36 - 06,Lobos FA,campeonato-amazonense-2015,Comando Militar – Manaus/AM,,,
2015-07-05 14:00:00,Ajuricaba Warriors,12 - 08,North Lions,campeonato-amazonense-2015,Comando Militar – Manaus/AM,,,
2015-07-12 09:00:00,North Lions,36 - 06,Lobos FA,campeonato-amazonense-2015,12° BSUP – Manaus/AM,,,
2015-07-12 14:00:00,Manaus FA,00 - 36,Amazon Black Hawks,campeonato-amazonense-2015,12° BSUP – Manaus/AM,,,
2015-07-19 09:00:00,North Lions,03 - 00,Amazon Black Hawks,campeonato-amazonense-2015,SEST SENAT - Manaus/AM,,,
2015-07-19 14:00:00,Ajuricaba Warriors,12 - 28,São Raimundo C. Cavaliers,campeonato-amazonense-2015,SEST SENAT - Manaus/AM,,,
2015-08-02 09:00:00,Lobos FA,02 - 34,Amazon Black Hawks,campeonato-amazonense-2015,12° BSUP – Manaus/AM,,,
2015-08-02 14:00:00,São Raimundo C. Cavaliers,14 - 12,Manaus FA,campeonato-amazonense-2015,12° BSUP – Manaus/AM,,,
2015-08-16 09:00:00,Amazon Black Hawks,20 - 08,Manaus FA,campeonato-amazonense-2015,CEPE - Manaus/AM,,,
2015-08-16 14:00:00,North Lions,10 - 12,Ajuricaba Warriors,campeonato-amazonense-2015,CEPE - Manaus/AM,,,
2015-08-30 13:00:00,Ajuricaba Warriors,26 - 14,Amazon Black Hawks,campeonato-amazonense-2015,Manaus/AM,,,
2015-08-30 17:00:00,Lobos FA,00 - 40,São Raimundo C. Cavaliers,campeonato-amazonense-2015,Manaus/AM,,,
2015-09-06 14:00:00,Manaus FA,08 - 39,North Lions,campeonato-amazonense-2015,Manaus/AM,,,
2015-09-13 15:00:00,Manaus Cavaliers,12 - 00,Amazon Black Hawks,campeonato-amazonense-2015,,,,
2015-09-20 15:00:00,North Lions,00 - 06,Manaus Cavaliers,campeonato-amazonense-2015,,,,
2015-09-27 15:00:00,Ajuricaba Warriors,13 - 09,Manaus Cavaliers,campeonato-amazonense-2015,,,,
2014-08-10 09:00:00,São Raimundo C. Cavaliers,20 - 14,Amazon Black Hawks,campeonato-amazonense-2014,SEST SENAT - Manaus/AM,,,
2014-08-10 14:00:00,Ajuricaba Warriors,16 - 03,Lobos FA,campeonato-amazonense-2014,SEST SENAT - Manaus/AM,,,
2014-08-17 09:00:00,North Lions,10 - 00,Lobos FA,campeonato-amazonense-2014,SEST SENAT - Manaus/AM,,,
2014-08-17 14:00:00,Ajuricaba Warriors,08 - 22,Amazon Black Hawks,campeonato-amazonense-2014,SEST SENAT - Manaus/AM,,,
2014-08-31 09:00:00,Ajuricaba Warriors,09:00:0009:00,São Raimundo C. Cavaliers,campeonato-amazonense-2014,,,,
2014-08-31 14:00:00,North Lions,14:00:0014:00,Amazon Black Hawks,campeonato-amazonense-2014,,,,
2014-09-21 14:00:00,Lobos FA,14 - 73,São Raimundo C. Cavaliers,campeonato-amazonense-2014,SEST SENAT - Manaus/AM,,,
2014-09-28 14:00:00,North Lions,13 - 00,Ajuricaba Warriors,campeonato-amazonense-2014,SEST SENAT - Manaus/AM,,,
2014-10-19 09:00:00,Amazon Black Hawks,12 - 00,São Raimundo C. Cavaliers,campeonato-amazonense-2014,Manaus/AM,,,
2014-10-19 14:00:00,Ajuricaba Warriors,36 - 06,Lobos FA,campeonato-amazonense-2014,Manaus/AM,,,
2014-11-02 09:00:00,North Lions,03 - 00,Amazon Black Hawks,campeonato-amazonense-2014,Manaus/AM,,,
2014-11-02 14:00:00,São Raimundo C. Cavaliers,36 - 09,Lobos FA,campeonato-amazonense-2014,Manaus/AM,,,
2014-11-16 09:00:00,São Raimundo C. Cavaliers,20 - 02,Ajuricaba Warriors,campeonato-amazonense-2014,Manaus/AM,,,
2014-11-16 14:00:00,Amazon Black Hawks,07 - 02,North Lions,campeonato-amazonense-2014,Manaus/AM,,,
2014-12-07 09:00:00,Ajuricaba Warriors,22 - 16,North Lions,campeonato-amazonense-2014,Manaus/AM,,,
2014-12-14 14:00:00,Amazon Black Hawks,02 - 06,North Lions,campeonato-amazonense-2014,,,,
2014-12-21 14:00:00,Manaus Cavaliers,14 - 07,North Lions,campeonato-amazonense-2014,,,,
2018-02-24 14:00:00,Paraná HP,63 - 00,Moon Howlers FA,campeonato-paranaense-2018,Croco Stadium - Curitiba/PR,,,
2018-03-04 10:00:00,PRC Guardian Saints,14 - 17,União Snakes,campeonato-paranaense-2018,Croco Stadium - Curitiba/PR,,,
2018-03-17 14:00:00,União Snakes,00 - 58,Paraná HP,campeonato-paranaense-2018,Estádio Municipal - União da Vitória/PR,,,
2018-03-18 14:00:00,Moon Howlers FA,07 - 00,PRC Guardian Saints,campeonato-paranaense-2018,Croco Stadium - Curitiba/PR,,,
2018-04-07 14:00:00,União Snakes,20 - 13,Moon Howlers FA,campeonato-paranaense-2018,Estádio Municipal - União da Vitória/PR,,,
2018-04-08 14:00:00,Paraná HP,48 - 00,PRC Guardian Saints,campeonato-paranaense-2018,Croco Stadium - Curitiba/PR,,,
2018-03-10 14:00:00,Brown Spiders,68 - 00,Street Dogs FA,campeonato-paranaense-2018,Croco Stadium - Curitiba/PR,,,
2018-03-11 14:00:00,Curitiba Lions,06 - 95,Coritiba Crocodiles,campeonato-paranaense-2018,Croco Stadium - Curitiba/PR,,,
2018-03-24 14:00:00,Street Dogs FA,08 - 14,Curitiba Lions,campeonato-paranaense-2018,Estádio Municipal - Balsa Nova/PR,,,
2018-03-25 14:00:00,Coritiba Crocodiles,34 - 00,Brown Spiders,campeonato-paranaense-2018,Croco Stadium - Curitiba/PR,,,
2018-04-14 14:00:00,Coritiba Crocodiles,92 - 00,Street Dogs FA,campeonato-paranaense-2018,Croco Stadium - Curitiba/PR,,,
2018-04-15 14:00:00,Brown Spiders,15 - 00,Curitiba Lions,campeonato-paranaense-2018,Croco Stadium - Curitiba/PR,,,
2018-03-03 14:00:00,Foz Black Sharks,14 - 27,Maringá Pyros,campeonato-paranaense-2018,Campo da AKLP - Foz do Iguaçu/PR,,,
2018-03-03 14:00:00,Francisco Beltrão Red Feet,15 - 12,Guarapuava DarkWolves,campeonato-paranaense-2018,Arrudão - Francisco Beltrão/PR,,,
2018-03-17 14:00:00,Maringá Pyros,38 - 00,Francisco Beltrão Red Feet,campeonato-paranaense-2018,Campo de Iguatemi - Maringá/PR,,,
2018-03-24 14:00:00,Guarapuava DarkWolves,06 - 40,Foz Black Sharks,campeonato-paranaense-2018,Estádio Waldomiro Gelisnki - Guarapuava/PR,,,
2018-04-14 19:00:00,Maringá Pyros,80 - 00,Guarapuava DarkWolves,campeonato-paranaense-2018,Estádio Willie Davids - Maringá/PR,,,
2018-04-15 09:00:00,Francisco Beltrão Red Feet,03 - 00,Foz Black Sharks,campeonato-paranaense-2018,Arrudão - Francisco Beltrão/PR,,,
2018-05-05 14:30:55,Brown Spiders,43 - 00,Francisco Beltrão Red Feet,campeonato-paranaense-2018,,,,
2018-05-06 14:30:55,Maringá Pyros,37 - 00,União Snakes,campeonato-paranaense-2018,,,,
2018-05-19 14:00:55,Paraná HP,44 - 03,Maringá Pyros,campeonato-paranaense-2018,,,,
2018-05-20 14:00:55,Coritiba Crocodiles,40 - 11,Brown Spiders,campeonato-paranaense-2018,,,,
2018-06-09 14:00:55,União Snakes,00 - 18,Brown Spiders,campeonato-paranaense-2018,,,,
2018-06-10 14:00:55,Coritiba Crocodiles,26 - 03,Paraná HP,campeonato-paranaense-2018,,,,
2018-03-24 09:00:00,Vingadores FA,72 - 00,Paysandu Lobos,campeonato-paraense-2018,Mangueirão - Belém/PA,,,
2018-03-24 14:00:00,Legião FA,00 - 06,Castanhal Yellow Blacks,campeonato-paraense-2018,Mangueirão - Belém/PA,,,
2018-04-08 09:00:00,Vingadores FA,65 - 08,Castanhal Yellow Blacks,campeonato-paraense-2018,Escola Superior de Educação Física - Belém/PA,,,
2018-04-08 14:00:00,Legião FA,59 - 00,Remo Lions,campeonato-paraense-2018,Escola Superior de Educação Física - Belém/PA,,,
2018-04-22 09:00:00,Legião FA,19 - 41,Vingadores FA,campeonato-paraense-2018,Escola Superior de Educação Física - Belém/PA,,,
2018-04-22 14:00:00,Remo Lions,14 - 12,Paysandu Lobos,campeonato-paraense-2018,Escola Superior de Educação Física - Belém/PA,,,
2018-05-06 10:00:00,Paysandu Lobos,00 - 56,Legião FA,campeonato-paraense-2018,Escola Superior de Educação Física - Belém/PA,,,
2018-05-06 14:00:00,Remo Lions,00 - 12,Castanhal Yellow Blacks,campeonato-paraense-2018,Escola Superior de Educação Física - Belém/PA,,,
2018-05-19 17:00:00,Castanhal Yellow Blacks,06 - 00,Paysandu Lobos,campeonato-paraense-2018,Modelão - Castanhal/PA,,,
2018-05-20 09:00:00,Vingadores FA,48 - 00,Remo Lions,campeonato-paraense-2018,Escola Superior de Educação Física - Belém/PA,,,
2018-06-16 14:00:00,Vingadores FA,55 - 06,Castanhal Yellow Blacks,campeonato-paraense-2018,,,,
2018-04-07 17:00:00,Cuiabá Arsenal,20 - 06,Lucas do Rio Verde Jaguars,campeonato-mato-grossense-2018,Dutrinha - Cuiabá/MT,,,
2018-04-08 17:30:00,Sorriso Hornets,44 - 00,Galaxy Football,campeonato-mato-grossense-2018,Toca do Lobo - Sorriso/MT,,,
2018-04-28 17:00:00,Galaxy Football,28 - 34,Cuiabá Arsenal,campeonato-mato-grossense-2018,Campo do Ginásio Ênio Pipino - Santa Carmem/MT,,,
2018-04-29 14:00:00,Lucas do Rio Verde Jaguars,00 - 61,Sorriso Hornets,campeonato-mato-grossense-2018,Campo do Bandeirantes - Lucas do Rio Verde/MT,,,
2018-05-19 00:00:00,Cuiabá Arsenal,00:00:00Cancel.,Sorriso Hornets,campeonato-mato-grossense-2018,,,,
2018-05-20 14:00:00,Lucas do Rio Verde Jaguars,00 - 00,Galaxy Football,campeonato-mato-grossense-2018,Campo do Bandeirantes - Lucas do Rio Verde/MT,,,
2018-06-17 17:00:00,Cuiabá Arsenal,07 - 40,Sorriso Hornets,campeonato-mato-grossense-2018,,,,
2015-09-06 10:00:00,Diadema Diamond,00 - 27,Palmeiras Locomotives,freedom-four-cup-2015,CIASE - Caraguatatuba/SP,,,
2015-09-06 14:00:00,Caraguá Ghostship,00 - 22,Tatuapé Monsters,freedom-four-cup-2015,CIASE - Caraguatatuba/SP,,,
2015-10-25 15:00:00,Palmeiras Locomotives,05 - 09,Tatuapé Monsters,freedom-four-cup-2015,Campo Padre Anchieta - Diadema/SP,,,
2015-10-25 19:00:00,Diadema Diamond,18 - 00,Caraguá Ghostship,freedom-four-cup-2015,Campo Padre Anchieta - Diadema/SP,,,
2015-11-22 10:00:00,Diadema Diamond,07 - 08,Tatuapé Monsters,freedom-four-cup-2015,São Bernardo do Campo/SP,,,
2015-11-22 14:00:00,Palmeiras Locomotives,31 - 00,Caraguá Ghostship,freedom-four-cup-2015,São Bernardo do Campo/SP,,,
2015-12-13 10:00:00,Diadema Diamond,20 - 08,Caraguá Ghostship,freedom-four-cup-2015,,,,
2015-12-13 15:00:00,Tatuapé Monsters,22 - 10,Palmeiras Locomotives,freedom-four-cup-2015,,,,
2018-07-29 10:00:00,Caraguá Ghostship,14 - 19,São José Jets,pick-six-cup-2018,ESEFIC - Cruzeiro/SP,,,
2018-07-29 14:00:00,Cruzeiro Guardians,37 - 00,Jacareí Gators,pick-six-cup-2018,ESEFIC - Cruzeiro/SP,,,
2018-08-05 10:00:00,São Bernardo Avengers,34 - 12,Tatuapé Black Panthers,pick-six-cup-2018,Mauá/SP,,,
2018-08-05 10:00:00,São Roque Fighters,12 - 06,Cajamar Hunters,pick-six-cup-2018,CT Touchdown - São Paulo/SP,,,
2018-08-05 14:00:00,ABC Corsários,17 - 13,Vikings FA,pick-six-cup-2018,Mauá/SP,,,
2018-08-05 14:00:00,Spartans Football,34 - 06,Orange Machine,pick-six-cup-2018,CT Touchdown - São Paulo/SP,,,
2018-08-19 10:00:00,Cajamar Hunters,20 - 28,Orange Machine,pick-six-cup-2018,Estádio Municipal Vila Nova - São Roque/SP,,,
2018-08-19 14:00:00,São Roque Fighters,26 - 34,Spartans Football,pick-six-cup-2018,Estádio Municipal Vila Nova - São Roque/SP,,,
2018-08-26 10:00:00,Caraguá Ghostship,17 - 14,Cruzeiro Guardians,pick-six-cup-2018,Campo da Panasonic - São José dos Campos/SP,,,
2018-08-26 14:00:00,Jacareí Gators,07 - 21,São José Jets,pick-six-cup-2018,Campo da Panasonic - São José dos Campos/SP,,,
2018-09-02 10:00:00,Tatuapé Black Panthers,13 - 41,ABC Corsários,pick-six-cup-2018,Mauá/SP,,,
2018-09-02 14:00:00,São Bernardo Avengers,16 - 06,Vikings FA,pick-six-cup-2018,Mauá/SP,,,
2018-09-16 10:00:00,Orange Machine,00 - 28,São Roque Fighters,pick-six-cup-2018,W.O.,,,
2018-09-16 10:00:00,Cajamar Hunters,00 - 09,Spartans Football,pick-six-cup-2018,CT Touchdown - São Paulo/SP,,,
2018-09-23 10:00:00,Cruzeiro Guardians,07 - 12,São José Jets,pick-six-cup-2018,São José dos Campos/SP,,,
2018-09-23 14:00:00,Jacareí Gators,00 - 18,Caraguá Ghostship,pick-six-cup-2018,São José dos Campos/SP,,,
2018-09-30 10:00:00,Tatuapé Black Panthers,00 - 13,Vikings FA,pick-six-cup-2018,São Paulo/SP,,,
2018-09-30 14:00:00,São Bernardo Avengers,20 - 11,ABC Corsários,pick-six-cup-2018,São Paulo/SP,,,
2018-10-21 10:00:00,São Bernardo Avengers,41 - 26,São Roque Fighters,pick-six-cup-2018,,,,
2018-10-21 14:00:00,Spartans Football,20 - 17,São José Jets,pick-six-cup-2018,,,,
2018-12-02 10:00:00,São Roque Fighters,00 - 52,São José Jets,pick-six-cup-2018,,,,
2018-12-02 14:00:00,Spartans Football,13 - 12,São Bernardo Avengers,pick-six-cup-2018,,,,
2018-09-15 14:00:00,Buriers Football,10 - 00,Erechim Coroados,copa-rs-2018,Grêmio Esportivo Nacional - São Leopoldo/RS,,,
2018-09-16 14:00:00,Cruzeiro Lions,00 - 12,Carlos Barbosa Ximangos,copa-rs-2018,Clube Serrano - Carlos Barbosa/RS,,,
2018-09-30 14:00:00,Carlos Barbosa Ximangos,29 - 00,Erechim Coroados,copa-rs-2018,Clube Serrano - Carlos Barbosa/RS,,,
2018-10-20 14:00:00,Erechim Coroados,06 - 25,Cruzeiro Lions,copa-rs-2018,Erechim/RS,,,
2018-10-21 14:00:00,Carlos Barbosa Ximangos,14 - 13,Buriers Football,copa-rs-2018,Clube Serrano - Carlos Barbosa/RS,,,
2018-11-10 14:30:00,Cruzeiro Lions,09 - 07,Buriers Football,copa-rs-2018,Clube União - Alvorada/RS,,,
2018-11-25 14:00:00,Carlos Barbosa Ximangos,07 - 18,Cruzeiro Lions,copa-rs-2018,,,,
2018-09-02 10:00:03,Ponte Preta Gorilas,00 - 14,Empyreo Leme Lizards,taca-nove-de-julho-2018,Clube de Campo Empyreo - Leme/SP,,,
2018-09-02 14:00:06,Guarani Indians,06 - 20,Piracicaba Cane Cutters,taca-nove-de-julho-2018,Clube de Campo Empyreo - Leme/SP,,,
2018-09-23 10:00:00,Independente Tomahawk,14 - 22,Guarani Indians,taca-nove-de-julho-2018,E.C. Rezende - Piracicaba/SP,,,
2018-09-23 14:00:00,Piracicaba Cane Cutters,22 - 08,Ponte Preta Gorilas,taca-nove-de-julho-2018,E.C. Rezende - Piracicaba/SP,,,
2018-10-06 14:00:00,Ponte Preta Gorilas,00 - 06,Guarani Indians,taca-nove-de-julho-2018,Estádio Nelo Bracalente - Vinhedo/SP,,,
2018-10-06 14:00:00,Empyreo Leme Lizards,15 - 14,Independente Tomahawk,taca-nove-de-julho-2018,Clube de Campo Empyreo - Leme/SP,,,
2018-10-20 14:30:00,Empyreo Leme Lizards,10 - 12,Piracicaba Cane Cutters,taca-nove-de-julho-2018,Pradão - Limeira/SP,,,
2018-10-20 18:30:00,Independente Tomahawk,56 - 00,Ponte Preta Gorilas,taca-nove-de-julho-2018,Pradão - Limeira/SP,,,
2018-11-04 10:00:00,Piracicaba Cane Cutters,00 - 36,Independente Tomahawk,taca-nove-de-julho-2018,Hortolândia/SP,,,
2018-11-04 14:00:00,Guarani Indians,05 - 11,Empyreo Leme Lizards,taca-nove-de-julho-2018,Hortolândia/SP,,,
2018-11-25 10:00:29,Empyreo Leme Lizards,14 - 00,Guarani Indians,taca-nove-de-julho-2018,,,,
2018-11-25 14:00:29,Piracicaba Cane Cutters,09 - 13,Tomahawk FA,taca-nove-de-julho-2018,,,,
2018-12-08 19:00:37,Empyreo Leme Lizards,13 - 34,Tomahawk FA,taca-nove-de-julho-2018,,,,
2018-10-21 10:00:00,América Big Riders,02 - 36,Rio de Janeiro Captains,taca-rio-2018,Septiba/RJ,,,
2018-10-21 14:00:00,Nova Iguaçu FA,16 - 48,Delta Football,taca-rio-2018,Septiba/RJ,,,
2018-11-04 10:00:00,Nova Iguaçu FA,08 - 32,América Big Riders,taca-rio-2018,Angra/RJ,,,
2018-11-04 14:00:00,Rio de Janeiro Captains,20 - 22,Delta Football,taca-rio-2018,Angra/RJ,,,
2018-11-18 10:00:00,Delta Football,23 - 16,América Big Riders,taca-rio-2018,Rua Bariri - Rio de Janeiro/RJ,,,
2018-11-18 14:00:00,Rio de Janeiro Captains,07 - 06,Nova Iguaçu FA,taca-rio-2018,Rua Bariri - Rio de Janeiro/RJ,,,
2019-03-23 17:00:54,Goiânia Saints,06 - 53,Goiânia Rednecks,campeonato-candango-2019,SESI Ferreira Pacheco - Goiânia/GO,,,
2019-04-14 11:00:54,Brasília V8,06 - 28,Goiânia Saints,campeonato-candango-2019,AGEPOL - Brasília/DF,,,
2019-05-04 17:00:54,Goiânia Rednecks,72 - 00,Brasília V8,campeonato-candango-2019,SESI Ferreira Pacheco - Goiânia/GO,,,
2019-05-19 09:30:14,Tubarões do Cerrado,68 - 00,Goiânia Saints,campeonato-candango-2019,,,,
2019-05-19 14:00:09,Leões de Judá,16 - 00,Goiânia Rednecks,campeonato-candango-2019,,,,
2019-06-01 14:00:31,Tubarões do Cerrado,07 - 02,Leões de Judá,campeonato-candango-2019,,,,
2019-02-24 14:30:00,Francisco Beltrão Red Feet,06 - 19,São Miguel Indians,campeonato-paranaense-2019,Estádio Anilado - Francisco Beltrão/PR,,,
2019-03-09 14:00:00,Curitiba Lions,00 - 51,Moon Howlers FA,campeonato-paranaense-2019,Centro Esportivo Fanático - Campo Largo/PR,,,
2019-03-09 14:00:00,Guarapuava DarkWolves,00 - 03,Street Dogs FA,campeonato-paranaense-2019,Campo Municipal - Guarapuava/PR,,,
2019-03-10 14:00:00,HP Desenvolvimento,51 - 00,PRC Guardian Saints,campeonato-paranaense-2019,Centro Esportivo Fanático - Campo Largo/PR,,,
2019-03-10 14:00:00,Cascavel Olympians,06 - 13,Foz Black Sharks,campeonato-paranaense-2019,Estádio Ninho da Cobra - Cascavel/PR,,,
2019-03-23 19:00:00,Maringá Pyros,06 - 21,Brown Spiders,campeonato-paranaense-2019,Estádio Willie Davids - Maringá/PR,,,
2019-03-24 09:00:00,Foz Black Sharks,20 - 06,Francisco Beltrão Red Feet,campeonato-paranaense-2019,Campo da AKLP - Foz do Iguaçu/PR,,,
2019-03-24 09:30:00,PRC Guardian Saints,25 - 06,Curitiba Lions,campeonato-paranaense-2019,Centro Esportivo Fanático - Campo Largo/PR,,,
2019-03-24 14:30:00,Street Dogs FA,17 - 06,Londrina Bristlebacks,campeonato-paranaense-2019,Centro Esportivo Fanático - Campo Largo/PR,,,
2019-03-31 14:00:00,Moon Howlers FA,00 - 34,HP Desenvolvimento,campeonato-paranaense-2019,Croco Stadium - Curitiba/PR,,,
2019-03-31 14:30:00,São Miguel Indians,19 - 08,Cascavel Olympians,campeonato-paranaense-2019,Estádio Pr. Aurélio Canzi - São Miguel do Oeste/SC,,,
2019-04-06 14:00:00,Brown Spiders,09 - 44,Coritiba Crocodiles,campeonato-paranaense-2019,Centro Esportivo Fanático - Campo Largo/PR,,,
2019-04-07 14:00:00,Guarapuava DarkWolves,10 - 06,Londrina Bristlebacks,campeonato-paranaense-2019,Campo Municipal - Guarapuava/PR,,,
2019-04-07 14:00:00,PRC Guardian Saints,08 - 39,Moon Howlers FA,campeonato-paranaense-2019,Croco Stadium - Curitiba/PR,,,
2019-04-13 14:30:00,São Miguel Indians,12 - 07,Foz Black Sharks,campeonato-paranaense-2019,Estádio Pr. Aurélio Canzi - São Miguel do Oeste/SC,,,
2019-04-14 14:00:00,HP Desenvolvimento,69 - 07,Curitiba Lions,campeonato-paranaense-2019,Centro Esportivo Fanático - Campo Largo/PR,,,
2019-04-14 15:00:00,Francisco Beltrão Red Feet,13 - 06,Cascavel Olympians,campeonato-paranaense-2019,Estádio Anilado - Francisco Beltrão/PR,,,
2019-04-27 14:00:00,Coritiba Crocodiles,43 - 00,Maringá Pyros,campeonato-paranaense-2019,Croco Stadium - Curitiba/PR,,,
2019-05-05 09:00:00,Foz do Iguaçu Black Sharks,10 - 15,Moon Howlers FA,campeonato-paranaense-2019,,,,
2019-05-18 14:00:00,Brown Spiders,39 - 00,Guarapuava DarkWolves,campeonato-paranaense-2019,,,,
2019-05-18 14:00:00,Maringá Pyros,16 - 00,São Miguel Indians,campeonato-paranaense-2019,,,,
2019-05-19 14:00:00,Coritiba Crocodiles,42 - 00,Moon Howlers FA,campeonato-paranaense-2019,,,,
2019-05-19 14:00:00,HP Desenvolvimento,50 - 03,Street Dogs FA,campeonato-paranaense-2019,,,,
2019-06-02 14:00:00,Coritiba Crocodiles,10 - 16,HP Desenvolvimento,campeonato-paranaense-2019,,,,
2019-06-09 09:30:00,Street Dogs FA,10 - 07,São Miguel Indians,campeonato-paranaense-2019,,,,
2019-06-09 14:00:00,Brown Spiders,31 - 16,Maringá Pyros,campeonato-paranaense-2019,,,,
2019-06-15 14:00:00,Brown Spiders,10 - 16,HP Desenvolvimento,campeonato-paranaense-2019,,,,
2011-03-20 09:00:00,Curitiba Predadores,03 - 45,Foz Black Sharks,campeonato-paranaense-2011,Associação Sanepar - Pinhais/PR,,,
2011-03-20 14:00:00,Ponta Grossa Phantoms,00 - 19,Coritiba Crocodiles,campeonato-paranaense-2011,Campo do Olinda - Ponta Grossa/PR,,,
2011-04-02 14:00:00,Brown Spiders,46 - 07,Curitiba Predadores,campeonato-paranaense-2011,Clube Imperial - Curitiba/PR,,,
2011-04-03 14:00:00,Curitiba Hurricanes,07 - 00,Ponta Grossa Phantoms,campeonato-paranaense-2011,Clube Imperial - Curitiba/PR,,,
2011-04-16 14:00:00,Coritiba Crocodiles,28 - 05,Curitiba Hurricanes,campeonato-paranaense-2011,Clube Imperial - Curitiba/PR,,,
2011-04-16 14:00:00,Foz Black Sharks,16 - 29,Brown Spiders,campeonato-paranaense-2011,Estádio do ABC - Foz do Iguaçu/PR,,,
2011-04-30 10:00:00,Curitiba Predadores,02 - 30,Curitiba Hurricanes,campeonato-paranaense-2011,Clube Imperial - Curitiba/PR,,,
2011-04-30 14:30:00,Brown Spiders,10 - 20,Coritiba Crocodiles,campeonato-paranaense-2011,Clube Imperial - Curitiba/PR,,,
2011-05-01 14:00:00,Ponta Grossa Phantoms,02 - 07,Foz Black Sharks,campeonato-paranaense-2011,Estádio André Mulaski - Ponta Grossa/PR,,,
2011-05-14 18:00:00,Foz Black Sharks,49 - 00,Curitiba Predadores,campeonato-paranaense-2011,W.O.,,,
2011-05-15 14:00:00,Coritiba Crocodiles,39 - 00,Ponta Grossa Phantoms,campeonato-paranaense-2011,Clube Imperial - Curitiba/PR,,,
2011-05-29 10:00:00,Brown Spiders,61 - 00,Curitiba Predadores,campeonato-paranaense-2011,Clube Imperial - Curitiba/PR,,,
2011-05-29 14:00:00,Ponta Grossa Phantoms,12 - 14,Curitiba Hurricanes,campeonato-paranaense-2011,Campo do Olinda - Ponta Grossa/PR,,,
2011-06-05 10:00:00,Brown Spiders,17 - 12,Foz do Iguaçu Black Sharks,campeonato-paranaense-2011,,,,
2011-06-05 14:00:00,Curitiba Hurricanes,06 - 20,Coritiba Crocodiles,campeonato-paranaense-2011,,,,
2011-06-19 09:30:00,Curitiba Hurricanes,19 - 14,Foz do Iguaçu Black Sharks,campeonato-paranaense-2011,,,,
2011-06-19 14:00:00,Coritiba Crocodiles,14 - 07,Brown Spiders,campeonato-paranaense-2011,,,,
2010-03-14 09:00:00,Foz Black Sharks,10 - 12,Brown Spiders,campeonato-paranaense-2010,Estádio Pedro Basso - Foz do Iguaçu/PR,,,
2010-03-21 15:00:00,Ponta Grossa Phantoms,07 - 06,Curitiba Hurricanes,campeonato-paranaense-2010,AABB - Ponta Grossa/PR,,,
2010-04-17 15:00:00,Coritiba Crocodiles,20 - 13,Brown Spiders,campeonato-paranaense-2010,Sociedade Iguaçu - Curitiba/PR,,,
2010-04-17 18:30:00,Curitiba Hurricanes,10 - 07,Foz Black Sharks,campeonato-paranaense-2010,Sociedade Iguaçu - Curitiba/PR,,,
2010-05-01 15:00:00,Foz Black Sharks,12 - 07,Coritiba Crocodiles,campeonato-paranaense-2010,Estádio Pedro Basso - Foz do Iguaçu/PR,,,
2010-05-15 16:30:00,Brown Spiders,21 - 24,Ponta Grossa Phantoms,campeonato-paranaense-2010,Sociedade Iguaçu - Curitiba/PR,,,
2010-05-22 15:00:00,Coritiba Crocodiles,26 - 06,Ponta Grossa Phantoms,campeonato-paranaense-2010,Sociedade Iguaçu - Curitiba/PR,,,
2010-05-22 18:00:00,Brown Spiders,00 - 17,Curitiba Hurricanes,campeonato-paranaense-2010,Sociedade Iguaçu - Curitiba/PR,,,
2010-06-05 14:00:00,Ponta Grossa Phantoms,06 - 13,Foz Black Sharks,campeonato-paranaense-2010,Arena W3 - Ponta Grossa/PR,,,
2010-06-06 14:30:00,Curitiba Hurricanes,00 - 33,Coritiba Crocodiles,campeonato-paranaense-2010,Campo União Capão Raso - Curitiba/PR,,,
2010-06-26 14:00:00,Curitiba Hurricanes,21 - 00,Ponta Grossa Phantoms,campeonato-paranaense-2010,,,,
2010-06-26 17:00:00,Coritiba Crocodiles,10 - 06,Foz do Iguaçu Black Sharks,campeonato-paranaense-2010,,,,
2011-03-20 09:00:00,Curitiba Predadores,03 - 45,Foz Black Sharks,campeonato-paranaense-2011,Associação Sanepar - Pinhais/PR,,,
2011-03-20 14:00:00,Ponta Grossa Phantoms,00 - 19,Coritiba Crocodiles,campeonato-paranaense-2011,Campo do Olinda - Ponta Grossa/PR,,,
2011-04-02 14:00:00,Brown Spiders,46 - 07,Curitiba Predadores,campeonato-paranaense-2011,Clube Imperial - Curitiba/PR,,,
2011-04-03 14:00:00,Curitiba Hurricanes,07 - 00,Ponta Grossa Phantoms,campeonato-paranaense-2011,Clube Imperial - Curitiba/PR,,,
2011-04-16 14:00:00,Coritiba Crocodiles,28 - 05,Curitiba Hurricanes,campeonato-paranaense-2011,Clube Imperial - Curitiba/PR,,,
2011-04-16 14:00:00,Foz Black Sharks,16 - 29,Brown Spiders,campeonato-paranaense-2011,Estádio do ABC - Foz do Iguaçu/PR,,,
2011-04-30 10:00:00,Curitiba Predadores,02 - 30,Curitiba Hurricanes,campeonato-paranaense-2011,Clube Imperial - Curitiba/PR,,,
2011-04-30 14:30:00,Brown Spiders,10 - 20,Coritiba Crocodiles,campeonato-paranaense-2011,Clube Imperial - Curitiba/PR,,,
2011-05-01 14:00:00,Ponta Grossa Phantoms,02 - 07,Foz Black Sharks,campeonato-paranaense-2011,Estádio André Mulaski - Ponta Grossa/PR,,,
2011-05-14 18:00:00,Foz Black Sharks,49 - 00,Curitiba Predadores,campeonato-paranaense-2011,W.O.,,,
2011-05-15 14:00:00,Coritiba Crocodiles,39 - 00,Ponta Grossa Phantoms,campeonato-paranaense-2011,Clube Imperial - Curitiba/PR,,,
2011-05-29 10:00:00,Brown Spiders,61 - 00,Curitiba Predadores,campeonato-paranaense-2011,Clube Imperial - Curitiba/PR,,,
2011-05-29 14:00:00,Ponta Grossa Phantoms,12 - 14,Curitiba Hurricanes,campeonato-paranaense-2011,Campo do Olinda - Ponta Grossa/PR,,,
2011-06-05 10:00:00,Brown Spiders,17 - 12,Foz do Iguaçu Black Sharks,campeonato-paranaense-2011,,,,
2011-06-05 14:00:00,Curitiba Hurricanes,06 - 20,Coritiba Crocodiles,campeonato-paranaense-2011,,,,
2011-06-19 09:30:00,Curitiba Hurricanes,19 - 14,Foz do Iguaçu Black Sharks,campeonato-paranaense-2011,,,,
2011-06-19 14:00:00,Coritiba Crocodiles,14 - 07,Brown Spiders,campeonato-paranaense-2011,,,,
2010-03-14 09:00:00,Foz Black Sharks,10 - 12,Brown Spiders,campeonato-paranaense-2010,Estádio Pedro Basso - Foz do Iguaçu/PR,,,
2010-03-21 15:00:00,Ponta Grossa Phantoms,07 - 06,Curitiba Hurricanes,campeonato-paranaense-2010,AABB - Ponta Grossa/PR,,,
2010-04-17 15:00:00,Coritiba Crocodiles,20 - 13,Brown Spiders,campeonato-paranaense-2010,Sociedade Iguaçu - Curitiba/PR,,,
2010-04-17 18:30:00,Curitiba Hurricanes,10 - 07,Foz Black Sharks,campeonato-paranaense-2010,Sociedade Iguaçu - Curitiba/PR,,,
2010-05-01 15:00:00,Foz Black Sharks,12 - 07,Coritiba Crocodiles,campeonato-paranaense-2010,Estádio Pedro Basso - Foz do Iguaçu/PR,,,
2010-05-15 16:30:00,Brown Spiders,21 - 24,Ponta Grossa Phantoms,campeonato-paranaense-2010,Sociedade Iguaçu - Curitiba/PR,,,
2010-05-22 15:00:00,Coritiba Crocodiles,26 - 06,Ponta Grossa Phantoms,campeonato-paranaense-2010,Sociedade Iguaçu - Curitiba/PR,,,
2010-05-22 18:00:00,Brown Spiders,00 - 17,Curitiba Hurricanes,campeonato-paranaense-2010,Sociedade Iguaçu - Curitiba/PR,,,
2010-06-05 14:00:00,Ponta Grossa Phantoms,06 - 13,Foz Black Sharks,campeonato-paranaense-2010,Arena W3 - Ponta Grossa/PR,,,
2010-06-06 14:30:00,Curitiba Hurricanes,00 - 33,Coritiba Crocodiles,campeonato-paranaense-2010,Campo União Capão Raso - Curitiba/PR,,,
2010-06-26 14:00:00,Curitiba Hurricanes,21 - 00,Ponta Grossa Phantoms,campeonato-paranaense-2010,,,,
2010-06-26 17:00:00,Coritiba Crocodiles,10 - 06,Foz do Iguaçu Black Sharks,campeonato-paranaense-2010,,,,
2009-12-04 20:00:00,Coritiba Crocodiles,41 - 07,Curitiba Hurricanes,campeonato-paranaense-2009,Sociedade Iguaçu - Curitiba/PR,,,
2009-12-05 09:00:00,Brown Spiders,20 - 19,Foz Black Sharks,campeonato-paranaense-2009,Sociedade Iguaçu - Curitiba/PR,,,
2009-12-05 15:00:00,Ponta Grossa Tigers,13 - 27,Coritiba Crocodiles,campeonato-paranaense-2009,Sociedade Iguaçu - Curitiba/PR,,,
2009-12-05 18:00:00,Ponta Grossa Black Knights,22 - 35,Brown Spiders,campeonato-paranaense-2009,Sociedade Iguaçu - Curitiba/PR,,,
2009-12-05 21:00:00,Curitiba Hurricanes,32 - 00,Ponta Grossa Tigers,campeonato-paranaense-2009,Sociedade Iguaçu - Curitiba/PR,,,
2009-12-06 09:00:00,Foz Black Sharks,16 - 06,Ponta Grossa Black Knights,campeonato-paranaense-2009,Sociedade Iguaçu - Curitiba/PR,,,
2009-12-06 15:00:00,Foz do Iguaçu Black Sharks,32 - 06,Curitiba Hurricanes,campeonato-paranaense-2009,,,,
2009-12-06 19:00:00,Coritiba Crocodiles,15 - 07,Brown Spiders,campeonato-paranaense-2009,,,,
2016-02-21 15:00:07,Juventude FA,21 - 06,Restinga Redskulls,campeonato-gaucho-2016,CT do Juventude - Caxias do Sul/RS,,,
2016-02-27 15:00:07,São Leopoldo Mustangs,13 - 14,Canoas Bulls,campeonato-gaucho-2016,Grêmio Esportivo Nacional - São Leopoldo/RS,,,
2016-03-12 14:00:37,Porto Alegre Pumpkins,74 - 00,São Leopoldo Mustangs,campeonato-gaucho-2016,Parque Esportivo PUCRS - Porto Alegre/RS,,,
2016-03-19 14:00:37,Canoas Bulls,00 - 13,Restinga Redskulls,campeonato-gaucho-2016,Parque Esportivo PUCRS - Porto Alegre/RS,,,
2016-04-02 14:00:37,Canoas Bulls,00 - 50,Porto Alegre Pumpkins,campeonato-gaucho-2016,Parque Esportivo PUCRS - Porto Alegre/RS,,,
2016-04-10 14:00:37,São Leopoldo Mustangs,00 - 36,Juventude FA,campeonato-gaucho-2016,Grêmio Esportivo Nacional - São Leopoldo/RS,,,
2016-04-17 14:00:37,Porto Alegre Pumpkins,25 - 15,Restinga Redskulls,campeonato-gaucho-2016,Parque Esportivo PUCRS - Porto Alegre/RS,,,
2016-04-24 14:00:37,Canoas Bulls,03 - 43,Juventude FA,campeonato-gaucho-2016,Parque Esportivo PUCRS - Porto Alegre/RS,,,
2016-05-01 14:00:37,São Leopoldo Mustangs,06 - 78,Restinga Redskulls,campeonato-gaucho-2016,Grêmio Esportivo Nacional - São Leopoldo/RS,,,
2016-05-15 14:00:37,Juventude FA,25 - 00,Porto Alegre Pumpkins,campeonato-gaucho-2016,CT do Juventude - Caxias do Sul/RS,,,
2016-02-20 15:00:07,Santa Maria Soldiers,35 - 07,Ijuí Drones,campeonato-gaucho-2016,Estádio Presidente Vargas - Santa Maria/RS,,,
2016-03-05 14:30:37,Ijuí Drones,85 - 00,Bulldogs FA,campeonato-gaucho-2016,Campo Poliesportivo - Ijuí/RS,,,
2016-03-13 15:00:37,Bento Gonçalves Snakes,00 - 02,Santa Cruz Chacais,campeonato-gaucho-2016,Estádio da Montanha - Bento Gonçalves/RS,,,
2016-03-20 14:30:37,Bulldogs FA,00 - 101,Santa Maria Soldiers,campeonato-gaucho-2016,Campo do 11 Unidos - Venâncio Aires/RS,,,
2016-04-03 15:00:37,Bento Gonçalves Snakes,06 - 43,Santa Maria Soldiers,campeonato-gaucho-2016,Estádio da Montanha - Bento Gonçalves/RS,,,
2016-04-09 14:00:37,Santa Cruz Chacais,35 - 08,Ijuí Drones,campeonato-gaucho-2016,Estádio do Sesi - Santa Cruz do Sul/RS,,,
2016-04-16 14:30:37,Bulldogs FA,00 - 31,Bento Gonçalves Snakes,campeonato-gaucho-2016,Campo do 11 Unidos - Venâncio Aires/RS,,,
2016-04-23 14:00:37,Santa Maria Soldiers,10 - 20,Santa Cruz Chacais,campeonato-gaucho-2016,Estádio Presidente Vargas - Santa Maria/RS,,,
2016-05-07 14:30:37,Ijuí Drones,36 - 14,Bento Gonçalves Snakes,campeonato-gaucho-2016,Campo Poliesportivo - Ijuí/RS,,,
2016-05-14 20:00:37,Santa Cruz Chacais,64 - 00,Bulldogs FA,campeonato-gaucho-2016,Estádio dos Plátanos - Santa Cruz do Sul/RS,,,
2016-05-21 14:00:49,Santa Maria Soldiers,42 - 08,Ijuí Drones,campeonato-gaucho-2016,,,,
2016-05-22 14:00:49,Porto Alegre Pumpkins,26 - 30,Restinga Redskulls,campeonato-gaucho-2016,,,,
2016-06-04 14:00:46,Santa Cruz Chacais,00 - 18,Santa Maria Soldiers,campeonato-gaucho-2016,,,,
2016-06-05 14:00:49,Juventude FA,38 - 00,Restinga Redskulls,campeonato-gaucho-2016,,,,
2016-06-18 18:00:34,Juventude FA,03 - 21,Santa Maria Soldiers,campeonato-gaucho-2016,,,,
2015-02-28 15:00:17,Canoas Bulls,44 - 03,São Leopoldo Mustangs,campeonato-gaucho-2015,,,,
2015-02-28 18:30:17,Porto Alegre Pumpkins,39 - 08,Ijuí Drones,campeonato-gaucho-2015,,,,
2015-03-08 14:00:17,Juventude FA,19 - 00,Santa Maria Soldiers,campeonato-gaucho-2015,,,,
2015-04-12 15:00:17,Santa Cruz Chacais,17 - 24,Juventude FA,campeonato-gaucho-2015,,,,
2015-04-19 15:00:17,Porto Alegre Pumpkins,20 - 00,Canoas Bulls,campeonato-gaucho-2015,,,,
2015-05-24 15:00:17,Porto Alegre Pumpkins,06 - 28,Juventude FA,campeonato-gaucho-2015,,,,
2014-04-27 14:00:00,Santa Cruz Chacais,22 - 06,Santa Maria Soldiers,campeonato-gaucho-2014,Santa Cruz do Sul/RS,,,
2014-05-11 14:00:00,Santa Maria Soldiers,15 - 06,Porto Alegre Pumpkins,campeonato-gaucho-2014,Santa Cruz do Sul/RS,,,
2014-05-18 14:00:00,Porto Alegre Pumpkins,21 - 06,Santa Cruz Chacais,campeonato-gaucho-2014,Porto Alegre/RS,,,
2014-06-09 14:00:00,Santa Cruz Chacais,09 - 13,Porto Alegre Pumpkins,campeonato-gaucho-2014,,,,
2013-04-14 14:00:00,Ijuí Drones,00 - 01,Porto Alegre Pumpkins,campeonato-gaucho-2013,Campo Poliesportivo - Ijuí/RS,,,
2013-05-05 14:00:00,Santa Maria Soldiers,93 - 02,Ijuí Drones,campeonato-gaucho-2013,Santa Maria/RS,,,
2013-05-18 14:00:00,Porto Alegre Pumpkins,30 - 32,Santa Maria Soldiers,campeonato-gaucho-2013,São Leopoldo/RS,,,
2013-06-02 14:00:00,Porto Alegre Pumpkins,56 - 00,Ijuí Drones,campeonato-gaucho-2013,Porto Alegre/RS,,,
2013-06-16 14:00:00,Santa Maria Soldiers,00 - 00,Porto Alegre Pumpkins,campeonato-gaucho-2013,Santa Maria/RS,,,
2013-06-30 14:00:00,Ijuí Drones,00 - 42,Santa Maria Soldiers,campeonato-gaucho-2013,Ijuí/RS,,,
2013-10-06 14:30:00,Santa Maria Soldiers,51 - 00,Ijuí Drones,campeonato-gaucho-2013,,,,
2012-05-13 16:00:00,Santa Maria Soldiers,20 - 14,Porto Alegre Pumpkins,campeonato-gaucho-2012,,,,
2012-06-24 14:00:00,Porto Alegre Pumpkins,20 - 13,Santa Maria Soldiers,campeonato-gaucho-2012,,,,
2012-03-03 14:00:00,Vitória Antares,22 - 06,Revolution FA,campeonato-capixaba-2012,Estádio Manoel de Almeida Matos – Fundão/ES,,,
2012-03-04 14:00:00,Tritões FA,56 - 00,Cabritos FA,campeonato-capixaba-2012,Campo do Marista – Vila Velha/ES,,,
2012-03-17 14:00:00,Cabritos FA,06 - 22,Revolution FA,campeonato-capixaba-2012,Campo do Canarinho – Serra/ES,,,
2012-03-18 14:00:00,Tritões FA,19 - 07,Vitória Antares,campeonato-capixaba-2012,Campo da Pedra da Cebola – Vitória/ES,,,
2012-03-31 14:00:00,Vitória Antares,33 - 07,Cabritos FA,campeonato-capixaba-2012,Estádio Manoel de Almeida Matos – Fundão/ES,,,
2012-04-01 14:00:00,Revolution FA,13 - 39,Tritões FA,campeonato-capixaba-2012,Campo do Colina – Cariacica/ES,,,
2012-04-14 14:00:00,Cabritos FA,10 - 36,Tritões FA,campeonato-capixaba-2012,Campo do Canarinho – Serra/ES,,,
2012-04-15 14:00:00,Revolution FA,00 - 28,Vitória Antares,campeonato-capixaba-2012,Campo do Estrelinha – Cariacica/ES,,,
2012-05-05 14:00:00,Vitória Antares,16 - 38,Tritões FA,campeonato-capixaba-2012,Estádio Manoel de Almeida Matos – Fundão/ES,,,
2012-05-06 14:00:00,Revolution FA,13 - 08,Cabritos FA,campeonato-capixaba-2012,Campo do Estrelinha – Cariacica/ES,,,
2012-05-19 14:00:00,Tritões FA,40 - 00,Revolution FA,campeonato-capixaba-2012,Campo do Marista – Vila Velha/ES,,,
2012-05-20 14:00:00,Cabritos FA,13 - 19,Vitória Antares,campeonato-capixaba-2012,Campo do Canarinho – Serra/ES,,,
2012-06-03 14:00:00,Tritões FA,23 - 07,Vitória Antares,campeonato-capixaba-2012,,,,
2013-04-07 14:00:00,Vitória Antares,11 - 14,Tritões FA,campeonato-capixaba-2013,Campo da Pedra da Cebola – Vitória/ES,,,
2013-04-21 14:00:00,Tritões FA,35 - 00,Revolution FA,campeonato-capixaba-2013,Campo do Marista – Vila Velha/ES,,,
2013-05-05 14:00:00,Revolution FA,0 - 38,Vitória Antares,campeonato-capixaba-2013,Campo do Marista – Vila Velha/ES,,,
2013-05-19 14:00:00,Tritões FA,29 - 16,Vitória Antares,campeonato-capixaba-2013,,,,
2015-03-01 14:00:00,Tritões FA,80 - 00,Linhares Panthers,campeonato-capixaba-2015,Campo do Marista – Vila Velha/ES,,,
2015-03-15 14:00:00,Desportiva Piratas,03 - 53,Tritões FA,campeonato-capixaba-2015,Campo da Pedra da Cebola – Vitória/ES,,,
2015-03-29 14:00:00,Linhares Panthers,31 - 35,Desportiva Piratas,campeonato-capixaba-2015,SESI – Linhares/ES,,,
2015-04-19 14:00:00,Tritões FA,46 - 07,Desportiva Piratas,campeonato-capixaba-2015,,,,
2016-04-03 10:00:41,Araçatuba Touros,29 - 00,Votuporanga Mohawks,super-copa-sao-paulo-2016,Teixeirão - S. J. do Rio Preto/SP,,,
2016-04-03 14:00:41,Rio Preto Weilers,20 - 24,Jaboticabal Defenders,super-copa-sao-paulo-2016,Teixeirão - S. J. do Rio Preto/SP,,,
2016-04-10 10:00:13,Votuporanga Mohawks,00 - 45,Operário Gravediggers,super-copa-sao-paulo-2016,Campo Simonsen - Votuporanga/SP,,,
2016-04-10 14:00:27,Ribeirão Preto Alligators,14 - 76,Rio Preto Weilers,super-copa-sao-paulo-2016,Campo Simonsen - Votuporanga/SP,,,
2016-04-17 10:00:45,Jaboticabal Defenders,00 - 18,Operário Gravediggers,super-copa-sao-paulo-2016,C. E. Rubens Miranda - Coroados/SP,,,
2016-04-17 14:00:14,Araçatuba Touros,48 - 00,Ribeirão Preto Alligators,super-copa-sao-paulo-2016,C. E. Rubens Miranda - Coroados/SP,,,
2016-04-24 10:10:00,Rio Preto Weilers,44 - 00,Votuporanga Mohawks,super-copa-sao-paulo-2016,Estádio Municipal - Monte Alto/SP,,,
2016-04-24 14:00:05,Jaboticabal Defenders,26 - 15,Araçatuba Touros,super-copa-sao-paulo-2016,Estádio Municipal - Monte Alto/SP,,,
2016-05-01 10:00:02,Ribeirão Preto Alligators,00 - 67,Operário Gravediggers,super-copa-sao-paulo-2016,Centro Esportivo - Brodowski/SP,,,
2016-05-15 10:00:13,Votuporanga Mohawks,24 - 26,Jaboticabal Defenders,super-copa-sao-paulo-2016,Campo Simonsen - Votuporanga/SP,,,
2016-05-15 14:00:25,Araçatuba Touros,00 - 30,Rio Preto Weilers,super-copa-sao-paulo-2016,Campo Simonsen - Votuporanga/SP,,,
2016-05-22 10:00:01,Rio Preto Weilers,18 - 09,Operário Gravediggers,super-copa-sao-paulo-2016,Teixeirão - S. J. do Rio Preto/SP,,,
2016-05-22 14:00:12,Votuporanga Mohawks,27 - 15,Ribeirão Preto Alligators,super-copa-sao-paulo-2016,Teixeirão - S. J. do Rio Preto/SP,,,
2016-05-29 10:00:13,Araçatuba Touros,26 - 06,Operário Gravediggers,super-copa-sao-paulo-2016,C. E. Rubens Miranda - Coroados/SP,,,
2016-06-05 14:30:21,Jaboticabal Defenders,61 - 00,Ribeirão Preto Alligators,super-copa-sao-paulo-2016,Associação Nipo Brasileira - Jaboticabal/SP,,,
2016-04-03 10:00:03,São Paulo Storm,08 - 07,Sorocaba Vipers,super-copa-sao-paulo-2016,Clube de Campo Empyreo - Leme/SP,,,
2016-04-03 14:00:43,Empyreo Leme Lizards,23 - 03,Underdogs Football,super-copa-sao-paulo-2016,Clube de Campo Empyreo - Leme/SP,,,
2016-04-10 10:00:45,Ocelots FA,10 - 00,Empyreo Leme Lizards,super-copa-sao-paulo-2016,Campo do Cascalho - Cordeirópolis/SP,,,
2016-04-10 14:00:10,Independente Tomahawk,15 - 25,São Paulo Storm,super-copa-sao-paulo-2016,Campo do Cascalho - Cordeirópolis/SP,,,
2016-04-17 10:00:54,Underdogs Football,27 - 00,Independente Tomahawk,super-copa-sao-paulo-2016,CECE Benedito de Lima - Jundiaí/SP,,,
2016-04-17 14:00:49,Ocelots FA,09 - 06,Sorocaba Vipers,super-copa-sao-paulo-2016,CECE Benedito de Lima - Jundiaí/SP,,,
2016-04-24 10:00:27,Sorocaba Vipers,35 - 00,Underdogs Football,super-copa-sao-paulo-2016,C. E. Jardim Simus - Sorocaba/SP,,,
2016-04-24 14:00:35,São Paulo Storm,28 - 00,Empyreo Leme Lizards,super-copa-sao-paulo-2016,W.O.,,,
2016-05-01 14:00:14,Independente Tomahawk,00 - 45,Ocelots FA,super-copa-sao-paulo-2016,Centro Esportivo - Brodowski/SP,,,
2016-05-15 10:00:27,Sorocaba Vipers,13 - 06,Independente Tomahawk,super-copa-sao-paulo-2016,CECE Benedito de Lima - Jundiaí/SP,,,
2016-05-15 14:00:15,Ocelots FA,43 - 06,São Paulo Storm,super-copa-sao-paulo-2016,CECE Benedito de Lima - Jundiaí/SP,,,
2016-05-22 10:00:11,Empyreo Leme Lizards,06 - 07,Sorocaba Vipers,super-copa-sao-paulo-2016,Clube de Campo Empyreo - Leme/SP,,,
2016-05-22 14:00:07,São Paulo Storm,12 - 6,Underdogs Football,super-copa-sao-paulo-2016,Clube de Campo Empyreo - Leme/SP,,,
2016-05-29 10:00:26,Ocelots FA,20 - 00,Underdogs Football,super-copa-sao-paulo-2016,Clube de Campo Empyreo - Leme/SP,,,
2016-05-29 14:00:21,Independente Tomahawk,00 - 52,Empyreo Leme Lizards,super-copa-sao-paulo-2016,Clube de Campo Empyreo - Leme/SP,,,
2016-06-12 10:00:09,São Paulo Storm,14 - 08,Araçatuba Touros,super-copa-sao-paulo-2016,,,,
2016-06-12 10:00:24,Jaboticabal Defenders,06 - 23,Empyreo Leme Lizards,super-copa-sao-paulo-2016,,,,
2016-06-12 14:00:14,Ocelots FA,57 - 00,Votuporanga Mohawks,super-copa-sao-paulo-2016,,,,
2016-06-12 14:00:58,Rio Preto Weilers,12 - 21,Sorocaba Vipers,super-copa-sao-paulo-2016,,,,
2016-06-26 10:00:58,São Paulo Storm,07 - 09,Sorocaba Vipers,super-copa-sao-paulo-2016,,,,
2016-06-26 14:00:58,Ocelots FA,03 - 14,Empyreo Leme Lizards,super-copa-sao-paulo-2016,,,,
2016-07-10 14:00:58,Sorocaba Vipers,21 - 12,Empyreo Leme Lizards,super-copa-sao-paulo-2016,,,,
2015-03-08 09:00:35,Ribeirão Preto Challengers,25 - 08,Independente Tomahawk,super-copa-sao-paulo-2015,Estádio Municipal - Jardinópolis/SP,,,
2015-03-08 10:00:35,Uberlândia Lobos,49 - 00,Prudente Coronéis,super-copa-sao-paulo-2015,W.O.,,,
2015-03-08 14:00:35,Empyreo Leme Lizards,35 - 18,Ribeirão Preto Alligators,super-copa-sao-paulo-2015,Estádio Municipal - Jardinópolis/SP,,,
2015-03-08 14:00:35,Rio Preto Weilers,36 - 07,Araçatuba Touros,super-copa-sao-paulo-2015,Campo do Ouro Verde - S. J. do Rio Preto/SP,,,
2015-03-08 14:00:35,Operário Gravediggers,56 - 00,Jaboticabal Defenders,super-copa-sao-paulo-2015,Campo da UNESP - Jaboticabal/SP,,,
2015-03-21 14:00:35,Uberlândia Lobos,07 - 06,Rio Preto Weilers,super-copa-sao-paulo-2015,Campo do CESAG - Uberlândia/MG,,,
2015-03-22 10:00:35,Araçatuba Touros,27 - 14,Ribeirão Preto Alligators,super-copa-sao-paulo-2015,Campo da UNESP - Jaboticabal/SP,,,
2015-03-22 10:00:35,Prudente Coronéis,00 - 49,Operário Gravediggers,super-copa-sao-paulo-2015,W.O.,,,
2015-03-22 14:00:35,Ribeirão Preto Challengers,12 - 00,Empyreo Leme Lizards,super-copa-sao-paulo-2015,Clube de Campo Empyreo - Leme/SP,,,
2015-03-22 14:00:35,Jaboticabal Defenders,00 - 50,Independente Tomahawk,super-copa-sao-paulo-2015,Campo da UNESP - Jaboticabal/SP,,,
2015-04-11 14:00:35,Uberlândia Lobos,34 - 06,Independente Tomahawk,super-copa-sao-paulo-2015,Campo do CESAG - Uberlândia/MG,,,
2015-04-12 10:00:35,Ribeirão Preto Alligators,00 - 41,Ribeirão Preto Challengers,super-copa-sao-paulo-2015,Centro Esportivo - Brodowski/SP,,,
2015-04-12 10:00:35,Araçatuba Touros,07 - 40,Operário Gravediggers,super-copa-sao-paulo-2015,Campo da UNESP - Presidente Prudente/SP,,,
2015-04-12 14:30:35,Prudente Coronéis,00 - 49,Rio Preto Weilers,super-copa-sao-paulo-2015,W.O.,,,
2015-04-25 14:00:35,Empyreo Leme Lizards,22 - 00,Rio Preto Weilers,super-copa-sao-paulo-2015,Clube de Campo Empyreo - Leme/SP,,,
2015-04-26 10:00:35,Uberlândia Lobos,00 - 26,Operário Gravediggers,super-copa-sao-paulo-2015,C. E. Rubens Miranda - Coroados/SP,,,
2015-04-26 10:00:35,Ribeirão Preto Challengers,49 - 08,Jaboticabal Defenders,super-copa-sao-paulo-2015,Centro Esportivo - Brodowski/SP,,,
2015-04-26 14:00:35,Araçatuba Touros,49 - 00,Prudente Coronéis,super-copa-sao-paulo-2015,W.O.,,,
2015-04-26 14:00:35,Ribeirão Preto Alligators,28 - 34,Independente Tomahawk,super-copa-sao-paulo-2015,Centro Esportivo - Brodowski/SP,,,
2015-05-09 10:00:35,Independente Tomahawk,06 - 07,Empyreo Leme Lizards,super-copa-sao-paulo-2015,Estádio Thelmo de Almeida - Cosmópolis/SP,,,
2015-05-17 10:00:35,Rio Preto Weilers,14 - 43,Operário Gravediggers,super-copa-sao-paulo-2015,Teixeirão - S. J. do Rio Preto/SP,,,
2015-05-17 14:00:35,Ribeirão Preto Challengers,49 - 00,Prudente Coronéis,super-copa-sao-paulo-2015,Clube de Campo Empyreo - Leme/SP,,,
2015-05-17 14:00:35,Araçatuba Touros,10 - 30,Uberlândia Lobos,super-copa-sao-paulo-2015,Teixeirão - S. J. do Rio Preto/SP,,,
2015-05-30 14:00:35,Empyreo Leme Lizards,41 - 00,Jaboticabal Defenders,super-copa-sao-paulo-2015,Clube de Campo Empyreo - Leme/SP,,,
2015-06-07 10:00:35,Jaboticabal Defenders,20 - 48,Ribeirão Preto Alligators,super-copa-sao-paulo-2015,Campo da UNESP - Jaboticabal/SP,,,
2015-03-14 10:00:35,São Paulo Storm,29 - 00,Underdogs Football,super-copa-sao-paulo-2015,CECE Romão de Souza - Jundiaí/SP,,,
2015-03-14 13:00:35,Ocelots FA,15 - 28,Corinthians Steamrollers,super-copa-sao-paulo-2015,CECE Romão de Souza - Jundiaí/SP,,,
2015-03-15 09:00:35,Paulínia Mavericks,49 - 00,Cabritos FA,super-copa-sao-paulo-2015,W.O.,,,
2015-03-15 10:00:35,Pouso Alegre Gladiadores,00 - 16,Sorocaba Vipers,super-copa-sao-paulo-2015,Campo da Vila Planalto - Vinhedo/SP,,,
2015-03-15 14:00:35,Vinhedo Lumberjacks,00 - 17,Nemesis Football,super-copa-sao-paulo-2015,Campo da Vila Planalto - Vinhedo/SP,,,
2015-03-15 14:00:35,Vikings FA,06 - 09,Osasco Soldiers,super-copa-sao-paulo-2015,Poliesportivo Monte Alegre - Paulínia/SP,,,
2015-03-29 10:00:35,São Paulo Storm,103 - 00,Vikings FA,super-copa-sao-paulo-2015,Estádio Mário Milani - Itupeva/SP,,,
2015-03-29 10:00:35,Sorocaba Vipers,27 - 00,Vinhedo Lumberjacks,super-copa-sao-paulo-2015,Estádio Nelo Bracalente - Vinhedo/SP,,,
2015-03-29 10:00:35,Nemesis Football,49 - 00,Cabritos FA,super-copa-sao-paulo-2015,W.O.,,,
2015-03-29 14:00:35,Paulínia Mavericks,20 - 26,Pouso Alegre Gladiadores,super-copa-sao-paulo-2015,Estádio Nelo Bracalente - Vinhedo/SP,,,
2015-03-29 14:00:35,Corinthians Steamrollers,37 - 06,Underdogs Football,super-copa-sao-paulo-2015,Estádio Mário Milani - Itupeva/SP,,,
2015-04-18 10:00:35,Pouso Alegre Gladiadores,49 - 00,Cabritos FA,super-copa-sao-paulo-2015,W.O.,,,
2015-04-19 10:00:35,Ocelots FA,00 - 33,São Paulo Storm,super-copa-sao-paulo-2015,CECE Romão de Souza - Jundiaí/SP,,,
2015-04-19 10:00:35,Paulínia Mavericks,28 - 21,Vinhedo Lumberjacks,super-copa-sao-paulo-2015,C. E. Jardim Simus - Sorocaba/SP,,,
2015-04-19 14:00:35,Corinthians Steamrollers,74 - 00,Osasco Soldiers,super-copa-sao-paulo-2015,CECE Romão de Souza - Jundiaí/SP,,,
2015-04-19 14:00:35,Nemesis Football,19 - 34,Sorocaba Vipers,super-copa-sao-paulo-2015,C. E. Jardim Simus - Sorocaba/SP,,,
2015-05-02 10:00:35,Vinhedo Lumberjacks,49 - 00,Cabritos FA,super-copa-sao-paulo-2015,W.O.,,,
2015-05-03 10:00:35,Underdogs Football,30 - 02,Osasco Soldiers,super-copa-sao-paulo-2015,CECE Benedito de Lima - Jundiaí/SP,,,
2015-05-03 14:00:35,Ocelots FA,55 - 00,Vikings FA,super-copa-sao-paulo-2015,CECE Benedito de Lima - Jundiaí/SP,,,
2015-05-03 14:00:35,Sorocaba Vipers,46 - 07,Paulínia Mavericks,super-copa-sao-paulo-2015,CERMAG - Votorantim/SP,,,
2015-05-16 14:00:35,Underdogs Football,39 - 06,Vikings FA,super-copa-sao-paulo-2015,Parque Dom José - Barueri/SP,,,
2015-05-17 10:00:35,Pouso Alegre Gladiadores,10 - 26,Nemesis Football,super-copa-sao-paulo-2015,SESI Piratininga - Osasco/SP,,,
2015-05-17 14:00:35,Osasco Soldiers,00 - 31,Ocelots FA,super-copa-sao-paulo-2015,SESI Piratininga - Osasco/SP,,,
2015-05-24 15:00:35,São Paulo Storm,00 - 29,Corinthians Steamrollers,super-copa-sao-paulo-2015,Clube de Campo Empyreo - Leme/SP,,,
2015-05-30 14:00:35,Pouso Alegre Gladiadores,12 - 11,Vinhedo Lumberjacks,super-copa-sao-paulo-2015,Estádio Manduzão - Pouso Alegre/MG,,,
2015-05-31 10:00:35,Corinthians Steamrollers,26 - 00,Vikings FA,super-copa-sao-paulo-2015,CECE Benedito de Lima - Jundiaí/SP,,,
2015-05-31 10:00:35,Sorocaba Vipers,49 - 00,Cabritos FA,super-copa-sao-paulo-2015,W.O.,,,
2015-05-31 10:00:35,São Paulo Storm,70 - 00,Osasco Soldiers,super-copa-sao-paulo-2015,CERMAG - Votorantim/SP,,,
2015-05-31 14:00:35,Ocelots FA,14 - 00,Underdogs Football,super-copa-sao-paulo-2015,CECE Benedito de Lima - Jundiaí/SP,,,
2015-05-31 14:00:35,Nemesis Football,22 - 21,Paulínia Mavericks,super-copa-sao-paulo-2015,CERMAG - Votorantim/SP,,,
2015-06-14 10:00:35,São Paulo Storm,49 - 14,Tomahawk FA,super-copa-sao-paulo-2015,,,,
2015-06-14 14:00:35,Uberlândia Lobos,06 - 03,Rio Preto Weilers,super-copa-sao-paulo-2015,,,,
2015-06-14 14:00:35,Empyreo Leme Lizards,16 - 00,Pouso Alegre Gladiadores,super-copa-sao-paulo-2015,,,,
2015-06-14 14:00:35,Nemesis Football,00 - 19,Ocelots FA,super-copa-sao-paulo-2015,,,,
2015-06-20 14:00:35,Sorocaba Vipers,13 - 36,São Paulo Storm,super-copa-sao-paulo-2015,,,,
2015-06-21 10:00:35,Corinthians Steamrollers,30 - 07,Empyreo Leme Lizards,super-copa-sao-paulo-2015,,,,
2015-06-21 14:00:35,Campo Grande Gravediggers,36 - 00,Uberlândia Lobos,super-copa-sao-paulo-2015,,,,
2015-06-21 14:00:35,Ribeirão Preto Challengers,26 - 12,Ocelots FA,super-copa-sao-paulo-2015,,,,
2015-06-28 10:00:35,Campo Grande Gravediggers,31 - 21,Ribeirão Preto Challengers,super-copa-sao-paulo-2015,,,,
2015-06-28 14:00:35,Corinthians Steamrollers,03 - 10,São Paulo Storm,super-copa-sao-paulo-2015,,,,
2015-07-12 14:00:35,Campo Grande Gravediggers,07 - 12,São Paulo Storm,super-copa-sao-paulo-2015,,,,
2014-03-23 14:00:00,Pouso Alegre Gladiadores,07 - 19,Vinhedo Lumberjacks,super-copa-sao-paulo-2014,Clube de Campo Empyreo - Leme/SP,,,
2014-03-23 14:00:00,Ribeirão Preto Challengers,27 - 05,Empyreo Leme Lizards,super-copa-sao-paulo-2014,Clube de Campo Empyreo - Leme/SP,,,
2014-03-23 14:00:00,Nemesis Football,12 - 13,Avaré Mustangs,super-copa-sao-paulo-2014,Mairinque/SP,,,
2014-03-23 14:00:00,Paulínia Mavericks,15 - 21,Independente Tomahawk,super-copa-sao-paulo-2014,Mairinque/SP,,,
2014-04-06 14:00:00,Pouso Alegre Gladiadores,21 - 07,Independente Tomahawk,super-copa-sao-paulo-2014,Pouso Alegre/MG,,,
2014-04-06 14:00:00,Vinhedo Lumberjacks,34 - 06,Paulínia Mavericks,super-copa-sao-paulo-2014,Clube de Campo Empyreo - Leme/SP,,,
2014-04-06 14:00:00,Empyreo Leme Lizards,12 - 14,Nemesis Football,super-copa-sao-paulo-2014,Clube de Campo Empyreo - Leme/SP,,,
2014-04-13 14:00:00,Nemesis Football,32 - 20,ABC Corsários,super-copa-sao-paulo-2014,São Roque/SP,,,
2014-04-13 14:00:00,Ribeirão Preto Challengers,40 - 08,Avaré Mustangs,super-copa-sao-paulo-2014,Tambaú/SP,,,
2014-04-26 14:00:00,Pouso Alegre Gladiadores,03 - 40,Cabritos FA,super-copa-sao-paulo-2014,Pouso Alegre/MG,,,
2014-04-27 14:00:00,Ocelots FA,08 - 00,Paulínia Mavericks,super-copa-sao-paulo-2014,Jundiaí/SP,,,
2014-04-27 14:00:00,Cougars Football,14 - 07,Independente Tomahawk,super-copa-sao-paulo-2014,Clube de Campo Empyreo - Leme/SP,,,
2014-04-27 14:00:00,Empyreo Leme Lizards,35 - 06,Vikings FA,super-copa-sao-paulo-2014,,,,
2014-05-03 14:00:00,Ribeirão Preto Challengers,41 - 00,São Paulo Saints,super-copa-sao-paulo-2014,Secretaria Municipal de Esporte - Cravinhos/SP,,,
2014-05-04 14:00:00,Vinhedo Lumberjacks,00 - 68,Corinthians Steamrollers,super-copa-sao-paulo-2014,Vinhedo/SP,,,
2014-05-10 14:00:00,Ocelots FA,25 - 07,Independente Tomahawk,super-copa-sao-paulo-2014,Jundiaí/SP,,,
2014-05-11 14:00:00,Avaré Mustangs,43 - 14,ABC Corsários,super-copa-sao-paulo-2014,Avaré/SP,,,
2014-05-11 14:00:00,Ribeirão Preto Challengers,52 - 00,Vikings FA,super-copa-sao-paulo-2014,Paulínia/SP,,,
2014-05-11 14:00:00,Cougars Football,14 - 28,Paulínia Mavericks,super-copa-sao-paulo-2014,Paulínia/SP,,,
2014-05-17 14:00:00,Pouso Alegre Gladiadores,00 - 57,Corinthians Steamrollers,super-copa-sao-paulo-2014,Pouso Alegre/MG,,,
2014-05-17 14:00:00,Cabritos FA,31 - 09,Vinhedo Lumberjacks,super-copa-sao-paulo-2014,Pouso Alegre/MG,,,
2014-05-18 14:00:00,Empyreo Leme Lizards,31 - 00,São Paulo Saints,super-copa-sao-paulo-2014,Mairinque/SP,,,
2014-05-18 14:00:00,Nemesis Football,12 - 02,Ocelots FA,super-copa-sao-paulo-2014,Mairinque/SP,,,
2014-05-25 14:00:00,Avaré Mustangs,36 - 06,Paulínia Mavericks,super-copa-sao-paulo-2014,Avaré/SP,,,
2014-05-25 14:00:00,Nemesis Football,35 - 06,Independente Tomahawk,super-copa-sao-paulo-2014,Avaré/SP,,,
2014-06-01 14:00:00,Vinhedo Lumberjacks,21 - 43,Ribeirão Preto Challengers,super-copa-sao-paulo-2014,Clube de Campo Empyreo - Leme/SP,,,
2014-06-01 14:00:00,Empyreo Leme Lizards,42 - 00,Pouso Alegre Gladiadores,super-copa-sao-paulo-2014,Clube de Campo Empyreo - Leme/SP,,,
2014-06-07 14:00:00,Vinhedo Lumberjacks,20 - 16,Avaré Mustangs,super-copa-sao-paulo-2014,Vinhedo/SP,,,
2014-06-08 14:00:00,Pouso Alegre Gladiadores,09 - 16,Nemesis Football,super-copa-sao-paulo-2014,Pouso Alegre/MG,,,
2014-06-08 14:00:00,Paulínia Mavericks,06 - 41,Ribeirão Preto Challengers,super-copa-sao-paulo-2014,Paulínia/SP,,,
2014-06-08 14:00:00,Empyreo Leme Lizards,41 - 06,Independente Tomahawk,super-copa-sao-paulo-2014,Paulínia/SP,,,
2014-06-15 14:00:00,Avaré Mustangs,06 - 33,Corinthians Steamrollers,super-copa-sao-paulo-2014,Guarulhos/SP,,,
2014-03-30 14:00:00,Cabritos FA,12 - 57,Corinthians Steamrollers,super-copa-sao-paulo-2014,Serra/ES,,,
2014-03-30 14:00:00,Vikings FA,00 - 20,ABC Corsários,super-copa-sao-paulo-2014,São Bernardo do Campo/SP,,,
2014-04-12 14:00:00,Vikings FA,09 - 25,São Paulo Saints,super-copa-sao-paulo-2014,Ribeirão Pires/SP,,,
2014-04-12 14:00:00,Cougars Football,06 - 16,Cabritos FA,super-copa-sao-paulo-2014,Ribeirão Pires/SP,,,
2014-04-13 14:00:00,Ocelots FA,00 - 71,Corinthians Steamrollers,super-copa-sao-paulo-2014,São Roque/SP,,,
2014-04-27 14:00:00,São Paulo Saints,06 - 22,ABC Corsários,super-copa-sao-paulo-2014,Jundiaí/SP,,,
2014-06-01 14:00:00,ABC Corsários,27 - 19,Cougars Football,super-copa-sao-paulo-2014,Guarulhos/SP,,,
2014-06-01 14:00:00,Corinthians Steamrollers,00 - 06,São Paulo Saints,super-copa-sao-paulo-2014,Guarulhos/SP,,,
2014-06-14 14:00:00,São Paulo Saints,12 - 43,Ocelots FA,super-copa-sao-paulo-2014,Osasco/SP,,,
2014-06-14 14:00:00,ABC Corsários,23 - 43,Cabritos FA,super-copa-sao-paulo-2014,Osasco/SP,,,
2014-06-15 14:00:00,Vikings FA,11 - 22,Cougars Football,super-copa-sao-paulo-2014,Guarulhos/SP,,,
2014-06-21 14:00:00,Cougars Football,15 - 20,Ocelots FA,super-copa-sao-paulo-2014,Guarulhos/SP,,,
2014-06-21 14:00:00,Vikings FA,28 - 00,Cabritos FA,super-copa-sao-paulo-2014,W.O.,,,
2014-06-29 14:00:00,Corinthians Steamrollers,68 - 00,ABC Corsários,super-copa-sao-paulo-2014,,,,
2014-06-29 14:00:00,Nemesis Football,12 - 20,Vinhedo Lumberjacks,super-copa-sao-paulo-2014,,,,
2014-06-29 14:00:00,Ribeirão Preto Challengers,20 - 00,Empyreo Leme Lizards,super-copa-sao-paulo-2014,,,,
2014-07-05 14:00:00,Cabritos FA,34 - 10,Ocelots FA,super-copa-sao-paulo-2014,,,,
2014-07-12 14:00:00,Vinhedo Lumberjacks,15 - 20,Ribeirão Preto Challengers,super-copa-sao-paulo-2014,,,,
2014-07-12 14:00:00,Cabritos FA,00 - 42,Corinthians Steamrollers,super-copa-sao-paulo-2014,,,,
2014-07-20 14:00:00,Corinthians Steamrollers,13 - 00,Ribeirão Preto Challengers,super-copa-sao-paulo-2014,,,,
2013-03-02 14:00:00,Pouso Alegre Gladiadores,10 - 07,Empyreo Leme Lizards,super-copa-sao-paulo-2013,Clube de Campo Empyreo - Leme/SP,,,
2013-03-02 14:00:00,Ribeirão Preto Challengers,39 - 00,Ocelots FA,super-copa-sao-paulo-2013,Clube de Campo Empyreo - Leme/SP,,,
2013-03-03 14:00:00,Vinhedo Lumberjacks,30 - 14,Avaré Mustangs,super-copa-sao-paulo-2013,Paulínia/SP,,,
2013-03-03 14:00:00,Paulínia Mavericks,40 - 06,Independente Tomahawk,super-copa-sao-paulo-2013,Paulínia/SP,,,
2013-03-16 14:00:00,Avaré Mustangs,06 - 49,Ribeirão Preto Challengers,super-copa-sao-paulo-2013,Avaré/SP,,,
2013-03-16 14:00:00,Pouso Alegre Gladiadores,00 - 16,Vinhedo Lumberjacks,super-copa-sao-paulo-2013,Pouso Alegre/MG,,,
2013-03-17 14:00:00,Empyreo Leme Lizards,17 - 14,Independente Tomahawk,super-copa-sao-paulo-2013,Jundiaí/SP,,,
2013-03-17 14:00:00,Paulínia Mavericks,06 - 07,Ocelots FA,super-copa-sao-paulo-2013,Jundiaí/SP,,,
2013-04-06 14:00:00,Vinhedo Lumberjacks,32 - 06,Independente Tomahawk,super-copa-sao-paulo-2013,Vinhedo/SP,,,
2013-04-06 14:00:00,Pouso Alegre Gladiadores,00 - 60,Ribeirão Preto Challengers,super-copa-sao-paulo-2013,Vinhedo/SP,,,
2013-04-07 14:00:00,Paulínia Mavericks,12 - 04,Empyreo Leme Lizards,super-copa-sao-paulo-2013,Jundiaí/SP,,,
2013-04-07 14:00:00,Ocelots FA,09 - 06,Avaré Mustangs,super-copa-sao-paulo-2013,Jundiaí/SP,,,
2013-04-20 14:00:00,Avaré Mustangs,20 - 22,Empyreo Leme Lizards,super-copa-sao-paulo-2013,Clube de Campo Empyreo - Leme/SP,,,
2013-04-20 14:00:00,Ribeirão Preto Challengers,67 - 06,Independente Tomahawk,super-copa-sao-paulo-2013,Clube de Campo Empyreo - Leme/SP,,,
2013-04-20 14:00:00,Pouso Alegre Gladiadores,13 - 10,Ocelots FA,super-copa-sao-paulo-2013,Pouso Alegre/MG,,,
2013-04-21 14:00:00,Paulínia Mavericks,06 - 24,Vinhedo Lumberjacks,super-copa-sao-paulo-2013,Paulínia/SP,,,
2013-05-04 14:00:00,Avaré Mustangs,35 - 26,Independente Tomahawk,super-copa-sao-paulo-2013,Limeira/SP,,,
2013-05-04 14:00:00,Ribeirão Preto Challengers,91 - 06,Empyreo Leme Lizards,super-copa-sao-paulo-2013,Limeira/SP,,,
2013-05-05 14:00:00,Paulínia Mavericks,26 - 21,Pouso Alegre Gladiadores,super-copa-sao-paulo-2013,Vinhedo/SP,,,
2013-05-05 14:00:00,Vinhedo Lumberjacks,10 - 08,Ocelots FA,super-copa-sao-paulo-2013,Vinhedo/SP,,,
2013-03-09 14:00:00,ABC Corsários,13 - 09,Osasco Soldiers,super-copa-sao-paulo-2013,Osasco/SP,,,
2013-03-09 14:00:00,Nemesis Football,00 - 13,Santos Tsunami,super-copa-sao-paulo-2013,Osasco/SP,,,
2013-03-10 14:00:00,Cougars Football,20 - 00,São Paulo Saints,super-copa-sao-paulo-2013,Tatuí/SP,,,
2013-03-10 14:00:00,Lusa Rhynos,00 - 35,Corinthians Steamrollers,super-copa-sao-paulo-2013,Tatuí/SP,,,
2013-03-23 14:00:00,ABC Corsários,27 - 06,São Paulo Saints,super-copa-sao-paulo-2013,Osasco/SP,,,
2013-03-23 14:00:00,Cougars Football,15 - 09,Osasco Soldiers,super-copa-sao-paulo-2013,Osasco/SP,,,
2013-03-24 14:00:00,Santos Tsunami,15 - 41,Corinthians Steamrollers,super-copa-sao-paulo-2013,Jundiaí/SP,,,
2013-03-24 14:00:00,Lusa Rhynos,02 - 03,Nemesis Football,super-copa-sao-paulo-2013,Jundiaí/SP,,,
2013-04-14 14:00:00,Corinthians Steamrollers,83 - 00,Osasco Soldiers,super-copa-sao-paulo-2013,Santos/SP,,,
2013-04-14 14:00:00,Cougars Football,00 - 38,Santos Tsunami,super-copa-sao-paulo-2013,Santos/SP,,,
2013-04-18 14:00:00,ABC Corsários,14 - 38,Nemesis Football,super-copa-sao-paulo-2013,Guarulhos/SP,,,
2013-04-18 14:00:00,Lusa Rhynos,51 - 00,São Paulo Saints,super-copa-sao-paulo-2013,Guarulhos/SP,,,
2013-04-27 14:00:00,Corinthians Steamrollers,28 - 00,Nemesis Football,super-copa-sao-paulo-2013,Sorocaba/SP,,,
2013-04-28 14:00:00,ABC Corsários,13 - 00,Cougars Football,super-copa-sao-paulo-2013,São Bernardo do Campo/SP,,,
2013-04-28 14:00:00,Osasco Soldiers,20 - 06,São Paulo Saints,super-copa-sao-paulo-2013,São Bernardo do Campo/SP,,,
2013-05-01 14:00:00,Lusa Rhynos,15 - 03,Santos Tsunami,super-copa-sao-paulo-2013,Estádio Municipal - Caieiras/SP,,,
2013-05-11 14:00:00,ABC Corsários,00 - 59,Lusa Rhynos,super-copa-sao-paulo-2013,Osasco/SP,,,
2013-05-11 14:00:00,Cougars Football,07 - 49,Nemesis Football,super-copa-sao-paulo-2013,Osasco/SP,,,
2013-05-12 14:00:00,Santos Tsunami,29 - 00,Osasco Soldiers,super-copa-sao-paulo-2013,Osasco/SP,,,
2013-05-12 14:00:00,Corinthians Steamrollers,54 - 00,São Paulo Saints,super-copa-sao-paulo-2013,Osasco/SP,,,
2013-05-25 14:00:00,Vinhedo Lumberjacks,19 - 16,Lusa Rhynos,super-copa-sao-paulo-2013,,,,
2013-05-25 14:00:00,Corinthians Steamrollers,84 - 00,Empyreo Leme Lizards,super-copa-sao-paulo-2013,,,,
2013-05-26 14:00:00,ABC Corsários,06 - 09,Paulínia Mavericks,super-copa-sao-paulo-2013,,,,
2013-05-26 14:00:00,Ribeirão Preto Challengers,73 - 00,Cougars Football,super-copa-sao-paulo-2013,,,,
2013-06-02 14:00:00,Ribeirão Preto Challengers,34 - 14,Paulínia Mavericks,super-copa-sao-paulo-2013,,,,
2013-06-02 14:00:00,Corinthians Steamrollers,55 - 00,Vinhedo Lumberjacks,super-copa-sao-paulo-2013,,,,
2013-06-09 14:00:00,Ribeirão Preto Challengers,00 - 17,Corinthians Steamrollers,super-copa-sao-paulo-2013,,,,
2012-03-18 14:00:00,Corinthians Steamrollers,49 - 00,Lusa Rhynos,super-copa-sao-paulo-2012,,,,
2012-03-18 14:00:00,Santos Tsunami,26 - 06,Osasco Soldiers,super-copa-sao-paulo-2012,,,,
2012-03-25 14:00:00,Avaré Mustangs,20 - 38,Ribeirão Preto Challengers,super-copa-sao-paulo-2012,,,,
2012-04-01 14:00:00,Cougars Football,00 - 33,Palmeiras Locomotives,super-copa-sao-paulo-2012,,,,
2012-04-15 14:00:00,Ribeirão Preto Challengers,43 - 00,Independente Tomahawk,super-copa-sao-paulo-2012,,,,
2012-04-22 14:00:00,Corinthians Steamrollers,51 - 21,Santos Tsunami,super-copa-sao-paulo-2012,,,,
2012-04-22 14:00:00,Lusa Rhynos,30 - 06,Osasco Soldiers,super-copa-sao-paulo-2012,,,,
2012-05-06 14:00:00,Cougars Football,12 - 21,ABC Corsários,super-copa-sao-paulo-2012,,,,
2012-05-13 14:00:00,Avaré Mustangs,50 - 00,Independente Tomahawk,super-copa-sao-paulo-2012,,,,
2012-05-20 14:00:00,Lusa Rhynos,29 - 30,Santos Tsunami,super-copa-sao-paulo-2012,,,,
2012-05-20 14:00:00,Corinthians Steamrollers,93 - 00,Osasco Soldiers,super-copa-sao-paulo-2012,,,,
2012-05-27 14:00:00,ABC Corsários,08 - 72,Palmeiras Locomotives,super-copa-sao-paulo-2012,,,,
2012-06-03 14:00:00,Avaré Mustangs,13 - 07,Santos Tsunami,super-copa-sao-paulo-2012,,,,
2012-06-03 14:00:00,Ribeirão Preto Challengers,49 - 00,ABC Corsários,super-copa-sao-paulo-2012,,,,
2012-06-10 14:00:00,Corinthians Steamrollers,25 - 15,Avaré Mustangs,super-copa-sao-paulo-2012,,,,
2012-06-10 14:00:00,Palmeiras Locomotives,06 - 31,Ribeirão Preto Challengers,super-copa-sao-paulo-2012,,,,
2012-06-17 14:00:00,Corinthians Steamrollers,41 - 25,Ribeirão Preto Challengers,super-copa-sao-paulo-2012,,,,
2014-03-23 14:00:00,Pouso Alegre Gladiadores,07 - 19,Vinhedo Lumberjacks,iii-super-copa-sao-paulo,Clube de Campo Empyreo - Leme/SP,,,
2014-03-23 14:00:00,Ribeirão Preto Challengers,27 - 05,Empyreo Leme Lizards,iii-super-copa-sao-paulo,Clube de Campo Empyreo - Leme/SP,,,
2014-03-23 14:00:00,Nemesis Football,12 - 13,Avaré Mustangs,iii-super-copa-sao-paulo,Mairinque/SP,,,
2014-03-23 14:00:00,Paulínia Mavericks,15 - 21,Independente Tomahawk,iii-super-copa-sao-paulo,Mairinque/SP,,,
2014-04-06 14:00:00,Pouso Alegre Gladiadores,21 - 07,Independente Tomahawk,iii-super-copa-sao-paulo,Pouso Alegre/MG,,,
2014-04-06 14:00:00,Vinhedo Lumberjacks,34 - 06,Paulínia Mavericks,iii-super-copa-sao-paulo,Clube de Campo Empyreo - Leme/SP,,,
2014-04-06 14:00:00,Empyreo Leme Lizards,12 - 14,Nemesis Football,iii-super-copa-sao-paulo,Clube de Campo Empyreo - Leme/SP,,,
2014-04-13 14:00:00,Nemesis Football,32 - 20,ABC Corsários,iii-super-copa-sao-paulo,São Roque/SP,,,
2014-04-13 14:00:00,Ribeirão Preto Challengers,40 - 08,Avaré Mustangs,iii-super-copa-sao-paulo,Tambaú/SP,,,
2014-04-26 14:00:00,Pouso Alegre Gladiadores,03 - 40,Cabritos FA,iii-super-copa-sao-paulo,Pouso Alegre/MG,,,
2014-04-27 14:00:00,Ocelots FA,08 - 00,Paulínia Mavericks,iii-super-copa-sao-paulo,Jundiaí/SP,,,
2014-04-27 14:00:00,Cougars Football,14 - 07,Independente Tomahawk,iii-super-copa-sao-paulo,Clube de Campo Empyreo - Leme/SP,,,
2014-04-27 14:00:00,Empyreo Leme Lizards,35 - 06,Vikings FA,iii-super-copa-sao-paulo,,,,
2014-05-03 14:00:00,Ribeirão Preto Challengers,41 - 00,São Paulo Saints,iii-super-copa-sao-paulo,Secretaria Municipal de Esporte - Cravinhos/SP,,,
2014-05-04 14:00:00,Vinhedo Lumberjacks,00 - 68,Corinthians Steamrollers,iii-super-copa-sao-paulo,Vinhedo/SP,,,
2014-05-10 14:00:00,Ocelots FA,25 - 07,Independente Tomahawk,iii-super-copa-sao-paulo,Jundiaí/SP,,,
2014-05-11 14:00:00,Avaré Mustangs,43 - 14,ABC Corsários,iii-super-copa-sao-paulo,Avaré/SP,,,
2014-05-11 14:00:00,Ribeirão Preto Challengers,52 - 00,Vikings FA,iii-super-copa-sao-paulo,Paulínia/SP,,,
2014-05-11 14:00:00,Cougars Football,14 - 28,Paulínia Mavericks,iii-super-copa-sao-paulo,Paulínia/SP,,,
2014-05-17 14:00:00,Pouso Alegre Gladiadores,00 - 57,Corinthians Steamrollers,iii-super-copa-sao-paulo,Pouso Alegre/MG,,,
2014-05-17 14:00:00,Cabritos FA,31 - 09,Vinhedo Lumberjacks,iii-super-copa-sao-paulo,Pouso Alegre/MG,,,
2014-05-18 14:00:00,Empyreo Leme Lizards,31 - 00,São Paulo Saints,iii-super-copa-sao-paulo,Mairinque/SP,,,
2014-05-18 14:00:00,Nemesis Football,12 - 02,Ocelots FA,iii-super-copa-sao-paulo,Mairinque/SP,,,
2014-05-25 14:00:00,Avaré Mustangs,36 - 06,Paulínia Mavericks,iii-super-copa-sao-paulo,Avaré/SP,,,
2014-05-25 14:00:00,Nemesis Football,35 - 06,Independente Tomahawk,iii-super-copa-sao-paulo,Avaré/SP,,,
2014-06-01 14:00:00,Vinhedo Lumberjacks,21 - 43,Ribeirão Preto Challengers,iii-super-copa-sao-paulo,Clube de Campo Empyreo - Leme/SP,,,
2014-06-01 14:00:00,Empyreo Leme Lizards,42 - 00,Pouso Alegre Gladiadores,iii-super-copa-sao-paulo,Clube de Campo Empyreo - Leme/SP,,,
2014-06-07 14:00:00,Vinhedo Lumberjacks,20 - 16,Avaré Mustangs,iii-super-copa-sao-paulo,Vinhedo/SP,,,
2014-06-08 14:00:00,Pouso Alegre Gladiadores,09 - 16,Nemesis Football,iii-super-copa-sao-paulo,Pouso Alegre/MG,,,
2014-06-08 14:00:00,Paulínia Mavericks,06 - 41,Ribeirão Preto Challengers,iii-super-copa-sao-paulo,Paulínia/SP,,,
2014-06-08 14:00:00,Empyreo Leme Lizards,41 - 06,Independente Tomahawk,iii-super-copa-sao-paulo,Paulínia/SP,,,
2014-06-15 14:00:00,Avaré Mustangs,06 - 33,Corinthians Steamrollers,iii-super-copa-sao-paulo,Guarulhos/SP,,,
2014-03-30 14:00:00,Cabritos FA,12 - 57,Corinthians Steamrollers,iii-super-copa-sao-paulo,Serra/ES,,,
2014-03-30 14:00:00,Vikings FA,00 - 20,ABC Corsários,iii-super-copa-sao-paulo,São Bernardo do Campo/SP,,,
2014-04-12 14:00:00,Vikings FA,09 - 25,São Paulo Saints,iii-super-copa-sao-paulo,Ribeirão Pires/SP,,,
2014-04-12 14:00:00,Cougars Football,06 - 16,Cabritos FA,iii-super-copa-sao-paulo,Ribeirão Pires/SP,,,
2014-04-13 14:00:00,Ocelots FA,00 - 71,Corinthians Steamrollers,iii-super-copa-sao-paulo,São Roque/SP,,,
2014-04-27 14:00:00,São Paulo Saints,06 - 22,ABC Corsários,iii-super-copa-sao-paulo,Jundiaí/SP,,,
2014-06-01 14:00:00,ABC Corsários,27 - 19,Cougars Football,iii-super-copa-sao-paulo,Guarulhos/SP,,,
2014-06-01 14:00:00,Corinthians Steamrollers,00 - 06,São Paulo Saints,iii-super-copa-sao-paulo,Guarulhos/SP,,,
2014-06-14 14:00:00,São Paulo Saints,12 - 43,Ocelots FA,iii-super-copa-sao-paulo,Osasco/SP,,,
2014-06-14 14:00:00,ABC Corsários,23 - 43,Cabritos FA,iii-super-copa-sao-paulo,Osasco/SP,,,
2014-06-15 14:00:00,Vikings FA,11 - 22,Cougars Football,iii-super-copa-sao-paulo,Guarulhos/SP,,,
2014-06-21 14:00:00,Cougars Football,15 - 20,Ocelots FA,iii-super-copa-sao-paulo,Guarulhos/SP,,,
2014-06-21 14:00:00,Vikings FA,28 - 00,Cabritos FA,iii-super-copa-sao-paulo,W.O.,,,
2014-06-29 14:00:00,Corinthians Steamrollers,68 - 00,ABC Corsários,iii-super-copa-sao-paulo,,,,
2014-06-29 14:00:00,Nemesis Football,12 - 20,Vinhedo Lumberjacks,iii-super-copa-sao-paulo,,,,
2014-06-29 14:00:00,Ribeirão Preto Challengers,20 - 00,Empyreo Leme Lizards,iii-super-copa-sao-paulo,,,,
2014-07-05 14:00:00,Cabritos FA,34 - 10,Ocelots FA,iii-super-copa-sao-paulo,,,,
2014-07-12 14:00:00,Vinhedo Lumberjacks,15 - 20,Ribeirão Preto Challengers,iii-super-copa-sao-paulo,,,,
2014-07-12 14:00:00,Cabritos FA,00 - 42,Corinthians Steamrollers,iii-super-copa-sao-paulo,,,,
2014-07-20 14:00:00,Corinthians Steamrollers,13 - 00,Ribeirão Preto Challengers,iii-super-copa-sao-paulo,,,,
2014-03-09 10:00:00,São Paulo Storm,49 - 00,Spartans Football,campeonato-paulista-2014,W.O.,,,
2014-03-09 14:00:00,Sorocaba Vipers,15 - 17,Brasil Devilz,campeonato-paulista-2014,Clube Recreativo Campestre - Sorocaba/SP,,,
2014-03-16 10:00:00,Spartans Football,20 - 08,Brasil Devilz,campeonato-paulista-2014,Clube Recreativo Campestre - Sorocaba/SP,,,
2014-03-16 14:00:00,Sorocaba Vipers,00 - 28,São Paulo Storm,campeonato-paulista-2014,Clube Recreativo Campestre - Sorocaba/SP,,,
2014-03-29 10:00:00,Brasil Devilz,00 - 35,São Paulo Storm,campeonato-paulista-2014,Parque Dom José - Barueri/SP,,,
2014-03-29 14:00:00,Spartans Football,00 - 23,Sorocaba Vipers,campeonato-paulista-2014,Barueri/SP,,,
2014-03-23 10:00:00,Araçatuba Touros,22 - 20,Prudente Coronéis,campeonato-paulista-2014,Adhemarzão - Araçatuba/SP,,,
2014-03-23 14:30:00,Votuporanga Mohawks,07 - 27,Rio Preto Weilers,campeonato-paulista-2014,Adhemarzão - Araçatuba/SP,,,
2014-04-06 14:30:00,Rio Preto Weilers,24 - 10,Prudente Coronéis,campeonato-paulista-2014,Distrito Industrial - S. J. do Rio Preto/SP,,,
2014-04-13 10:00:00,Votuporanga Mohawks,00 - 10,Araçatuba Touros,campeonato-paulista-2014,Arena Plínio Marin - Votuporanga/SP,,,
2014-04-27 10:00:00,Rio Preto Weilers,28 - 00,Araçatuba Touros,campeonato-paulista-2014,Parque do Povo - Presidente Prudente/SP,,,
2014-04-27 14:00:00,Prudente Coronéis,33 - 06,Votuporanga Mohawks,campeonato-paulista-2014,Parque do Povo - Presidente Prudente/SP,,,
2014-05-25 10:00:00,São Paulo Storm,58 - 00,Araçatuba Touros,campeonato-paulista-2014,,,,
2014-05-25 14:30:00,Rio Preto Weilers,06 - 16,Sorocaba Vipers,campeonato-paulista-2014,,,,
2014-06-08 15:00:00,São Paulo Storm,31 - 00,Sorocaba Vipers,campeonato-paulista-2014,,,,
2013-03-03 10:00:00,Brasil Devilz,39 - 06,Ribeirão Preto Alligators,campeonato-paulista-2013,Estádio Anísio Haddad - S. J. do Rio Preto/SP,,,
2013-03-03 14:00:00,Sorocaba Vipers,20 - 32,Rio Preto Weilers,campeonato-paulista-2013,Estádio Anísio Haddad - S. J. do Rio Preto/SP,,,
2013-03-10 10:00:00,Spartans Football,48 - 06,Palmeiras Locomotives,campeonato-paulista-2013,Parque Dom Bosco - Barueri/SP,,,
2013-03-10 14:00:00,Brasil Devilz,18 - 34,São Paulo Storm,campeonato-paulista-2013,Parque Dom Bosco - Barueri/SP,,,
2013-03-24 09:30:00,Sorocaba Vipers,26 - 06,Palmeiras Locomotives,campeonato-paulista-2013,Campus Moura Lacerda - Ribeirão Preto/SP,,,
2013-03-24 15:00:00,Rio Preto Weilers,17 - 00,Ribeirão Preto Alligators,campeonato-paulista-2013,Campus Moura Lacerda - Ribeirão Preto/SP,,,
2013-03-31 10:00:00,Brasil Devilz,20 - 42,Spartans Football,campeonato-paulista-2013,Estádio Municipal Vila Nova - São Roque/SP,,,
2013-03-31 14:00:00,São Paulo Storm,41 - 07,Rio Preto Weilers,campeonato-paulista-2013,Estádio Municipal Vila Nova - São Roque/SP,,,
2013-04-07 10:00:00,Ribeirão Preto Alligators,06 - 36,Palmeiras Locomotives,campeonato-paulista-2013,C. E. Jardim Simus - Sorocaba/SP,,,
2013-04-07 14:00:00,Sorocaba Vipers,10 - 24,São Paulo Storm,campeonato-paulista-2013,C. E. Jardim Simus - Sorocaba/SP,,,
2013-04-14 10:00:00,Rio Preto Weilers,06 - 12,Brasil Devilz,campeonato-paulista-2013,Estádio Municipal Vila Nova - São Roque/SP,,,
2013-04-14 14:00:00,Sorocaba Vipers,14 - 21,Spartans Football,campeonato-paulista-2013,Estádio Municipal Vila Nova - São Roque/SP,,,
2013-04-21 10:00:00,Ribeirão Preto Alligators,00 - 49,Spartans Football,campeonato-paulista-2013,C. E. Jardim Simus - Sorocaba/SP,,,
2013-04-21 14:00:00,Palmeiras Locomotives,06 - 79,São Paulo Storm,campeonato-paulista-2013,C. E. Jardim Simus - Sorocaba/SP,,,
2013-05-05 10:00:00,Spartans Football,07 - 13,Brasil Devilz,campeonato-paulista-2013,,,,
2013-05-05 14:00:00,São Paulo Storm,50 - 00,Rio Preto Weilers,campeonato-paulista-2013,,,,
2013-05-19 10:00:00,Spartans Football,22 - 16,Rio Preto Weilers,campeonato-paulista-2013,,,,
2013-05-19 14:00:00,São Paulo Storm,42 - 06,Brasil Devilz,campeonato-paulista-2013,,,,
2012-04-01 12:00:00,São Paulo Storm,38 - 00,Brasil Devilz,campeonato-paulista-2012,Parque das Águas - Sorocaba/SP,,,
2012-04-01 15:00:00,Sorocaba Vipers,03 - 14,Itatiba Priests,campeonato-paulista-2012,Parque das Águas - Sorocaba/SP,,,
2012-04-15 10:30:00,Spartans Football,33 - 06,Rio Preto Weilers,campeonato-paulista-2012,Parque Ferraz Costa - Itatiba/SP,,,
2012-04-15 14:00:00,Itatiba Priests,12 - 25,São Paulo Storm,campeonato-paulista-2012,Parque Ferraz Costa - Itatiba/SP,,,
2012-04-21 14:00:00,Brasil Devilz,08 - 12,Spartans Football,campeonato-paulista-2012,Parque Dom Bosco - Barueri/SP,,,
2012-04-22 14:00:00,Sorocaba Vipers,19 - 06,Rio Preto Weilers,campeonato-paulista-2012,Campo do Salesiano - Sorocaba/SP,,,
2012-05-06 10:30:00,São Paulo Storm,00 - 18,Spartans Football,campeonato-paulista-2012,Parque Ferraz Costa - Itatiba/SP,,,
2012-05-06 14:30:00,Brasil Devilz,18 - 22,Itatiba Priests,campeonato-paulista-2012,Parque Ferraz Costa - Itatiba/SP,,,
2012-05-13 10:30:00,Spartans Football,23 - 07,Sorocaba Vipers,campeonato-paulista-2012,FACENS - Sorocaba/SP,,,
2012-05-13 14:30:00,Rio Preto Weilers,06 - 52,São Paulo Storm,campeonato-paulista-2012,FACENS - Sorocaba/SP,,,
2012-05-20 14:00:00,Sorocaba Vipers,06 - 55,São Paulo Storm,campeonato-paulista-2012,Campo do Salesiano - Sorocaba/SP,,,
2012-05-20 14:30:00,Brasil Devilz,32 - 21,Rio Preto Weilers,campeonato-paulista-2012,Parque Dom Bosco - Barueri/SP,,,
2012-05-27 14:00:00,Spartans Football,30 - 08,Itatiba Priests,campeonato-paulista-2012,Parque Ferraz Costa - Itatiba/SP,,,
2012-06-03 10:00:00,Itatiba Priests,08 - 00,Rio Preto Weilers,campeonato-paulista-2012,Parque Ferraz Costa - Itatiba/SP,,,
2012-06-03 14:00:00,Sorocaba Vipers,13 - 20,Brasil Devilz,campeonato-paulista-2012,Parque Ferraz Costa - Itatiba/SP,,,
2012-06-09 18:00:00,São Paulo Storm,34 - 06,Brasil Devilz,campeonato-paulista-2012,,,,
2012-06-10 14:00:00,Spartans Football,07 - 00,Itatiba Priests,campeonato-paulista-2012,,,,
2012-06-17 14:00:00,São Paulo Storm,38 - 00,Spartans Football,campeonato-paulista-2012,,,,
2011-03-20 14:30:00,Sorocaba Vipers,06 - 40,Spartans Football,campeonato-paulista-2011,FACENS - Sorocaba/SP,,,
2011-03-27 14:00:00,Itatiba Priests,00 - 27,São Paulo Storm,campeonato-paulista-2011,Parque Ferraz Costa - Itatiba/SP,,,
2011-04-03 10:00:00,Corinthians Steamrollers,20 - 22,Spartans Football,campeonato-paulista-2011,Campo do Estrada - Sorocaba/SP,,,
2011-04-03 14:00:00,Sorocaba Vipers,12 - 00,ABC Corsários,campeonato-paulista-2011,Campo do Estrada - Sorocaba/SP,,,
2011-04-17 10:00:00,São Paulo Storm,42 - 08,ABC Corsários,campeonato-paulista-2011,Parque Ferraz Costa - Itatiba/SP,,,
2011-04-17 14:00:00,Itatiba Priests,00 - 50,Corinthians Steamrollers,campeonato-paulista-2011,Parque Ferraz Costa - Itatiba/SP,,,
2011-05-01 14:00:00,ABC Corsários,00 - 46,Corinthians Steamrollers,campeonato-paulista-2011,Parque Ferraz Costa - Itatiba/SP,,,
2011-05-15 10:00:00,ABC Corsários,07 - 08,Itatiba Priests,campeonato-paulista-2011,FACENS - Sorocaba/SP,,,
2011-05-15 14:30:00,Sorocaba Vipers,02 - 26,São Paulo Storm,campeonato-paulista-2011,FACENS - Sorocaba/SP,,,
2011-05-22 10:00:00,Spartans Football,21 - 29,São Paulo Storm,campeonato-paulista-2011,FACENS - Sorocaba/SP,,,
2011-05-22 14:30:00,Sorocaba Vipers,00 - 27,Corinthians Steamrollers,campeonato-paulista-2011,FACENS - Sorocaba/SP,,,
2011-06-10 10:30:00,Corinthians Steamrollers,24 - 21,São Paulo Storm,campeonato-paulista-2011,Clube do NAIS - Sorocaba/SP,,,
2011-06-10 14:30:00,Itatiba Priests,06 - 58,Spartans Football,campeonato-paulista-2011,Clube do NAIS - Sorocaba/SP,,,
2011-06-19 10:30:00,Spartans Football,30 - 06,ABC Corsários,campeonato-paulista-2011,Parque Ferraz Costa - Itatiba/SP,,,
2011-06-19 14:30:00,Itatiba Priests,22 - 21,Sorocaba Vipers,campeonato-paulista-2011,Parque Ferraz Costa - Itatiba/SP,,,
2011-07-03 14:00:00,Corinthians Steamrollers,44 - 21,Spartans Football,campeonato-paulista-2011,,,,
2010-04-18 14:00:00,Sorocaba Vipers,39 - 00,Itatiba Priests,campeonato-paulista-2010,FACENS - Sorocaba/SP,,,
2010-05-01 10:30:00,São Paulo Storm,14 - 00,Sorocaba Vipers,campeonato-paulista-2010,Estádio Municipal - Guarujá/SP,,,
2010-05-01 14:30:00,Corinthians Steamrollers,14 - 06,Spartans Football,campeonato-paulista-2010,Estádio Municipal - Guarujá/SP,,,
2010-05-08 15:30:00,Itatiba Priests,00 - 28,Corinthians Steamrollers,campeonato-paulista-2010,Estádio Hermínio Espósito - Embu das Artes/SP,,,
2010-05-22 16:00:00,Spartans Football,07 - 18,São Paulo Storm,campeonato-paulista-2010,Estádio Municipal - Votorantim/SP,,,
2010-05-22 19:00:00,Sorocaba Vipers,06 - 21,Corinthians Steamrollers,campeonato-paulista-2010,Estádio Municipal - Votorantim/SP,,,
2010-05-29 14:00:00,Itatiba Priests,14 - 46,Spartans Football,campeonato-paulista-2010,Parque Ferraz Costa - Itatiba/SP,,,
2010-06-05 15:30:00,Corinthians Steamrollers,00 - 29,São Paulo Storm,campeonato-paulista-2010,Estádio Hermínio Espósito - Embu das Artes/SP,,,
2010-06-12 09:30:00,Spartans Football,33 - 00,Sorocaba Vipers,campeonato-paulista-2010,Parque Ferraz Costa - Itatiba/SP,,,
2010-06-12 14:30:00,São Paulo Storm,29 - 06,Itatiba Priests,campeonato-paulista-2010,Parque Ferraz Costa - Itatiba/SP,,,
2010-06-27 15:00:00,São Paulo Storm,19 - 12,Corinthians Steamrollers,campeonato-paulista-2010,,,,
2014-09-21 09:00:00,Londrina Bristlebacks,07 - 19,Prudente Coronéis,copa-anhanguera-2014,Estádio VGD - Londrina/PR,,,
2014-09-21 11:00:00,ABC Corsários,34 - 00,Votuporanga Mohawks,copa-anhanguera-2014,Clube Riacho Grande - São Bernardo do Campo/SP,,,
2014-09-21 14:00:00,Norte Paraná,14 - 13,Araçatuba Touros,copa-anhanguera-2014,Estádio VGD - Londrina/PR,,,
2014-10-12 10:00:00,Votuporanga Mohawks,21 - 14,Araçatuba Touros,copa-anhanguera-2014,Campo Simonsen - Votuporanga/SP,,,
2014-10-12 14:00:00,Norte Paraná,16 - 07,Londrina Bristlebacks,copa-anhanguera-2014,Estádio José Garbelini - Cambé/PR,,,
2014-10-12 14:00:00,Prudente Coronéis,17 - 12,ABC Corsários,copa-anhanguera-2014,Campo Simonsen - Votuporanga/SP,,,
2014-11-02 10:00:00,Votuporanga Mohawks,02 - 32,Londrina Bristlebacks,copa-anhanguera-2014,AABB - Presidente Prudente/SP,,,
2014-11-02 14:00:00,Araçatuba Touros,21 - 14,ABC Corsários,copa-anhanguera-2014,Campo do Comercial - Araçatuba/SP,,,
2014-11-02 14:30:00,Prudente Coronéis,19 - 16,Norte Paraná,copa-anhanguera-2014,AABB - Presidente Prudente/SP,,,
2014-11-30 10:00:00,Votuporanga Mohawks,02 - 32,Norte Paraná,copa-anhanguera-2014,Arena Plínio Marin - Votuporanga/SP,,,
2014-11-30 10:00:00,ABC Corsários,19 - 16,Londrina Bristlebacks,copa-anhanguera-2014,Campo do Comercial - Araçatuba/SP,,,
2014-11-30 14:00:00,Araçatuba Touros,21 - 14,Prudente Coronéis,copa-anhanguera-2014,Campo do Comercial - Araçatuba/SP,,,
2014-12-07 10:00:00,Norte Paraná,19 - 12,ABC Corsários,copa-anhanguera-2014,Estádio José Garbelini - Cambé/PR,,,
2014-12-07 14:00:00,Londrina Bristlebacks,41 - 06,Araçatuba Touros,copa-anhanguera-2014,Estádio José Garbelini - Cambé/PR,,,
2014-12-07 15:30:00,Prudente Coronéis,75 - 07,Votuporanga Mohawks,copa-anhanguera-2014,Parque do Povo - Presidente Prudente/SP,,,
2018-04-15 10:00:00,Ribeirão Preto Challengers,28 - 18,Barões de Ribeirão Preto,super-copa-sao-paulo-2018,Campus Moura Lacerda - Ribeirão Preto/SP,,,
2018-04-15 10:00:00,Caraguá Ghostship,19 - 20,São José Jets,super-copa-sao-paulo-2018,Estância Montagner - Campinas/SP,,,
2018-04-15 14:00:00,Guarani Indians,00 - 14,Sorocaba Vipers,super-copa-sao-paulo-2018,Estância Montagner - Campinas/SP,,,
2018-04-28 19:00:00,Araçatuba Touros,14 - 13,Barões de Ribeirão Preto,super-copa-sao-paulo-2018,Adhemarzão - Araçatuba/SP,,,
2018-04-29 10:00:00,Sorocaba Vipers,26 - 08,Caraguá Ghostship,super-copa-sao-paulo-2018,Poliesportivo João do Pulo - São José dos Campos/SP,,,
2018-04-29 14:00:00,São José Jets,39 - 06,Guarani Indians,super-copa-sao-paulo-2018,Poliesportivo João do Pulo - São José dos Campos/SP,,,
2018-05-12 19:00:00,Araçatuba Touros,05 - 27,Ribeirão Preto Challengers,super-copa-sao-paulo-2018,Adhemarzão - Araçatuba/SP,,,
2018-05-13 10:00:00,Sorocaba Vipers,15 - 08,São José Jets,super-copa-sao-paulo-2018,CEMUG - Caraguatatuba/SP,,,
2018-05-13 14:00:00,Caraguá Ghostship,16 - 00,Guarani Indians,super-copa-sao-paulo-2018,CEMUG - Caraguatatuba/SP,,,
2018-06-10 10:00:00,Ribeirão Preto Challengers,34 - 03,São José Jets,super-copa-sao-paulo-2018,,,,
2018-06-10 14:00:00,Sorocaba Vipers,13 - 00,Araçatuba Touros,super-copa-sao-paulo-2018,,,,
2018-06-24 14:00:00,Sorocaba Vipers,06 - 38,Ribeirão Preto Challengers,super-copa-sao-paulo-2018,,,,
2016-05-15 10:00:15,Guarulhos Rhynos,56 - 00,Palmeiras Locomotives,sao-paulo-football-league-2016,Estádio do Canindé - São Paulo/SP,,,
2016-05-15 15:00:49,Corinthians Steamrollers,00 - 28,São Paulo Storm,sao-paulo-football-league-2016,Estádio do Canindé - São Paulo/SP,,,
2016-05-22 10:00:31,São Caetano Blue Birds,00 - 32,Ponte Preta Gorilas,sao-paulo-football-league-2016,CT Meninos da Vila - Santos/SP,,,
2016-05-22 14:00:08,Santos Tsunami,25 - 06,Ribeirão Preto Challengers,sao-paulo-football-league-2016,CT Meninos da Vila - Santos/SP,,,
2016-05-28 10:00:32,Santos Tsunami,35 - 00,Palmeiras Locomotives,sao-paulo-football-league-2016,Estádio Nicolau Alayon - São Paulo/SP,,,
2016-05-28 15:00:15,Corinthians Steamrollers,33 - 03,São Caetano Blue Birds,sao-paulo-football-league-2016,Estádio Nicolau Alayon - São Paulo/SP,,,
2016-05-29 10:00:47,São Paulo Storm,26 - 00,Ponte Preta Gorilas,sao-paulo-football-league-2016,Estádio do Canindé - São Paulo/SP,,,
2016-05-29 15:00:52,Guarulhos Rhynos,56 - 06,Ribeirão Preto Challengers,sao-paulo-football-league-2016,Estádio do Canindé - São Paulo/SP,,,
2016-06-11 10:00:47,Ribeirão Preto Challengers,25 - 06,Palmeiras Locomotives,sao-paulo-football-league-2016,Estádio Nicolau Alayon - São Paulo/SP,,,
2016-06-11 15:00:50,Ponte Preta Gorilas,28 - 34,Corinthians Steamrollers,sao-paulo-football-league-2016,Estádio Nicolau Alayon - São Paulo/SP,,,
2016-06-12 15:00:57,Guarulhos Rhynos,22 - 00,Santos Tsunami,sao-paulo-football-league-2016,Estádio do Canindé - São Paulo/SP,,,
2016-06-12 19:00:23,São Paulo Storm,55 - 00,São Caetano Blue Birds,sao-paulo-football-league-2016,Estádio do Canindé - São Paulo/SP,,,
2016-06-26 10:00:14,São Paulo Storm,23 - 00,Santos Tsunami,sao-paulo-football-league-2016,,,,
2016-06-26 15:00:14,Guarulhos Rhynos,03 - 00,Corinthians Steamrollers,sao-paulo-football-league-2016,,,,
2016-07-10 15:00:14,Guarulhos Rhynos,17 - 00,São Paulo Storm,sao-paulo-football-league-2016,,,,
2017-03-12 10:00:07,Guarulhos Rhynos,35 - 07,Santos Tsunami,sao-paulo-football-league-2017,Estádio do Canindé - São Paulo/SP,,,
2017-03-12 15:00:07,Corinthians Steamrollers,15 - 06,Palmeiras Locomotives,sao-paulo-football-league-2017,Estádio do Canindé - São Paulo/SP,,,
2017-03-26 10:00:07,Ocelots FA,16 - 07,Diadema UD,sao-paulo-football-league-2017,CT Meninos da Vila - Santos/SP,,,
2017-03-26 15:00:07,Santos Tsunami,28 - 00,Mooca Destroyers,sao-paulo-football-league-2017,CT Meninos da Vila - Santos/SP,,,
2017-04-02 10:00:07,São Caetano Blue Birds,00 - 47,Guarulhos Rhynos,sao-paulo-football-league-2017,Ninho do Corvo - Guarulhos/SP,,,
2017-04-02 15:00:07,São Paulo Storm,10 - 06,Palmeiras Locomotives,sao-paulo-football-league-2017,Ninho do Corvo - Guarulhos/SP,,,
2017-04-09 10:00:07,Ponte Preta Gorilas,40 - 00,Mooca Destroyers,sao-paulo-football-league-2017,Estádio Jayme Cintra - Jundiaí/SP,,,
2017-04-09 15:00:07,Ocelots FA,08 - 23,Corinthians Steamrollers,sao-paulo-football-league-2017,Estádio Jayme Cintra - Jundiaí/SP,,,
2017-04-22 10:00:07,Diadema UD,12 - 10,Corinthians Steamrollers,sao-paulo-football-league-2017,Campo Padre Anchieta - Diadema/SP,,,
2017-04-23 10:00:07,Ponte Preta Gorilas,41 - 14,Santos Tsunami,sao-paulo-football-league-2017,Estádio Nelo Bracalente - Vinhedo/SP,,,
2017-05-07 10:00:07,São Caetano Blue Birds,00 - 34,Santos Tsunami,sao-paulo-football-league-2017,Ninho do Corvo - Guarulhos/SP,,,
2017-05-07 15:00:07,São Paulo Storm,20 - 00,Diadema UD,sao-paulo-football-league-2017,Ninho do Corvo - Guarulhos/SP,,,
2017-05-14 10:00:07,Guarulhos Rhynos,49 - 20,Ponte Preta Gorilas,sao-paulo-football-league-2017,Estádio Nelo Bracalente - Vinhedo/SP,,,
2017-05-14 15:00:07,Ocelots FA,15 - 03,Palmeiras Locomotives,sao-paulo-football-league-2017,Estádio Nelo Bracalente - Vinhedo/SP,,,
2017-05-28 10:00:07,Guarulhos Rhynos,54 - 00,Mooca Destroyers,sao-paulo-football-league-2017,Ninho do Corvo - Guarulhos/SP,,,
2017-05-28 15:00:07,Corinthians Steamrollers,20 - 14,São Paulo Storm,sao-paulo-football-league-2017,Ninho do Corvo - Guarulhos/SP,,,
2017-06-11 10:00:07,Palmeiras Locomotives,20 - 17,Diadema UD,sao-paulo-football-league-2017,Rua Javari - São Paulo/SP,,,
2017-06-11 15:00:07,Mooca Destroyers,34 - 07,São Caetano Blue Birds,sao-paulo-football-league-2017,Rua Javari - São Paulo/SP,,,
2017-06-18 10:00:07,São Paulo Storm,30 - 13,Ocelots FA,sao-paulo-football-league-2017,Arena Caixa de Atletismo - S. Bernardo do Campo/SP,,,
2017-06-18 15:00:07,São Caetano Blue Birds,06 - 51,Ponte Preta Gorilas,sao-paulo-football-league-2017,Arena Caixa de Atletismo - S. Bernardo do Campo/SP,,,
2017-07-02 10:00:05,São Paulo Storm,24 - 09,Santos Tsunami,sao-paulo-football-league-2017,,,,
2017-07-02 15:00:05,Ponte Preta Gorilas,15 - 18,Ocelots FA,sao-paulo-football-league-2017,,,,
2017-07-16 14:00:05,Guarulhos Rhynos,31 - 00,São Paulo Storm,sao-paulo-football-league-2017,,,,
2017-07-22 15:00:05,Corinthians Steamrollers,28 - 14,Ocelots FA,sao-paulo-football-league-2017,,,,
2017-08-06 14:00:05,Guarulhos Rhynos,34 - 05,Corinthians Steamrollers,sao-paulo-football-league-2017,,,,
2018-02-24 14:00:00,Corinthians Steamrollers,13 - 03,Santos Tsunami,sao-paulo-football-league-2018,Estádio do Canindé - São Paulo/SP,,,
2018-02-25 10:00:00,Guarulhos Rhynos,26 - 07,Empyreo Leme Lizards,sao-paulo-football-league-2018,Estádio do Canindé - São Paulo/SP,,,
2018-02-25 14:00:00,São Paulo Storm,20 - 29,Independente Tomahawk,sao-paulo-football-league-2018,Estádio do Canindé - São Paulo/SP,,,
2018-03-04 10:00:00,Rio Preto Weilers,14 - 12,Piracicaba Cane Cutters,sao-paulo-football-league-2018,Clube de Campo Empyreo - Leme/SP,,,
2018-03-04 14:00:00,Ocelots FA,40 - 05,Mooca Destroyers,sao-paulo-football-league-2018,Clube de Campo Empyreo - Leme/SP,,,
2018-03-10 10:00:00,Guarulhos Rhynos,48 - 20,São Paulo Storm,sao-paulo-football-league-2018,Estádio Municipal - Cotia/SP,,,
2018-03-10 15:00:00,Corinthians Steamrollers,23 - 06,Spartans Football,sao-paulo-football-league-2018,Estádio Municipal - Cotia/SP,,,
2018-03-11 10:00:00,ABC Corsários,06 - 54,Independente Tomahawk,sao-paulo-football-league-2018,Estádio Nelo Bracalente - Vinhedo/SP,,,
2018-03-11 14:00:00,Ponte Preta Gorilas,36 - 29,Palmeiras Locomotives,sao-paulo-football-league-2018,Estádio Nelo Bracalente - Vinhedo/SP,,,
2018-03-18 14:00:00,Piracicaba Cane Cutters,36 - 20,Mooca Destroyers,sao-paulo-football-league-2018,Clube Atlético Piracicabano - Piracicaba/SP,,,
2018-03-18 14:00:00,Rio Preto Weilers,46 - 20,Santos Tsunami,sao-paulo-football-league-2018,Teixeirão - S. J. do Rio Preto/SP,,,
2018-03-24 10:00:00,Guarulhos Rhynos,24 - 06,Palmeiras Locomotives,sao-paulo-football-league-2018,Estádio Municipal - Cotia/SP,,,
2018-03-24 14:00:00,Empyreo Leme Lizards,20 - 31,Ponte Preta Gorilas,sao-paulo-football-league-2018,Clube de Campo Empyreo - Leme/SP,,,
2018-03-24 14:30:00,São Paulo Storm,48 - 00,ABC Corsários,sao-paulo-football-league-2018,Estádio Municipal - Cotia/SP,,,
2018-03-25 10:00:00,Spartans Football,07 - 41,Ocelots FA,sao-paulo-football-league-2018,CT Touchdown - São Paulo/SP,,,
2018-04-07 10:00:00,Palmeiras Locomotives,43 - 00,Empyreo Leme Lizards,sao-paulo-football-league-2018,CT Meninos da Vila - Santos/SP,,,
2018-04-07 14:00:00,Santos Tsunami,00 - 07,Piracicaba Cane Cutters,sao-paulo-football-league-2018,CT Meninos da Vila - Santos/SP,,,
2018-04-08 10:00:00,Corinthians Steamrollers,28 - 06,Mooca Destroyers,sao-paulo-football-league-2018,Estádio Municipal - Cotia/SP,,,
2018-04-08 14:00:00,São Paulo Storm,37 - 24,Ponte Preta Gorilas,sao-paulo-football-league-2018,Estádio Municipal - Cotia/SP,,,
2018-04-14 10:00:00,Guarulhos Rhynos,49 - 00,ABC Corsários,sao-paulo-football-league-2018,W.O.,,,
2018-04-14 15:00:00,Ocelots FA,00 - 35,Rio Preto Weilers,sao-paulo-football-league-2018,Estádio Jayme Cintra - Jundiaí/SP,,,
2018-04-22 10:00:00,São Paulo Storm,48 - 27,Palmeiras Locomotives,sao-paulo-football-league-2018,CT Touchdown - São Paulo/SP,,,
2018-04-22 14:00:00,Mooca Destroyers,27 - 14,Spartans Football,sao-paulo-football-league-2018,CT Touchdown - São Paulo/SP,,,
2018-04-28 14:30:00,Ocelots FA,13 - 03,Piracicaba Cane Cutters,sao-paulo-football-league-2018,Pradão - Limeira/SP,,,
2018-04-28 18:30:00,Independente Tomahawk,36 - 50,Ponte Preta Gorilas,sao-paulo-football-league-2018,Pradão - Limeira/SP,,,
2018-04-29 15:00:00,Rio Preto Weilers,32 - 00,Corinthians Steamrollers,sao-paulo-football-league-2018,Teixeirão - S. J. do Rio Preto/SP,,,
2018-05-06 10:00:00,Santos Tsunami,36 - 14,Spartans Football,sao-paulo-football-league-2018,Estádio Bruno José Daniel - Santo André/SP,,,
2018-05-06 14:30:00,ABC Corsários,12 - 42,Empyreo Leme Lizards,sao-paulo-football-league-2018,Estádio Bruno José Daniel - Santo André/SP,,,
2018-05-12 14:00:00,Independente Tomahawk,58 - 08,Palmeiras Locomotives,sao-paulo-football-league-2018,Clube de Campo dos Metalúrgicos - Limeira/SP,,,
2018-05-13 10:00:00,Ponte Preta Gorilas,40 - 00,ABC Corsários,sao-paulo-football-league-2018,Estádio Municipal - Rio das Pedras/SP,,,
2018-05-13 14:00:00,Piracicaba Cane Cutters,31 - 33,Corinthians Steamrollers,sao-paulo-football-league-2018,Estádio Municipal - Rio das Pedras/SP,,,
2018-05-27 08:00:00,Spartans Football,22 - 41,Piracicaba Cane Cutters,sao-paulo-football-league-2018,Estádio do Canindé - São Paulo/SP,,,
2018-05-27 10:00:00,Santos Tsunami,08 - 12,Ocelots FA,sao-paulo-football-league-2018,CT Meninos da Vila - Santos/SP,,,
2018-05-27 11:00:00,Mooca Destroyers,06 - 40,Rio Preto Weilers,sao-paulo-football-league-2018,Estádio do Canindé - São Paulo/SP,,,
2018-05-27 15:00:00,Guarulhos Rhynos,21 - 14,Ponte Preta Gorilas,sao-paulo-football-league-2018,Estádio do Canindé - São Paulo/SP,,,
2018-06-03 14:00:00,Empyreo Leme Lizards,14 - 36,Independente Tomahawk,sao-paulo-football-league-2018,Clube de Campo Empyreo - Leme/SP,,,
2018-06-09 14:00:00,Santos Tsunami,42 - 16,Mooca Destroyers,sao-paulo-football-league-2018,CT Meninos da Vila - Santos/SP,,,
2018-06-09 14:30:00,Spartans Football,00 - 36,Rio Preto Weilers,sao-paulo-football-league-2018,CT Touchdown - São Paulo/SP,,,
2018-06-10 10:00:00,Palmeiras Locomotives,35 - 06,ABC Corsários,sao-paulo-football-league-2018,Estádio Municipal - Caieiras/SP,,,
2018-06-10 14:00:00,São Paulo Storm,37 - 00,Empyreo Leme Lizards,sao-paulo-football-league-2018,Estádio Municipal - Caieiras/SP,,,
2018-06-16 10:00:00,Guarulhos Rhynos,59 - 28,Independente Tomahawk,sao-paulo-football-league-2018,CT Touchdown - São Paulo/SP,,,
2018-06-16 14:00:00,Corinthians Steamrollers,24 - 22,Ocelots FA,sao-paulo-football-league-2018,CT Touchdown - São Paulo/SP,,,
2018-06-24 10:00:09,São Paulo Storm,35 - 08,Ocelots FA,sao-paulo-football-league-2018,,,,
2018-06-24 14:00:09,Corinthians Steamrollers,18 - 17,Ponte Preta Gorilas,sao-paulo-football-league-2018,,,,
2018-07-08 10:00:09,Guarulhos Rhynos,21 - 18,São Paulo Storm,sao-paulo-football-league-2018,,,,
2018-07-08 14:00:09,Rio Preto Weilers,21 - 06,Corinthians Steamrollers,sao-paulo-football-league-2018,,,,
2018-07-22 14:00:09,Guarulhos Rhynos,27 - 21,Rio Preto Weilers,sao-paulo-football-league-2018,,,,
2008-10-25 14:00:00,Brown Spiders,33 - 10,Coritiba Crocodiles,Amistoso,,,,
