Data,Mandante,Hor/Res,Visitante,Liga,Mandante URL,Visitante URL,Fase,Unnamed: 6,Torneio,Campo
2026-07-11 00:00:00,Porto Velho Miners,00:00:0000:00,São Raimundo C. Cavaliers,Superliga D1,https://www.salaooval.com.br/equipe/porto-velho-miners/,http://www.salaooval.com.br/times/manaus-cavaliers/,,,superliga-2026,
2026-07-11 00:00:00,Tubarões do Cerrado,24 - 00,Goiás FA,Superliga D1,https://www.salaooval.com.br/equipe/tubaroes-do-cerrado/,https://www.salaooval.com.br/equipe/goias-fa/,,,superliga-2026,
2026-07-18 00:00:00,Brown Spiders,00:00:0000:00,Londrina Bristlebacks,Superliga D1,http://www.salaooval.com.br/times/brown-spiders/,http://www.salaooval.com.br/times/londrina-bristlebacks,,,superliga-2026,
2026-07-18 09:00:00,Bravos FA,25 - 26,Santa Maria Soldiers,Superliga D1,https://www.salaooval.com.br/equipe/bravos-fa/,http://www.salaooval.com.br/times/santa-maria-soldiers,,,superliga-2026,
2026-07-18 10:00:00,Curitiba Phoenix,06 - 18,Brasília Pilots,Superliga Feminina,https://www.salaooval.com.br/equipe/curitiba-phoenix/,https://www.salaooval.com.br/equipe/brasilia-pilots/,,,superliga-2026,
2026-07-18 10:00:00,Erechim Coroados,28 - 07,Bears FA,Superliga D2,https://www.salaooval.com.br/equipe/erechim-coroados/,https://www.salaooval.com.br/equipe/bears-fa/,,,superliga-2026,
2026-07-18 10:00:00,Chape FA,00 - 32,Cascavel Olympians,Superliga D2,https://www.salaooval.com.br/equipe/chape-fa/,https://www.salaooval.com.br/equipe/cascavel-olympians/,,,superliga-2026,
2026-07-18 10:00:00,Vikings FA,40 - 10,Corinthians Steamrollers,Superliga D2,https://www.salaooval.com.br/equipe/vikings-fa/,http://www.salaooval.com.br/times/corinthians-steamrollers/,,,superliga-2026,
2026-07-18 11:00:00,Lusa Jaguars,00 - 26,Curitiba Silverhawks,Superliga Feminina,https://www.salaooval.com.br/equipe/lusa-jaguars/,https://www.salaooval.com.br/equipe/curitiba-silverhawks/,,,superliga-2026,
2026-07-18 14:00:00,João Pessoa Espectros,11 - 28,Recife Mariners,Superliga D1,http://www.salaooval.com.br/times/joao-pessoa-espectros/,http://www.salaooval.com.br/times/recife-mariners/,,,superliga-2026,
2026-07-18 14:00:00,Ocelots FA,54 - 00,Flamengo Imperadores,Superliga D1,http://www.salaooval.com.br/times/ocelots-fa,http://www.salaooval.com.br/times/flamengo-imperadores/,,,superliga-2026,
2026-07-18 14:00:00,Guarulhos Rhynos,30 - 14,Vasco Almirantes,Superliga D1,https://www.salaooval.com.br/times/Guarulhos-Rhynos/,http://www.salaooval.com.br/times/vasco-almirantes/,,,superliga-2026,
2026-07-18 14:00:00,Juventude FA,00 - 21,T-Rex,Superliga D1,https://www.salaooval.com.br/times/uniao-da-serra/,http://www.salaooval.com.br/times/timbo-rex,,,superliga-2026,
2026-07-18 14:00:00,Coritiba Crocodiles,28 - 00,Istepôs FA,Superliga D1,http://www.salaooval.com.br/times/coritiba-crocodiles/,https://www.salaooval.com.br/times/istepos-fa/,,,superliga-2026,
2026-07-18 15:00:00,Cuiabá Arsenal,07 - 41,Rondonópolis Hawks,Superliga D1,http://www.salaooval.com.br/times/cuiaba-arsenal/,http://www.salaooval.com.br/times/rondonopolis-hawks,,,superliga-2026,
2026-07-18 16:00:00,Caruaru Wolves,14 - 41,Cavalaria 2 de Julho,Superliga D1,http://www.salaooval.com.br/times/caruaru-wolves,http://www.salaooval.com.br/times/cavalaria-2-de-julho/,,,superliga-2026,
2026-07-19 09:00:00,Caucaia Sabres,06 - 34,Fortaleza Tritões,Superliga D1,https://www.salaooval.com.br/equipe/caucaia-sabres/,https://www.salaooval.com.br/equipe/fortaleza-tritoes/,,,superliga-2026,
2026-07-19 10:00:00,Spartans Football,00 - 31,Locomotiva FA,Superliga D1,http://www.salaooval.com.br/times/spartans-football/,http://www.salaooval.com.br/times/america-locomotiva/,,,superliga-2026,
2026-07-19 14:00:00,Spartans Football 2,14:00:0014:00,Caniballs Football,Superliga D2,https://www.salaooval.com.br/equipe/spartans-football-2/,https://www.salaooval.com.br/equipe/caniballs-football/,,,superliga-2026,
2026-08-01 00:00:00,Manaus FA,00:00:0000:00,São Raimundo C. Cavaliers,Superliga D1,http://www.salaooval.com.br/times/manaus-fa/,http://www.salaooval.com.br/times/manaus-cavaliers/,,,superliga-2026,
2026-08-01 00:00:00,Vasco Almirantes,00:00:0000:00,Spartans Football,Superliga D1,http://www.salaooval.com.br/times/vasco-almirantes/,http://www.salaooval.com.br/times/spartans-football/,,,superliga-2026,
2026-08-01 00:00:00,Londrina Bristlebacks,00:00:0000:00,Coritiba Crocodiles,Superliga D1,http://www.salaooval.com.br/times/londrina-bristlebacks,http://www.salaooval.com.br/times/coritiba-crocodiles/,,,superliga-2026,
2026-08-01 14:00:00,Locomotiva FA,48 - 00,Ocelots FA,Superliga D1,http://www.salaooval.com.br/times/america-locomotiva/,http://www.salaooval.com.br/times/ocelots-fa,,,superliga-2026,
2026-08-01 14:00:00,Cuiabá Arsenal,00 - 14,Goiás FA,Superliga D1,http://www.salaooval.com.br/times/cuiaba-arsenal/,https://www.salaooval.com.br/equipe/goias-fa/,,,superliga-2026,
2026-08-01 14:00:00,Coritiba Crocodiles B,14 - 09,JEC Gladiators,Superliga D2,https://www.salaooval.com.br/equipe/coritiba-crocodiles-b/,http://www.salaooval.com.br/times/joinville-gladiators,,,superliga-2026,
2026-08-01 14:00:00,Tritões FA,19 - 20,Macaé Oilers,Superliga D2,http://www.salaooval.com.br/times/tritoes-fa/,http://www.salaooval.com.br/times/macae-oilers/,,,superliga-2026,
2026-08-01 14:00:00,Arapongas Golden Phoenix,28 - 06,Maringá Pyros,Superliga D2,https://www.salaooval.com.br/equipe/arapongas-golden-phoenix/,http://www.salaooval.com.br/times/maringa-pyros/,,,superliga-2026,
2026-08-01 14:30:00,Galo FA,55 - 00,Flamengo Imperadores,Superliga D1,http://www.salaooval.com.br/times/galo-fa/,http://www.salaooval.com.br/times/flamengo-imperadores/,,,superliga-2026,
2026-08-01 15:45:00,T-Rex,40 - 07,Santa Maria Soldiers,Superliga D1,http://www.salaooval.com.br/times/timbo-rex,http://www.salaooval.com.br/times/santa-maria-soldiers,,,superliga-2026,
2026-08-01 18:00:00,Corinthians Steamrollers,12 - 23,Caniballs Football,Superliga D2,http://www.salaooval.com.br/times/corinthians-steamrollers/,https://www.salaooval.com.br/equipe/caniballs-football/,,,superliga-2026,
2026-08-01 18:30:00,Cruzeiro FA,06 - 00,Gama Leões de Judá,Superliga D2,https://www.salaooval.com.br/times/cruzeiro_fa/,http://www.salaooval.com.br/times/leoes-de-juda,,,superliga-2026,
2026-08-02 00:00:00,Underdogs FA,00:00:0000:00,Bears FA,Superliga D2,https://www.salaooval.com.br/equipe/underdogs-fa/,https://www.salaooval.com.br/equipe/bears-fa/,,,superliga-2026,
2026-08-02 09:00:00,Tubarões do Cerrado,06 - 43,Rondonópolis Hawks,Superliga D1,https://www.salaooval.com.br/equipe/tubaroes-do-cerrado/,http://www.salaooval.com.br/times/rondonopolis-hawks,,,superliga-2026,
2026-08-02 09:00:00,Brown Spiders 2,20 - 08,Curitiba Lions,Superliga D2,https://www.salaooval.com.br/equipe/brown-spiders-2/,https://www.salaooval.com.br/equipe/curitiba-lions/,,,superliga-2026,
2026-08-02 10:00:00,Cavalaria 2 de Julho,50 - 15,Fortaleza Tritões,Superliga D1,http://www.salaooval.com.br/times/cavalaria-2-de-julho/,https://www.salaooval.com.br/equipe/fortaleza-tritoes/,,,superliga-2026,
2026-08-02 10:00:00,Tatuapé Monsters,33 - 35,Vikings FA,Superliga D2,https://www.salaooval.com.br/equipe/tatuape-monsters/,https://www.salaooval.com.br/equipe/vikings-fa/,,,superliga-2026,
2026-08-02 14:00:00,Recife Mariners,55 - 07,Caucaia Sabres,Superliga D1,http://www.salaooval.com.br/times/recife-mariners/,https://www.salaooval.com.br/equipe/caucaia-sabres/,,,superliga-2026,
2026-08-02 14:00:00,João Pessoa Espectros,20 - 36,Caruaru Wolves,Superliga D1,http://www.salaooval.com.br/times/joao-pessoa-espectros/,http://www.salaooval.com.br/times/caruaru-wolves,,,superliga-2026,
2026-08-02 14:00:00,Juventude FA,28 - 13,Bravos FA,Superliga D1,https://www.salaooval.com.br/times/uniao-da-serra/,https://www.salaooval.com.br/equipe/bravos-fa/,,,superliga-2026,
2026-08-02 14:00:00,Calvary Cavaliers,14 - 32,Ponta Grossa Phantoms,Superliga D2,https://www.salaooval.com.br/equipe/calvary-cavaliers/,https://www.salaooval.com.br/equipe/ponta-grossa-phantoms/,,,superliga-2026,
No data available i,No data available in table,No data available in table,No data available in table,No data available in table,,,No data available in table,No data available in table,superliga-2026,
2026-07-11 00:00:00,Porto Velho Miners,00:00:0000:00,São Raimundo C. Cavaliers,Superliga D1,https://www.salaooval.com.br/equipe/porto-velho-miners/,http://www.salaooval.com.br/times/manaus-cavaliers/,,,superliga-2026,
2026-07-11 00:00:00,Tubarões do Cerrado,24 - 00,Goiás FA,Superliga D1,https://www.salaooval.com.br/equipe/tubaroes-do-cerrado/,https://www.salaooval.com.br/equipe/goias-fa/,,,superliga-2026,
2026-07-18 00:00:00,Brown Spiders,00:00:0000:00,Londrina Bristlebacks,Superliga D1,http://www.salaooval.com.br/times/brown-spiders/,http://www.salaooval.com.br/times/londrina-bristlebacks,,,superliga-2026,
2026-07-18 09:00:00,Bravos FA,25 - 26,Santa Maria Soldiers,Superliga D1,https://www.salaooval.com.br/equipe/bravos-fa/,http://www.salaooval.com.br/times/santa-maria-soldiers,,,superliga-2026,
2026-07-18 10:00:00,Curitiba Phoenix,06 - 18,Brasília Pilots,Superliga Feminina,https://www.salaooval.com.br/equipe/curitiba-phoenix/,https://www.salaooval.com.br/equipe/brasilia-pilots/,,,superliga-2026,
2026-07-18 10:00:00,Erechim Coroados,28 - 07,Bears FA,Superliga D2,https://www.salaooval.com.br/equipe/erechim-coroados/,https://www.salaooval.com.br/equipe/bears-fa/,,,superliga-2026,
2026-07-18 10:00:00,Chape FA,00 - 32,Cascavel Olympians,Superliga D2,https://www.salaooval.com.br/equipe/chape-fa/,https://www.salaooval.com.br/equipe/cascavel-olympians/,,,superliga-2026,
2026-07-18 10:00:00,Vikings FA,40 - 10,Corinthians Steamrollers,Superliga D2,https://www.salaooval.com.br/equipe/vikings-fa/,http://www.salaooval.com.br/times/corinthians-steamrollers/,,,superliga-2026,
2026-07-18 11:00:00,Lusa Jaguars,00 - 26,Curitiba Silverhawks,Superliga Feminina,https://www.salaooval.com.br/equipe/lusa-jaguars/,https://www.salaooval.com.br/equipe/curitiba-silverhawks/,,,superliga-2026,
2026-07-18 14:00:00,João Pessoa Espectros,11 - 28,Recife Mariners,Superliga D1,http://www.salaooval.com.br/times/joao-pessoa-espectros/,http://www.salaooval.com.br/times/recife-mariners/,,,superliga-2026,
2026-07-18 14:00:00,Ocelots FA,54 - 00,Flamengo Imperadores,Superliga D1,http://www.salaooval.com.br/times/ocelots-fa,http://www.salaooval.com.br/times/flamengo-imperadores/,,,superliga-2026,
2026-07-18 14:00:00,Guarulhos Rhynos,30 - 14,Vasco Almirantes,Superliga D1,https://www.salaooval.com.br/times/Guarulhos-Rhynos/,http://www.salaooval.com.br/times/vasco-almirantes/,,,superliga-2026,
2026-07-18 14:00:00,Juventude FA,00 - 21,T-Rex,Superliga D1,https://www.salaooval.com.br/times/uniao-da-serra/,http://www.salaooval.com.br/times/timbo-rex,,,superliga-2026,
2026-07-18 14:00:00,Coritiba Crocodiles,28 - 00,Istepôs FA,Superliga D1,http://www.salaooval.com.br/times/coritiba-crocodiles/,https://www.salaooval.com.br/times/istepos-fa/,,,superliga-2026,
2026-07-18 15:00:00,Cuiabá Arsenal,07 - 41,Rondonópolis Hawks,Superliga D1,http://www.salaooval.com.br/times/cuiaba-arsenal/,http://www.salaooval.com.br/times/rondonopolis-hawks,,,superliga-2026,
2026-07-18 16:00:00,Caruaru Wolves,14 - 41,Cavalaria 2 de Julho,Superliga D1,http://www.salaooval.com.br/times/caruaru-wolves,http://www.salaooval.com.br/times/cavalaria-2-de-julho/,,,superliga-2026,
2026-07-19 09:00:00,Caucaia Sabres,06 - 34,Fortaleza Tritões,Superliga D1,https://www.salaooval.com.br/equipe/caucaia-sabres/,https://www.salaooval.com.br/equipe/fortaleza-tritoes/,,,superliga-2026,
2026-07-19 10:00:00,Spartans Football,00 - 31,Locomotiva FA,Superliga D1,http://www.salaooval.com.br/times/spartans-football/,http://www.salaooval.com.br/times/america-locomotiva/,,,superliga-2026,
2026-07-19 14:00:00,Spartans Football 2,14:00:0014:00,Caniballs Football,Superliga D2,https://www.salaooval.com.br/equipe/spartans-football-2/,https://www.salaooval.com.br/equipe/caniballs-football/,,,superliga-2026,
2026-08-01 00:00:00,Manaus FA,00:00:0000:00,São Raimundo C. Cavaliers,Superliga D1,http://www.salaooval.com.br/times/manaus-fa/,http://www.salaooval.com.br/times/manaus-cavaliers/,,,superliga-2026,
2026-08-01 00:00:00,Vasco Almirantes,00:00:0000:00,Spartans Football,Superliga D1,http://www.salaooval.com.br/times/vasco-almirantes/,http://www.salaooval.com.br/times/spartans-football/,,,superliga-2026,
2026-08-01 00:00:00,Londrina Bristlebacks,00:00:0000:00,Coritiba Crocodiles,Superliga D1,http://www.salaooval.com.br/times/londrina-bristlebacks,http://www.salaooval.com.br/times/coritiba-crocodiles/,,,superliga-2026,
2026-08-01 14:00:00,Locomotiva FA,48 - 00,Ocelots FA,Superliga D1,http://www.salaooval.com.br/times/america-locomotiva/,http://www.salaooval.com.br/times/ocelots-fa,,,superliga-2026,
2026-08-01 14:00:00,Cuiabá Arsenal,00 - 14,Goiás FA,Superliga D1,http://www.salaooval.com.br/times/cuiaba-arsenal/,https://www.salaooval.com.br/equipe/goias-fa/,,,superliga-2026,
2026-08-01 14:00:00,Coritiba Crocodiles B,14 - 09,JEC Gladiators,Superliga D2,https://www.salaooval.com.br/equipe/coritiba-crocodiles-b/,http://www.salaooval.com.br/times/joinville-gladiators,,,superliga-2026,
2026-08-01 14:00:00,Tritões FA,19 - 20,Macaé Oilers,Superliga D2,http://www.salaooval.com.br/times/tritoes-fa/,http://www.salaooval.com.br/times/macae-oilers/,,,superliga-2026,
2026-08-01 14:00:00,Arapongas Golden Phoenix,28 - 06,Maringá Pyros,Superliga D2,https://www.salaooval.com.br/equipe/arapongas-golden-phoenix/,http://www.salaooval.com.br/times/maringa-pyros/,,,superliga-2026,
2026-08-01 14:30:00,Galo FA,55 - 00,Flamengo Imperadores,Superliga D1,http://www.salaooval.com.br/times/galo-fa/,http://www.salaooval.com.br/times/flamengo-imperadores/,,,superliga-2026,
2026-08-01 15:45:00,T-Rex,40 - 07,Santa Maria Soldiers,Superliga D1,http://www.salaooval.com.br/times/timbo-rex,http://www.salaooval.com.br/times/santa-maria-soldiers,,,superliga-2026,
2026-08-01 18:00:00,Corinthians Steamrollers,12 - 23,Caniballs Football,Superliga D2,http://www.salaooval.com.br/times/corinthians-steamrollers/,https://www.salaooval.com.br/equipe/caniballs-football/,,,superliga-2026,
2026-08-01 18:30:00,Cruzeiro FA,06 - 00,Gama Leões de Judá,Superliga D2,https://www.salaooval.com.br/times/cruzeiro_fa/,http://www.salaooval.com.br/times/leoes-de-juda,,,superliga-2026,
2026-08-02 00:00:00,Underdogs FA,00:00:0000:00,Bears FA,Superliga D2,https://www.salaooval.com.br/equipe/underdogs-fa/,https://www.salaooval.com.br/equipe/bears-fa/,,,superliga-2026,
2026-08-02 09:00:00,Tubarões do Cerrado,06 - 43,Rondonópolis Hawks,Superliga D1,https://www.salaooval.com.br/equipe/tubaroes-do-cerrado/,http://www.salaooval.com.br/times/rondonopolis-hawks,,,superliga-2026,
2026-08-02 09:00:00,Brown Spiders 2,20 - 08,Curitiba Lions,Superliga D2,https://www.salaooval.com.br/equipe/brown-spiders-2/,https://www.salaooval.com.br/equipe/curitiba-lions/,,,superliga-2026,
2026-08-02 10:00:00,Cavalaria 2 de Julho,50 - 15,Fortaleza Tritões,Superliga D1,http://www.salaooval.com.br/times/cavalaria-2-de-julho/,https://www.salaooval.com.br/equipe/fortaleza-tritoes/,,,superliga-2026,
2026-08-02 10:00:00,Tatuapé Monsters,33 - 35,Vikings FA,Superliga D2,https://www.salaooval.com.br/equipe/tatuape-monsters/,https://www.salaooval.com.br/equipe/vikings-fa/,,,superliga-2026,
2026-08-02 14:00:00,Recife Mariners,55 - 07,Caucaia Sabres,Superliga D1,http://www.salaooval.com.br/times/recife-mariners/,https://www.salaooval.com.br/equipe/caucaia-sabres/,,,superliga-2026,
2026-08-02 14:00:00,João Pessoa Espectros,20 - 36,Caruaru Wolves,Superliga D1,http://www.salaooval.com.br/times/joao-pessoa-espectros/,http://www.salaooval.com.br/times/caruaru-wolves,,,superliga-2026,
2026-08-02 14:00:00,Juventude FA,28 - 13,Bravos FA,Superliga D1,https://www.salaooval.com.br/times/uniao-da-serra/,https://www.salaooval.com.br/equipe/bravos-fa/,,,superliga-2026,
2026-08-02 14:00:00,Calvary Cavaliers,14 - 32,Ponta Grossa Phantoms,Superliga D2,https://www.salaooval.com.br/equipe/calvary-cavaliers/,https://www.salaooval.com.br/equipe/ponta-grossa-phantoms/,,,superliga-2026,
No data available i,No data available in table,No data available in table,No data available in table,No data available in table,,,No data available in table,No data available in table,superliga-2026,
2026-07-11 00:00:00,Porto Velho Miners,00:00:0000:00,São Raimundo C. Cavaliers,Superliga D1,https://www.salaooval.com.br/equipe/porto-velho-miners/,http://www.salaooval.com.br/times/manaus-cavaliers/,,,superliga-2026,
2026-07-11 00:00:00,Tubarões do Cerrado,24 - 00,Goiás FA,Superliga D1,https://www.salaooval.com.br/equipe/tubaroes-do-cerrado/,https://www.salaooval.com.br/equipe/goias-fa/,,,superliga-2026,
2026-07-18 00:00:00,Brown Spiders,00:00:0000:00,Londrina Bristlebacks,Superliga D1,http://www.salaooval.com.br/times/brown-spiders/,http://www.salaooval.com.br/times/londrina-bristlebacks,,,superliga-2026,
2026-07-18 09:00:00,Bravos FA,25 - 26,Santa Maria Soldiers,Superliga D1,https://www.salaooval.com.br/equipe/bravos-fa/,http://www.salaooval.com.br/times/santa-maria-soldiers,,,superliga-2026,
2026-07-18 10:00:00,Curitiba Phoenix,06 - 18,Brasília Pilots,Superliga Feminina,https://www.salaooval.com.br/equipe/curitiba-phoenix/,https://www.salaooval.com.br/equipe/brasilia-pilots/,,,superliga-2026,
2026-07-18 10:00:00,Erechim Coroados,28 - 07,Bears FA,Superliga D2,https://www.salaooval.com.br/equipe/erechim-coroados/,https://www.salaooval.com.br/equipe/bears-fa/,,,superliga-2026,
2026-07-18 10:00:00,Chape FA,00 - 32,Cascavel Olympians,Superliga D2,https://www.salaooval.com.br/equipe/chape-fa/,https://www.salaooval.com.br/equipe/cascavel-olympians/,,,superliga-2026,
2026-07-18 10:00:00,Vikings FA,40 - 10,Corinthians Steamrollers,Superliga D2,https://www.salaooval.com.br/equipe/vikings-fa/,http://www.salaooval.com.br/times/corinthians-steamrollers/,,,superliga-2026,
2026-07-18 11:00:00,Lusa Jaguars,00 - 26,Curitiba Silverhawks,Superliga Feminina,https://www.salaooval.com.br/equipe/lusa-jaguars/,https://www.salaooval.com.br/equipe/curitiba-silverhawks/,,,superliga-2026,
2026-07-18 14:00:00,João Pessoa Espectros,11 - 28,Recife Mariners,Superliga D1,http://www.salaooval.com.br/times/joao-pessoa-espectros/,http://www.salaooval.com.br/times/recife-mariners/,,,superliga-2026,
2026-07-18 14:00:00,Ocelots FA,54 - 00,Flamengo Imperadores,Superliga D1,http://www.salaooval.com.br/times/ocelots-fa,http://www.salaooval.com.br/times/flamengo-imperadores/,,,superliga-2026,
2026-07-18 14:00:00,Guarulhos Rhynos,30 - 14,Vasco Almirantes,Superliga D1,https://www.salaooval.com.br/times/Guarulhos-Rhynos/,http://www.salaooval.com.br/times/vasco-almirantes/,,,superliga-2026,
2026-07-18 14:00:00,Juventude FA,00 - 21,T-Rex,Superliga D1,https://www.salaooval.com.br/times/uniao-da-serra/,http://www.salaooval.com.br/times/timbo-rex,,,superliga-2026,
2026-07-18 14:00:00,Coritiba Crocodiles,28 - 00,Istepôs FA,Superliga D1,http://www.salaooval.com.br/times/coritiba-crocodiles/,https://www.salaooval.com.br/times/istepos-fa/,,,superliga-2026,
2026-07-18 15:00:00,Cuiabá Arsenal,07 - 41,Rondonópolis Hawks,Superliga D1,http://www.salaooval.com.br/times/cuiaba-arsenal/,http://www.salaooval.com.br/times/rondonopolis-hawks,,,superliga-2026,
2026-07-18 16:00:00,Caruaru Wolves,14 - 41,Cavalaria 2 de Julho,Superliga D1,http://www.salaooval.com.br/times/caruaru-wolves,http://www.salaooval.com.br/times/cavalaria-2-de-julho/,,,superliga-2026,
2026-07-19 09:00:00,Caucaia Sabres,06 - 34,Fortaleza Tritões,Superliga D1,https://www.salaooval.com.br/equipe/caucaia-sabres/,https://www.salaooval.com.br/equipe/fortaleza-tritoes/,,,superliga-2026,
2026-07-19 10:00:00,Spartans Football,00 - 31,Locomotiva FA,Superliga D1,http://www.salaooval.com.br/times/spartans-football/,http://www.salaooval.com.br/times/america-locomotiva/,,,superliga-2026,
2026-07-19 14:00:00,Spartans Football 2,14:00:0014:00,Caniballs Football,Superliga D2,https://www.salaooval.com.br/equipe/spartans-football-2/,https://www.salaooval.com.br/equipe/caniballs-football/,,,superliga-2026,
2026-08-01 00:00:00,Manaus FA,00:00:0000:00,São Raimundo C. Cavaliers,Superliga D1,http://www.salaooval.com.br/times/manaus-fa/,http://www.salaooval.com.br/times/manaus-cavaliers/,,,superliga-2026,
2026-08-01 00:00:00,Vasco Almirantes,00:00:0000:00,Spartans Football,Superliga D1,http://www.salaooval.com.br/times/vasco-almirantes/,http://www.salaooval.com.br/times/spartans-football/,,,superliga-2026,
2026-08-01 00:00:00,Londrina Bristlebacks,00:00:0000:00,Coritiba Crocodiles,Superliga D1,http://www.salaooval.com.br/times/londrina-bristlebacks,http://www.salaooval.com.br/times/coritiba-crocodiles/,,,superliga-2026,
2026-08-01 14:00:00,Locomotiva FA,48 - 00,Ocelots FA,Superliga D1,http://www.salaooval.com.br/times/america-locomotiva/,http://www.salaooval.com.br/times/ocelots-fa,,,superliga-2026,
2026-08-01 14:00:00,Cuiabá Arsenal,00 - 14,Goiás FA,Superliga D1,http://www.salaooval.com.br/times/cuiaba-arsenal/,https://www.salaooval.com.br/equipe/goias-fa/,,,superliga-2026,
2026-08-01 14:00:00,Coritiba Crocodiles B,14 - 09,JEC Gladiators,Superliga D2,https://www.salaooval.com.br/equipe/coritiba-crocodiles-b/,http://www.salaooval.com.br/times/joinville-gladiators,,,superliga-2026,
2026-08-01 14:00:00,Tritões FA,19 - 20,Macaé Oilers,Superliga D2,http://www.salaooval.com.br/times/tritoes-fa/,http://www.salaooval.com.br/times/macae-oilers/,,,superliga-2026,
2026-08-01 14:00:00,Arapongas Golden Phoenix,28 - 06,Maringá Pyros,Superliga D2,https://www.salaooval.com.br/equipe/arapongas-golden-phoenix/,http://www.salaooval.com.br/times/maringa-pyros/,,,superliga-2026,
2026-08-01 14:30:00,Galo FA,55 - 00,Flamengo Imperadores,Superliga D1,http://www.salaooval.com.br/times/galo-fa/,http://www.salaooval.com.br/times/flamengo-imperadores/,,,superliga-2026,
2026-08-01 15:45:00,T-Rex,40 - 07,Santa Maria Soldiers,Superliga D1,http://www.salaooval.com.br/times/timbo-rex,http://www.salaooval.com.br/times/santa-maria-soldiers,,,superliga-2026,
2026-08-01 18:00:00,Corinthians Steamrollers,12 - 23,Caniballs Football,Superliga D2,http://www.salaooval.com.br/times/corinthians-steamrollers/,https://www.salaooval.com.br/equipe/caniballs-football/,,,superliga-2026,
2026-08-01 18:30:00,Cruzeiro FA,06 - 00,Gama Leões de Judá,Superliga D2,https://www.salaooval.com.br/times/cruzeiro_fa/,http://www.salaooval.com.br/times/leoes-de-juda,,,superliga-2026,
2026-08-02 00:00:00,Underdogs FA,00:00:0000:00,Bears FA,Superliga D2,https://www.salaooval.com.br/equipe/underdogs-fa/,https://www.salaooval.com.br/equipe/bears-fa/,,,superliga-2026,
2026-08-02 09:00:00,Tubarões do Cerrado,06 - 43,Rondonópolis Hawks,Superliga D1,https://www.salaooval.com.br/equipe/tubaroes-do-cerrado/,http://www.salaooval.com.br/times/rondonopolis-hawks,,,superliga-2026,
2026-08-02 09:00:00,Brown Spiders 2,20 - 08,Curitiba Lions,Superliga D2,https://www.salaooval.com.br/equipe/brown-spiders-2/,https://www.salaooval.com.br/equipe/curitiba-lions/,,,superliga-2026,
2026-08-02 10:00:00,Cavalaria 2 de Julho,50 - 15,Fortaleza Tritões,Superliga D1,http://www.salaooval.com.br/times/cavalaria-2-de-julho/,https://www.salaooval.com.br/equipe/fortaleza-tritoes/,,,superliga-2026,
2026-08-02 10:00:00,Tatuapé Monsters,33 - 35,Vikings FA,Superliga D2,https://www.salaooval.com.br/equipe/tatuape-monsters/,https://www.salaooval.com.br/equipe/vikings-fa/,,,superliga-2026,
2026-08-02 14:00:00,Recife Mariners,55 - 07,Caucaia Sabres,Superliga D1,http://www.salaooval.com.br/times/recife-mariners/,https://www.salaooval.com.br/equipe/caucaia-sabres/,,,superliga-2026,
2026-08-02 14:00:00,João Pessoa Espectros,20 - 36,Caruaru Wolves,Superliga D1,http://www.salaooval.com.br/times/joao-pessoa-espectros/,http://www.salaooval.com.br/times/caruaru-wolves,,,superliga-2026,
2026-08-02 14:00:00,Juventude FA,28 - 13,Bravos FA,Superliga D1,https://www.salaooval.com.br/times/uniao-da-serra/,https://www.salaooval.com.br/equipe/bravos-fa/,,,superliga-2026,
2026-08-02 14:00:00,Calvary Cavaliers,14 - 32,Ponta Grossa Phantoms,Superliga D2,https://www.salaooval.com.br/equipe/calvary-cavaliers/,https://www.salaooval.com.br/equipe/ponta-grossa-phantoms/,,,superliga-2026,
No data available i,No data available in table,No data available in table,No data available in table,No data available in table,,,No data available in table,No data available in table,superliga-2026,
2026-08-02 14:30:00,Cascavel Olympians,21 - 06,Francisco Beltrão Red Feet,Superliga D2,https://www.salaooval.com.br/equipe/cascavel-olympians/,http://www.salaooval.com.br/times/francisco-beltrao-red-feet/,,,superliga-2026,
2026-08-09 00:00:00,Brasília Pilots,00:00:0000:00,Lusa Jaguars,Superliga Feminina,https://www.salaooval.com.br/equipe/brasilia-pilots/,https://www.salaooval.com.br/equipe/lusa-jaguars/,,,superliga-2026,
2026-08-15 00:00:00,Curitiba Silverhawks,00:00:0000:00,Curitiba Phoenix,Superliga Feminina,https://www.salaooval.com.br/equipe/curitiba-silverhawks/,https://www.salaooval.com.br/equipe/curitiba-phoenix/,,,superliga-2026,
2026-08-22 00:00:00,Manaus FA,00:00:0000:00,Porto Velho Miners,Superliga D1,http://www.salaooval.com.br/times/manaus-fa/,https://www.salaooval.com.br/equipe/porto-velho-miners/,,,superliga-2026,
2026-08-22 00:00:00,Tubarões do Cerrado,00:00:0000:00,Cuiabá Arsenal,Superliga D1,https://www.salaooval.com.br/equipe/tubaroes-do-cerrado/,http://www.salaooval.com.br/times/cuiaba-arsenal/,,,superliga-2026,
2026-08-22 00:00:00,Rondonópolis Hawks,00:00:0000:00,Goiás FA,Superliga D1,http://www.salaooval.com.br/times/rondonopolis-hawks,https://www.salaooval.com.br/equipe/goias-fa/,,,superliga-2026,
2026-08-22 00:00:00,Fortaleza Tritões,00:00:0000:00,Caruaru Wolves,Superliga D1,https://www.salaooval.com.br/equipe/fortaleza-tritoes/,http://www.salaooval.com.br/times/caruaru-wolves,,,superliga-2026,
2026-08-22 00:00:00,Caucaia Sabres,00:00:0000:00,João Pessoa Espectros,Superliga D1,https://www.salaooval.com.br/equipe/caucaia-sabres/,http://www.salaooval.com.br/times/joao-pessoa-espectros/,,,superliga-2026,
2026-08-22 00:00:00,Recife Mariners,00:00:0000:00,Cavalaria 2 de Julho,Superliga D1,http://www.salaooval.com.br/times/recife-mariners/,http://www.salaooval.com.br/times/cavalaria-2-de-julho/,,,superliga-2026,
2026-08-22 00:00:00,Spartans Football,00:00:0000:00,Guarulhos Rhynos,Superliga D1,http://www.salaooval.com.br/times/spartans-football/,https://www.salaooval.com.br/times/Guarulhos-Rhynos/,,,superliga-2026,
2026-08-22 00:00:00,Vasco Almirantes,00:00:0000:00,Galo FA,Superliga D1,http://www.salaooval.com.br/times/vasco-almirantes/,http://www.salaooval.com.br/times/galo-fa/,,,superliga-2026,
2026-08-22 00:00:00,Coritiba Crocodiles,00:00:0000:00,Brown Spiders,Superliga D1,http://www.salaooval.com.br/times/coritiba-crocodiles/,http://www.salaooval.com.br/times/brown-spiders/,,,superliga-2026,
2026-08-22 00:00:00,Santa Maria Soldiers,00:00:0000:00,Juventude FA,Superliga D1,http://www.salaooval.com.br/times/santa-maria-soldiers,https://www.salaooval.com.br/times/uniao-da-serra/,,,superliga-2026,
2026-08-22 00:00:00,Bravos FA,00:00:0000:00,T-Rex,Superliga D1,https://www.salaooval.com.br/equipe/bravos-fa/,http://www.salaooval.com.br/times/timbo-rex,,,superliga-2026,
2026-08-22 00:00:00,Istepôs FA,00:00:0000:00,Londrina Bristlebacks,Superliga D1,https://www.salaooval.com.br/times/istepos-fa/,http://www.salaooval.com.br/times/londrina-bristlebacks,,,superliga-2026,
2026-08-22 00:00:00,Coritiba Crocodiles B,00:00:0000:00,Brown Spiders 2,Superliga D2,https://www.salaooval.com.br/equipe/coritiba-crocodiles-b/,https://www.salaooval.com.br/equipe/brown-spiders-2/,,,superliga-2026,
2026-08-22 00:00:00,Arapongas Golden Phoenix,00:00:0000:00,Calvary Cavaliers,Superliga D2,https://www.salaooval.com.br/equipe/arapongas-golden-phoenix/,https://www.salaooval.com.br/equipe/calvary-cavaliers/,,,superliga-2026,
2026-08-22 00:00:00,Francisco Beltrão Red Feet,00:00:0000:00,Chape FA,Superliga D2,http://www.salaooval.com.br/times/francisco-beltrao-red-feet/,https://www.salaooval.com.br/equipe/chape-fa/,,,superliga-2026,
2026-08-22 00:00:00,JEC Gladiators,00:00:0000:00,Curitiba Lions,Superliga D2,http://www.salaooval.com.br/times/joinville-gladiators,https://www.salaooval.com.br/equipe/curitiba-lions/,,,superliga-2026,
2026-08-22 00:00:00,Maringá Pyros,00:00:0000:00,Ponta Grossa Phantoms,Superliga D2,http://www.salaooval.com.br/times/maringa-pyros/,https://www.salaooval.com.br/equipe/ponta-grossa-phantoms/,,,superliga-2026,
2026-08-22 00:00:00,Spartans Football 2,00:00:0000:00,Tatuapé Monsters,Superliga D2,https://www.salaooval.com.br/equipe/spartans-football-2/,https://www.salaooval.com.br/equipe/tatuape-monsters/,,,superliga-2026,
2026-08-22 00:00:00,Ponte Preta Gorilas,00:00:0000:00,Taubaté Football,Superliga D2,https://www.salaooval.com.br/equipe/ponte-preta-gorilas/,https://www.salaooval.com.br/equipe/taubate-football/,,,superliga-2026,
2026-08-22 00:00:00,Caniballs Football,00:00:0000:00,Vikings FA,Superliga D2,https://www.salaooval.com.br/equipe/caniballs-football/,https://www.salaooval.com.br/equipe/vikings-fa/,,,superliga-2026,
2026-08-23 00:00:00,Underdogs FA,00:00:0000:00,Erechim Coroados,Superliga D2,https://www.salaooval.com.br/equipe/underdogs-fa/,https://www.salaooval.com.br/equipe/erechim-coroados/,,,superliga-2026,
2026-09-05 00:00:00,São Raimundo C. Cavaliers,00:00:0000:00,Manaus FA,Superliga D1,http://www.salaooval.com.br/times/manaus-cavaliers/,http://www.salaooval.com.br/times/manaus-fa/,,,superliga-2026,
2026-09-05 00:00:00,Ocelots FA,00:00:0000:00,Spartans Football,Superliga D1,http://www.salaooval.com.br/times/ocelots-fa,http://www.salaooval.com.br/times/spartans-football/,,,superliga-2026,
2026-09-05 00:00:00,Galo FA,00:00:0000:00,Guarulhos Rhynos,Superliga D1,http://www.salaooval.com.br/times/galo-fa/,https://www.salaooval.com.br/times/Guarulhos-Rhynos/,,,superliga-2026,
2026-09-05 00:00:00,Flamengo Imperadores,00:00:0000:00,Locomotiva FA,Superliga D1,http://www.salaooval.com.br/times/flamengo-imperadores/,http://www.salaooval.com.br/times/america-locomotiva/,,,superliga-2026,
2026-09-05 00:00:00,Cascavel Olympians,00:00:0000:00,Francisco Beltrão Red Feet,Superliga D2,https://www.salaooval.com.br/equipe/cascavel-olympians/,http://www.salaooval.com.br/times/francisco-beltrao-red-feet/,,,superliga-2026,
2026-09-06 00:00:00,Bears FA,00:00:0000:00,Underdogs FA,Superliga D2,https://www.salaooval.com.br/equipe/bears-fa/,https://www.salaooval.com.br/equipe/underdogs-fa/,,,superliga-2026,
2026-09-12 00:00:00,Fortaleza Tritões,00:00:0000:00,Recife Mariners,Superliga D1,https://www.salaooval.com.br/equipe/fortaleza-tritoes/,http://www.salaooval.com.br/times/recife-mariners/,,,superliga-2026,
2026-09-12 00:00:00,Caruaru Wolves,00:00:0000:00,Caucaia Sabres,Superliga D1,http://www.salaooval.com.br/times/caruaru-wolves,https://www.salaooval.com.br/equipe/caucaia-sabres/,,,superliga-2026,
2026-09-12 00:00:00,Cavalaria 2 de Julho,00:00:0000:00,João Pessoa Espectros,Superliga D1,http://www.salaooval.com.br/times/cavalaria-2-de-julho/,http://www.salaooval.com.br/times/joao-pessoa-espectros/,,,superliga-2026,
2026-09-12 00:00:00,T-Rex,00:00:0000:00,Coritiba Crocodiles,Superliga D1,http://www.salaooval.com.br/times/timbo-rex,http://www.salaooval.com.br/times/coritiba-crocodiles/,,,superliga-2026,
2026-09-12 00:00:00,Londrina Bristlebacks,00:00:0000:00,Juventude FA,Superliga D1,http://www.salaooval.com.br/times/londrina-bristlebacks,https://www.salaooval.com.br/times/uniao-da-serra/,,,superliga-2026,
2026-09-12 00:00:00,Santa Maria Soldiers,00:00:0000:00,Brown Spiders,Superliga D1,http://www.salaooval.com.br/times/santa-maria-soldiers,http://www.salaooval.com.br/times/brown-spiders/,,,superliga-2026,
2026-09-12 00:00:00,Istepôs FA,00:00:0000:00,Bravos FA,Superliga D1,https://www.salaooval.com.br/times/istepos-fa/,https://www.salaooval.com.br/equipe/bravos-fa/,,,superliga-2026,
2026-09-12 00:00:00,Ponta Grossa Phantoms,00:00:0000:00,Arapongas Golden Phoenix,Superliga D2,https://www.salaooval.com.br/equipe/ponta-grossa-phantoms/,https://www.salaooval.com.br/equipe/arapongas-golden-phoenix/,,,superliga-2026,
2026-09-12 00:00:00,Brown Spiders 2,00:00:0000:00,JEC Gladiators,Superliga D2,https://www.salaooval.com.br/equipe/brown-spiders-2/,http://www.salaooval.com.br/times/joinville-gladiators,,,superliga-2026,
2026-09-12 00:00:00,Calvary Cavaliers,00:00:0000:00,Maringá Pyros,Superliga D2,https://www.salaooval.com.br/equipe/calvary-cavaliers/,http://www.salaooval.com.br/times/maringa-pyros/,,,superliga-2026,
No data available i,No data available in table,No data available in table,No data available in table,No data available in table,,,No data available in table,No data available in table,superliga-2026,
2026-03-28 14:00:00,Uberlândia Lobos,18 - 13,Cruzeiro FA,,http://www.salaooval.com.br/times/uberlandia-lobos,https://www.salaooval.com.br/times/cruzeiro_fa/,,,campeonato-mineiro-2026,
2026-04-11 14:00:00,Cruzeiro FA,14:00:0014:00,Vasco Almirantes,,https://www.salaooval.com.br/times/cruzeiro_fa/,http://www.salaooval.com.br/times/vasco-almirantes/,,,campeonato-mineiro-2026,
2026-04-12 14:00:00,Uberlândia Lobos,14 - 29,Tubarões do Cerrado,,http://www.salaooval.com.br/times/uberlandia-lobos,https://www.salaooval.com.br/equipe/tubaroes-do-cerrado/,,,campeonato-mineiro-2026,
2026-04-25 14:00:00,Uberlândia Lobos,12 - 40,Vasco Almirantes,,http://www.salaooval.com.br/times/uberlandia-lobos,http://www.salaooval.com.br/times/vasco-almirantes/,,,campeonato-mineiro-2026,
2026-04-25 14:00:00,Cruzeiro FA,00 - 12,Tubarões do Cerrado,,https://www.salaooval.com.br/times/cruzeiro_fa/,https://www.salaooval.com.br/equipe/tubaroes-do-cerrado/,,,campeonato-mineiro-2026,
2026-05-16 14:00:00,Uberlândia Lobos,14 - 09,Cruzeiro FA,,http://www.salaooval.com.br/times/uberlandia-lobos,https://www.salaooval.com.br/times/cruzeiro_fa/,,,campeonato-mineiro-2026,
2026-05-16 14:00:00,Uberlândia Lobos,14 - 09,Cruzeiro FA,,http://www.salaooval.com.br/times/uberlandia-lobos,https://www.salaooval.com.br/times/cruzeiro_fa/,,,campeonato-mineiro-2026,
2026-06-13 10:00:08,Vasco Almirantes,18 - 17,Tubarões do Cerrado,,http://www.salaooval.com.br/times/vasco-almirantes/,https://www.salaooval.com.br/equipe/tubaroes-do-cerrado/,,,campeonato-mineiro-2026,
2026-05-16 14:00:00,Uberlândia Lobos,14 - 09,Cruzeiro FA,,http://www.salaooval.com.br/times/uberlandia-lobos,https://www.salaooval.com.br/times/cruzeiro_fa/,,,campeonato-mineiro-2026,
2026-06-13 10:00:08,Vasco Almirantes,18 - 17,Tubarões do Cerrado,,http://www.salaooval.com.br/times/vasco-almirantes/,https://www.salaooval.com.br/equipe/tubaroes-do-cerrado/,,,campeonato-mineiro-2026,
2026-06-13 14:00:00,Locomotiva FA,48 - 00,Cruzeiro FA,,http://www.salaooval.com.br/times/america-locomotiva/,https://www.salaooval.com.br/times/cruzeiro_fa/,,,campeonato-mineiro-2026,
2026-05-16 14:00:00,Uberlândia Lobos,14 - 09,Cruzeiro FA,,http://www.salaooval.com.br/times/uberlandia-lobos,https://www.salaooval.com.br/times/cruzeiro_fa/,,,campeonato-mineiro-2026,
2026-06-13 10:00:08,Vasco Almirantes,18 - 17,Tubarões do Cerrado,,http://www.salaooval.com.br/times/vasco-almirantes/,https://www.salaooval.com.br/equipe/tubaroes-do-cerrado/,,,campeonato-mineiro-2026,
2026-06-13 14:00:00,Locomotiva FA,48 - 00,Cruzeiro FA,,http://www.salaooval.com.br/times/america-locomotiva/,https://www.salaooval.com.br/times/cruzeiro_fa/,,,campeonato-mineiro-2026,
2026-06-14 14:00:00,Galo FA,60 - 00,Uberlândia Lobos,,http://www.salaooval.com.br/times/galo-fa/,http://www.salaooval.com.br/times/uberlandia-lobos,,,campeonato-mineiro-2026,
2026-05-16 14:00:00,Uberlândia Lobos,14 - 09,Cruzeiro FA,,http://www.salaooval.com.br/times/uberlandia-lobos,https://www.salaooval.com.br/times/cruzeiro_fa/,,,campeonato-mineiro-2026,
2026-06-13 10:00:08,Vasco Almirantes,18 - 17,Tubarões do Cerrado,,http://www.salaooval.com.br/times/vasco-almirantes/,https://www.salaooval.com.br/equipe/tubaroes-do-cerrado/,,,campeonato-mineiro-2026,
2026-06-13 14:00:00,Locomotiva FA,48 - 00,Cruzeiro FA,,http://www.salaooval.com.br/times/america-locomotiva/,https://www.salaooval.com.br/times/cruzeiro_fa/,,,campeonato-mineiro-2026,
2026-06-14 14:00:00,Galo FA,60 - 00,Uberlândia Lobos,,http://www.salaooval.com.br/times/galo-fa/,http://www.salaooval.com.br/times/uberlandia-lobos,,,campeonato-mineiro-2026,
2026-06-28 15:00:00,Locomotiva FA,36 - 03,Galo FA,,http://www.salaooval.com.br/times/america-locomotiva/,http://www.salaooval.com.br/times/galo-fa/,,,campeonato-mineiro-2026,
2026-03-15 10:00:00,Moura Lacerda Dragons,25 - 06,Corinthians Steamrollers,SPFL Diamante,https://www.salaooval.com.br/times/moura-lacerda-dragons,http://www.salaooval.com.br/times/corinthians-steamrollers/,,,spfl-2026,
2026-03-15 10:00:00,São José Jets,14 - 00,Krakens Football,SPFL Ouro,https://www.salaooval.com.br/equipe/sao-jose-jets/,https://www.salaooval.com.br/equipe/krakens-football/,,,spfl-2026,
2026-03-15 10:00:00,Assis Captains,00 - 38,Franca Carrascos,SPFL Ouro,https://www.salaooval.com.br/equipe/assis-captains/,https://www.salaooval.com.br/equipe/franca-carrascos/,,,spfl-2026,
2026-03-15 14:00:00,Guarulhos Rhynos,49 - 00,Tatuapé Monsters,SPFL Diamante,https://www.salaooval.com.br/times/Guarulhos-Rhynos/,https://www.salaooval.com.br/equipe/tatuape-monsters/,,,spfl-2026,
2026-03-15 14:00:00,Vikings Berserker,21 - 51,Caniballs Football,SPFL Ouro,https://www.salaooval.com.br/equipe/vikings-berserker/,https://www.salaooval.com.br/equipe/caniballs-football/,,,spfl-2026,
2026-03-15 14:00:00,Avaré Lions,07 - 20,Guarás FA,SPFL Ouro,https://www.salaooval.com.br/equipe/avare-lions/,https://www.salaooval.com.br/equipe/guaras-fa/,,,spfl-2026,
2026-03-22 10:00:00,Black Panthers Football,06 - 30,Spartans Football 2,SPFL Prata,https://www.salaooval.com.br/equipe/black-panthers-football/,https://www.salaooval.com.br/equipe/spartans-football-2/,,,spfl-2026,
2026-03-22 10:00:00,Caraguá Ghostship,18 - 00,Corinthians Steamrollers 2,SPFL Prata,https://www.salaooval.com.br/equipe/caragua-ghostship/,https://www.salaooval.com.br/equipe/corinthians-steamrollers-2/,,,spfl-2026,
2026-03-22 14:00:00,Ocelots FA,37 - 00,Guarani Indians,SPFL Diamante,http://www.salaooval.com.br/times/ocelots-fa,http://www.salaooval.com.br/times/guarani-indians/,,,spfl-2026,
2026-03-22 14:00:00,Vikings FA,07 - 14,Spartans Football,SPFL Diamante,https://www.salaooval.com.br/equipe/vikings-fa/,http://www.salaooval.com.br/times/spartans-football/,,,spfl-2026,
2026-03-22 14:00:00,Jacareí Red Wolves,00 - 36,Ponte Preta Gorilas,SPFL Prata,https://www.salaooval.com.br/equipe/jacarei-red-wolves/,https://www.salaooval.com.br/equipe/ponte-preta-gorilas/,,,spfl-2026,
2026-03-29 10:00:00,Taubaté Football,43 - 07,Vikings Berserker,SPFL Ouro,https://www.salaooval.com.br/equipe/taubate-football/,https://www.salaooval.com.br/equipe/vikings-berserker/,,,spfl-2026,
2026-03-29 10:00:00,Guarás FA,07 - 28,Franca Carrascos,SPFL Ouro,https://www.salaooval.com.br/equipe/guaras-fa/,https://www.salaooval.com.br/equipe/franca-carrascos/,,,spfl-2026,
2026-03-29 10:00:00,Guarulhos Rhynos 2,00 - 06,Piracicaba Cane Cutters,SPFL Prata,https://www.salaooval.com.br/equipe/guarulhos-rhynos-2/,http://www.salaooval.com.br/times/piracicaba-cane-cutters/,,,spfl-2026,
2026-03-29 14:00:00,Guarulhos Rhynos,42 - 00,Corinthians Steamrollers,SPFL Diamante,https://www.salaooval.com.br/times/Guarulhos-Rhynos/,http://www.salaooval.com.br/times/corinthians-steamrollers/,,,spfl-2026,
2026-03-29 14:00:00,Moura Lacerda Dragons,40 - 07,Tatuapé Monsters,SPFL Diamante,https://www.salaooval.com.br/times/moura-lacerda-dragons,https://www.salaooval.com.br/equipe/tatuape-monsters/,,,spfl-2026,
2026-03-29 14:00:00,São José Jets,21 - 14,Caniballs Football,SPFL Ouro,https://www.salaooval.com.br/equipe/sao-jose-jets/,https://www.salaooval.com.br/equipe/caniballs-football/,,,spfl-2026,
2026-03-29 14:00:00,Avaré Lions,06 - 42,Empyreo Leme Lizards,SPFL Ouro,https://www.salaooval.com.br/equipe/avare-lions/,http://www.salaooval.com.br/times/empyreo-leme-lizards/,,,spfl-2026,
2026-04-05 10:00:00,Vikings FA,38 - 14,Guarani Indians,SPFL Diamante,https://www.salaooval.com.br/equipe/vikings-fa/,http://www.salaooval.com.br/times/guarani-indians/,,,spfl-2026,
2026-04-05 14:00:00,Ocelots FA,07 - 42,Spartans Football,SPFL Diamante,http://www.salaooval.com.br/times/ocelots-fa,http://www.salaooval.com.br/times/spartans-football/,,,spfl-2026,
2026-04-12 10:00:00,Guarulhos Rhynos,09 - 10,Moura Lacerda Dragons,SPFL Diamante,https://www.salaooval.com.br/times/Guarulhos-Rhynos/,https://www.salaooval.com.br/times/moura-lacerda-dragons,,,spfl-2026,
2026-04-12 10:00:00,Krakens Football,42 - 06,Vikings Berserker,SPFL Ouro,https://www.salaooval.com.br/equipe/krakens-football/,https://www.salaooval.com.br/equipe/vikings-berserker/,,,spfl-2026,
2026-04-12 14:00:00,Assis Captains,20 - 38,Avaré Lions,SPFL Ouro,https://www.salaooval.com.br/equipe/assis-captains/,https://www.salaooval.com.br/equipe/avare-lions/,,,spfl-2026,
2026-04-12 14:00:00,Guarás FA,00 - 38,Empyreo Leme Lizards,SPFL Ouro,https://www.salaooval.com.br/equipe/guaras-fa/,http://www.salaooval.com.br/times/empyreo-leme-lizards/,,,spfl-2026,
2026-04-12 14:00:00,Taubaté Football,07 - 03,São José Jets,SPFL Ouro,https://www.salaooval.com.br/equipe/taubate-football/,https://www.salaooval.com.br/equipe/sao-jose-jets/,,,spfl-2026,
2026-04-19 10:00:00,Black Panthers Football,07 - 33,Guarulhos Rhynos 2,SPFL Prata,https://www.salaooval.com.br/equipe/black-panthers-football/,https://www.salaooval.com.br/equipe/guarulhos-rhynos-2/,,,spfl-2026,
2026-04-19 10:00:00,Caraguá Ghostship,24 - 25,Ponte Preta Gorilas,SPFL Prata,https://www.salaooval.com.br/equipe/caragua-ghostship/,https://www.salaooval.com.br/equipe/ponte-preta-gorilas/,,,spfl-2026,
2026-04-19 10:00:00,Spartans Football 2,15 - 14,Piracicaba Cane Cutters,SPFL Prata,https://www.salaooval.com.br/equipe/spartans-football-2/,http://www.salaooval.com.br/times/piracicaba-cane-cutters/,,,spfl-2026,
2026-04-19 14:00:00,Corinthians Steamrollers,10 - 43,Tatuapé Monsters,SPFL Diamante,http://www.salaooval.com.br/times/corinthians-steamrollers/,https://www.salaooval.com.br/equipe/tatuape-monsters/,,,spfl-2026,
2026-04-19 14:00:00,Ocelots FA,25 - 18,Vikings FA,SPFL Diamante,http://www.salaooval.com.br/times/ocelots-fa,https://www.salaooval.com.br/equipe/vikings-fa/,,,spfl-2026,
2026-04-19 14:00:00,Spartans Football,49 - 00,Guarani Indians,SPFL Diamante,http://www.salaooval.com.br/times/spartans-football/,http://www.salaooval.com.br/times/guarani-indians/,,,spfl-2026,
2026-04-26 10:00:00,Assis Captains,13 - 40,Guarás FA,SPFL Ouro,https://www.salaooval.com.br/equipe/assis-captains/,https://www.salaooval.com.br/equipe/guaras-fa/,,,spfl-2026,
2026-04-26 14:00:00,Krakens Football,00 - 31,Caniballs Football,SPFL Ouro,https://www.salaooval.com.br/equipe/krakens-football/,https://www.salaooval.com.br/equipe/caniballs-football/,,,spfl-2026,
2026-04-26 14:00:00,Avaré Lions,14 - 23,Franca Carrascos,SPFL Ouro,https://www.salaooval.com.br/equipe/avare-lions/,https://www.salaooval.com.br/equipe/franca-carrascos/,,,spfl-2026,
2026-05-03 14:00:00,Caraguá Ghostship,29 - 00,Jacareí Red Wolves,SPFL Prata,https://www.salaooval.com.br/equipe/caragua-ghostship/,https://www.salaooval.com.br/equipe/jacarei-red-wolves/,,,spfl-2026,
2026-05-03 14:00:00,Corinthians Steamrollers 2,00 - 25,Ponte Preta Gorilas,SPFL Prata,https://www.salaooval.com.br/equipe/corinthians-steamrollers-2/,https://www.salaooval.com.br/equipe/ponte-preta-gorilas/,,,spfl-2026,
2026-05-09 14:00:00,Franca Carrascos,13 - 27,Empyreo Leme Lizards,SPFL Ouro,https://www.salaooval.com.br/equipe/franca-carrascos/,http://www.salaooval.com.br/times/empyreo-leme-lizards/,,,spfl-2026,
2026-05-17 10:00:00,Taubaté Football,20 - 14,Caniballs Football,SPFL Ouro,https://www.salaooval.com.br/equipe/taubate-football/,https://www.salaooval.com.br/equipe/caniballs-football/,,,spfl-2026,
2026-05-17 10:00:00,Spartans Football 2,10:00:0010:00,Guarulhos Rhynos 2,SPFL Prata,https://www.salaooval.com.br/equipe/spartans-football-2/,https://www.salaooval.com.br/equipe/guarulhos-rhynos-2/,,,spfl-2026,
2026-05-17 14:00:00,São José Jets,45 - 18,Vikings Berserker,SPFL Ouro,https://www.salaooval.com.br/equipe/sao-jose-jets/,https://www.salaooval.com.br/equipe/vikings-berserker/,,,spfl-2026,
2026-05-31 10:00:37,Corinthians Steamrollers 2,32 - 12,Black Panthers Football,,https://www.salaooval.com.br/equipe/corinthians-steamrollers-2/,https://www.salaooval.com.br/equipe/black-panthers-football/,,,spfl-2026,
2026-05-31 10:00:37,Corinthians Steamrollers 2,32 - 12,Black Panthers Football,,https://www.salaooval.com.br/equipe/corinthians-steamrollers-2/,https://www.salaooval.com.br/equipe/black-panthers-football/,,,spfl-2026,
2026-05-31 14:00:41,Guarulhos Rhynos 2,24 - 12,Caraguá Ghostship,,https://www.salaooval.com.br/equipe/guarulhos-rhynos-2/,https://www.salaooval.com.br/equipe/caragua-ghostship/,,,spfl-2026,
2026-05-31 10:00:37,Corinthians Steamrollers 2,32 - 12,Black Panthers Football,,https://www.salaooval.com.br/equipe/corinthians-steamrollers-2/,https://www.salaooval.com.br/equipe/black-panthers-football/,,,spfl-2026,
2026-05-31 14:00:41,Guarulhos Rhynos 2,24 - 12,Caraguá Ghostship,,https://www.salaooval.com.br/equipe/guarulhos-rhynos-2/,https://www.salaooval.com.br/equipe/caragua-ghostship/,,,spfl-2026,
2026-06-21 10:00:11,Guarulhos Rhynos 2,14 - 21,Ponte Preta Gorilas,,https://www.salaooval.com.br/equipe/guarulhos-rhynos-2/,https://www.salaooval.com.br/equipe/ponte-preta-gorilas/,,,spfl-2026,
2026-05-31 10:00:37,Corinthians Steamrollers 2,32 - 12,Black Panthers Football,,https://www.salaooval.com.br/equipe/corinthians-steamrollers-2/,https://www.salaooval.com.br/equipe/black-panthers-football/,,,spfl-2026,
2026-05-31 14:00:41,Guarulhos Rhynos 2,24 - 12,Caraguá Ghostship,,https://www.salaooval.com.br/equipe/guarulhos-rhynos-2/,https://www.salaooval.com.br/equipe/caragua-ghostship/,,,spfl-2026,
2026-06-21 10:00:11,Guarulhos Rhynos 2,14 - 21,Ponte Preta Gorilas,,https://www.salaooval.com.br/equipe/guarulhos-rhynos-2/,https://www.salaooval.com.br/equipe/ponte-preta-gorilas/,,,spfl-2026,
2026-06-21 14:00:15,Piracicaba Cane Cutters,06 - 00,Corinthians Steamrollers 2,,http://www.salaooval.com.br/times/piracicaba-cane-cutters/,https://www.salaooval.com.br/equipe/corinthians-steamrollers-2/,,,spfl-2026,
2026-05-31 10:00:37,Corinthians Steamrollers 2,32 - 12,Black Panthers Football,,https://www.salaooval.com.br/equipe/corinthians-steamrollers-2/,https://www.salaooval.com.br/equipe/black-panthers-football/,,,spfl-2026,
2026-05-31 14:00:41,Guarulhos Rhynos 2,24 - 12,Caraguá Ghostship,,https://www.salaooval.com.br/equipe/guarulhos-rhynos-2/,https://www.salaooval.com.br/equipe/caragua-ghostship/,,,spfl-2026,
2026-06-21 10:00:11,Guarulhos Rhynos 2,14 - 21,Ponte Preta Gorilas,,https://www.salaooval.com.br/equipe/guarulhos-rhynos-2/,https://www.salaooval.com.br/equipe/ponte-preta-gorilas/,,,spfl-2026,
2026-06-21 14:00:15,Piracicaba Cane Cutters,06 - 00,Corinthians Steamrollers 2,,http://www.salaooval.com.br/times/piracicaba-cane-cutters/,https://www.salaooval.com.br/equipe/corinthians-steamrollers-2/,,,spfl-2026,
2026-07-12 10:00:47,Piracicaba Cane Cutters,09 - 06,Ponte Preta Gorilas,,http://www.salaooval.com.br/times/piracicaba-cane-cutters/,https://www.salaooval.com.br/equipe/ponte-preta-gorilas/,,,spfl-2026,
2026-05-31 10:00:37,Corinthians Steamrollers 2,32 - 12,Black Panthers Football,,https://www.salaooval.com.br/equipe/corinthians-steamrollers-2/,https://www.salaooval.com.br/equipe/black-panthers-football/,,,spfl-2026,
2026-05-31 14:00:41,Guarulhos Rhynos 2,24 - 12,Caraguá Ghostship,,https://www.salaooval.com.br/equipe/guarulhos-rhynos-2/,https://www.salaooval.com.br/equipe/caragua-ghostship/,,,spfl-2026,
2026-06-21 10:00:11,Guarulhos Rhynos 2,14 - 21,Ponte Preta Gorilas,,https://www.salaooval.com.br/equipe/guarulhos-rhynos-2/,https://www.salaooval.com.br/equipe/ponte-preta-gorilas/,,,spfl-2026,
2026-06-21 14:00:15,Piracicaba Cane Cutters,06 - 00,Corinthians Steamrollers 2,,http://www.salaooval.com.br/times/piracicaba-cane-cutters/,https://www.salaooval.com.br/equipe/corinthians-steamrollers-2/,,,spfl-2026,
2026-07-12 10:00:47,Piracicaba Cane Cutters,09 - 06,Ponte Preta Gorilas,,http://www.salaooval.com.br/times/piracicaba-cane-cutters/,https://www.salaooval.com.br/equipe/ponte-preta-gorilas/,,,spfl-2026,
2026-06-14 10:00:25,São José Jets,49 - 00,Guarás FA,,https://www.salaooval.com.br/equipe/sao-jose-jets/,https://www.salaooval.com.br/equipe/guaras-fa/,,,spfl-2026,
2026-05-31 10:00:37,Corinthians Steamrollers 2,32 - 12,Black Panthers Football,,https://www.salaooval.com.br/equipe/corinthians-steamrollers-2/,https://www.salaooval.com.br/equipe/black-panthers-football/,,,spfl-2026,
2026-05-31 14:00:41,Guarulhos Rhynos 2,24 - 12,Caraguá Ghostship,,https://www.salaooval.com.br/equipe/guarulhos-rhynos-2/,https://www.salaooval.com.br/equipe/caragua-ghostship/,,,spfl-2026,
2026-06-21 10:00:11,Guarulhos Rhynos 2,14 - 21,Ponte Preta Gorilas,,https://www.salaooval.com.br/equipe/guarulhos-rhynos-2/,https://www.salaooval.com.br/equipe/ponte-preta-gorilas/,,,spfl-2026,
2026-06-21 14:00:15,Piracicaba Cane Cutters,06 - 00,Corinthians Steamrollers 2,,http://www.salaooval.com.br/times/piracicaba-cane-cutters/,https://www.salaooval.com.br/equipe/corinthians-steamrollers-2/,,,spfl-2026,
2026-07-12 10:00:47,Piracicaba Cane Cutters,09 - 06,Ponte Preta Gorilas,,http://www.salaooval.com.br/times/piracicaba-cane-cutters/,https://www.salaooval.com.br/equipe/ponte-preta-gorilas/,,,spfl-2026,
2026-06-14 10:00:25,São José Jets,49 - 00,Guarás FA,,https://www.salaooval.com.br/equipe/sao-jose-jets/,https://www.salaooval.com.br/equipe/guaras-fa/,,,spfl-2026,
2026-06-14 14:00:34,Franca Carrascos,08 - 28,Caniballs Football,,https://www.salaooval.com.br/equipe/franca-carrascos/,https://www.salaooval.com.br/equipe/caniballs-football/,,,spfl-2026,
2026-05-31 10:00:37,Corinthians Steamrollers 2,32 - 12,Black Panthers Football,,https://www.salaooval.com.br/equipe/corinthians-steamrollers-2/,https://www.salaooval.com.br/equipe/black-panthers-football/,,,spfl-2026,
2026-05-31 14:00:41,Guarulhos Rhynos 2,24 - 12,Caraguá Ghostship,,https://www.salaooval.com.br/equipe/guarulhos-rhynos-2/,https://www.salaooval.com.br/equipe/caragua-ghostship/,,,spfl-2026,
2026-06-21 10:00:11,Guarulhos Rhynos 2,14 - 21,Ponte Preta Gorilas,,https://www.salaooval.com.br/equipe/guarulhos-rhynos-2/,https://www.salaooval.com.br/equipe/ponte-preta-gorilas/,,,spfl-2026,
2026-06-21 14:00:15,Piracicaba Cane Cutters,06 - 00,Corinthians Steamrollers 2,,http://www.salaooval.com.br/times/piracicaba-cane-cutters/,https://www.salaooval.com.br/equipe/corinthians-steamrollers-2/,,,spfl-2026,
2026-07-12 10:00:47,Piracicaba Cane Cutters,09 - 06,Ponte Preta Gorilas,,http://www.salaooval.com.br/times/piracicaba-cane-cutters/,https://www.salaooval.com.br/equipe/ponte-preta-gorilas/,,,spfl-2026,
2026-06-14 10:00:25,São José Jets,49 - 00,Guarás FA,,https://www.salaooval.com.br/equipe/sao-jose-jets/,https://www.salaooval.com.br/equipe/guaras-fa/,,,spfl-2026,
2026-06-14 14:00:34,Franca Carrascos,08 - 28,Caniballs Football,,https://www.salaooval.com.br/equipe/franca-carrascos/,https://www.salaooval.com.br/equipe/caniballs-football/,,,spfl-2026,
2026-06-21 10:00:04,Taubaté Football,19 - 06,Caniballs Football,,https://www.salaooval.com.br/equipe/taubate-football/,https://www.salaooval.com.br/equipe/caniballs-football/,,,spfl-2026,
2026-05-31 10:00:37,Corinthians Steamrollers 2,32 - 12,Black Panthers Football,,https://www.salaooval.com.br/equipe/corinthians-steamrollers-2/,https://www.salaooval.com.br/equipe/black-panthers-football/,,,spfl-2026,
2026-05-31 14:00:41,Guarulhos Rhynos 2,24 - 12,Caraguá Ghostship,,https://www.salaooval.com.br/equipe/guarulhos-rhynos-2/,https://www.salaooval.com.br/equipe/caragua-ghostship/,,,spfl-2026,
2026-06-21 10:00:11,Guarulhos Rhynos 2,14 - 21,Ponte Preta Gorilas,,https://www.salaooval.com.br/equipe/guarulhos-rhynos-2/,https://www.salaooval.com.br/equipe/ponte-preta-gorilas/,,,spfl-2026,
2026-06-21 14:00:15,Piracicaba Cane Cutters,06 - 00,Corinthians Steamrollers 2,,http://www.salaooval.com.br/times/piracicaba-cane-cutters/,https://www.salaooval.com.br/equipe/corinthians-steamrollers-2/,,,spfl-2026,
2026-07-12 10:00:47,Piracicaba Cane Cutters,09 - 06,Ponte Preta Gorilas,,http://www.salaooval.com.br/times/piracicaba-cane-cutters/,https://www.salaooval.com.br/equipe/ponte-preta-gorilas/,,,spfl-2026,
2026-06-14 10:00:25,São José Jets,49 - 00,Guarás FA,,https://www.salaooval.com.br/equipe/sao-jose-jets/,https://www.salaooval.com.br/equipe/guaras-fa/,,,spfl-2026,
2026-06-14 14:00:34,Franca Carrascos,08 - 28,Caniballs Football,,https://www.salaooval.com.br/equipe/franca-carrascos/,https://www.salaooval.com.br/equipe/caniballs-football/,,,spfl-2026,
2026-06-21 10:00:04,Taubaté Football,19 - 06,Caniballs Football,,https://www.salaooval.com.br/equipe/taubate-football/,https://www.salaooval.com.br/equipe/caniballs-football/,,,spfl-2026,
2026-06-28 10:00:11,Empyreo Leme Lizards,27 - 22,São José Jets,,http://www.salaooval.com.br/times/empyreo-leme-lizards/,https://www.salaooval.com.br/equipe/sao-jose-jets/,,,spfl-2026,
2026-05-31 10:00:37,Corinthians Steamrollers 2,32 - 12,Black Panthers Football,,https://www.salaooval.com.br/equipe/corinthians-steamrollers-2/,https://www.salaooval.com.br/equipe/black-panthers-football/,,,spfl-2026,
2026-05-31 14:00:41,Guarulhos Rhynos 2,24 - 12,Caraguá Ghostship,,https://www.salaooval.com.br/equipe/guarulhos-rhynos-2/,https://www.salaooval.com.br/equipe/caragua-ghostship/,,,spfl-2026,
2026-06-21 10:00:11,Guarulhos Rhynos 2,14 - 21,Ponte Preta Gorilas,,https://www.salaooval.com.br/equipe/guarulhos-rhynos-2/,https://www.salaooval.com.br/equipe/ponte-preta-gorilas/,,,spfl-2026,
2026-06-21 14:00:15,Piracicaba Cane Cutters,06 - 00,Corinthians Steamrollers 2,,http://www.salaooval.com.br/times/piracicaba-cane-cutters/,https://www.salaooval.com.br/equipe/corinthians-steamrollers-2/,,,spfl-2026,
2026-07-12 10:00:47,Piracicaba Cane Cutters,09 - 06,Ponte Preta Gorilas,,http://www.salaooval.com.br/times/piracicaba-cane-cutters/,https://www.salaooval.com.br/equipe/ponte-preta-gorilas/,,,spfl-2026,
2026-06-14 10:00:25,São José Jets,49 - 00,Guarás FA,,https://www.salaooval.com.br/equipe/sao-jose-jets/,https://www.salaooval.com.br/equipe/guaras-fa/,,,spfl-2026,
2026-06-14 14:00:34,Franca Carrascos,08 - 28,Caniballs Football,,https://www.salaooval.com.br/equipe/franca-carrascos/,https://www.salaooval.com.br/equipe/caniballs-football/,,,spfl-2026,
2026-06-21 10:00:04,Taubaté Football,19 - 06,Caniballs Football,,https://www.salaooval.com.br/equipe/taubate-football/,https://www.salaooval.com.br/equipe/caniballs-football/,,,spfl-2026,
2026-06-28 10:00:11,Empyreo Leme Lizards,27 - 22,São José Jets,,http://www.salaooval.com.br/times/empyreo-leme-lizards/,https://www.salaooval.com.br/equipe/sao-jose-jets/,,,spfl-2026,
2026-07-12 14:00:55,Empyreo Leme Lizards,09 - 27,Taubaté Football,,http://www.salaooval.com.br/times/empyreo-leme-lizards/,https://www.salaooval.com.br/equipe/taubate-football/,,,spfl-2026,
2026-05-31 10:00:37,Corinthians Steamrollers 2,32 - 12,Black Panthers Football,,https://www.salaooval.com.br/equipe/corinthians-steamrollers-2/,https://www.salaooval.com.br/equipe/black-panthers-football/,,,spfl-2026,
2026-05-31 14:00:41,Guarulhos Rhynos 2,24 - 12,Caraguá Ghostship,,https://www.salaooval.com.br/equipe/guarulhos-rhynos-2/,https://www.salaooval.com.br/equipe/caragua-ghostship/,,,spfl-2026,
2026-06-21 10:00:11,Guarulhos Rhynos 2,14 - 21,Ponte Preta Gorilas,,https://www.salaooval.com.br/equipe/guarulhos-rhynos-2/,https://www.salaooval.com.br/equipe/ponte-preta-gorilas/,,,spfl-2026,
2026-06-21 14:00:15,Piracicaba Cane Cutters,06 - 00,Corinthians Steamrollers 2,,http://www.salaooval.com.br/times/piracicaba-cane-cutters/,https://www.salaooval.com.br/equipe/corinthians-steamrollers-2/,,,spfl-2026,
2026-07-12 10:00:47,Piracicaba Cane Cutters,09 - 06,Ponte Preta Gorilas,,http://www.salaooval.com.br/times/piracicaba-cane-cutters/,https://www.salaooval.com.br/equipe/ponte-preta-gorilas/,,,spfl-2026,
2026-06-14 10:00:25,São José Jets,49 - 00,Guarás FA,,https://www.salaooval.com.br/equipe/sao-jose-jets/,https://www.salaooval.com.br/equipe/guaras-fa/,,,spfl-2026,
2026-06-14 14:00:34,Franca Carrascos,08 - 28,Caniballs Football,,https://www.salaooval.com.br/equipe/franca-carrascos/,https://www.salaooval.com.br/equipe/caniballs-football/,,,spfl-2026,
2026-06-21 10:00:04,Taubaté Football,19 - 06,Caniballs Football,,https://www.salaooval.com.br/equipe/taubate-football/,https://www.salaooval.com.br/equipe/caniballs-football/,,,spfl-2026,
2026-06-28 10:00:11,Empyreo Leme Lizards,27 - 22,São José Jets,,http://www.salaooval.com.br/times/empyreo-leme-lizards/,https://www.salaooval.com.br/equipe/sao-jose-jets/,,,spfl-2026,
2026-07-12 14:00:55,Empyreo Leme Lizards,09 - 27,Taubaté Football,,http://www.salaooval.com.br/times/empyreo-leme-lizards/,https://www.salaooval.com.br/equipe/taubate-football/,,,spfl-2026,
2026-05-03 12:30:50,Guarulhos Rhynos,29 - 16,Vikings FA,,https://www.salaooval.com.br/times/Guarulhos-Rhynos/,https://www.salaooval.com.br/equipe/vikings-fa/,,,spfl-2026,
2026-05-31 10:00:37,Corinthians Steamrollers 2,32 - 12,Black Panthers Football,,https://www.salaooval.com.br/equipe/corinthians-steamrollers-2/,https://www.salaooval.com.br/equipe/black-panthers-football/,,,spfl-2026,
2026-05-31 14:00:41,Guarulhos Rhynos 2,24 - 12,Caraguá Ghostship,,https://www.salaooval.com.br/equipe/guarulhos-rhynos-2/,https://www.salaooval.com.br/equipe/caragua-ghostship/,,,spfl-2026,
2026-06-21 10:00:11,Guarulhos Rhynos 2,14 - 21,Ponte Preta Gorilas,,https://www.salaooval.com.br/equipe/guarulhos-rhynos-2/,https://www.salaooval.com.br/equipe/ponte-preta-gorilas/,,,spfl-2026,
2026-06-21 14:00:15,Piracicaba Cane Cutters,06 - 00,Corinthians Steamrollers 2,,http://www.salaooval.com.br/times/piracicaba-cane-cutters/,https://www.salaooval.com.br/equipe/corinthians-steamrollers-2/,,,spfl-2026,
2026-07-12 10:00:47,Piracicaba Cane Cutters,09 - 06,Ponte Preta Gorilas,,http://www.salaooval.com.br/times/piracicaba-cane-cutters/,https://www.salaooval.com.br/equipe/ponte-preta-gorilas/,,,spfl-2026,
2026-06-14 10:00:25,São José Jets,49 - 00,Guarás FA,,https://www.salaooval.com.br/equipe/sao-jose-jets/,https://www.salaooval.com.br/equipe/guaras-fa/,,,spfl-2026,
2026-06-14 14:00:34,Franca Carrascos,08 - 28,Caniballs Football,,https://www.salaooval.com.br/equipe/franca-carrascos/,https://www.salaooval.com.br/equipe/caniballs-football/,,,spfl-2026,
2026-06-21 10:00:04,Taubaté Football,19 - 06,Caniballs Football,,https://www.salaooval.com.br/equipe/taubate-football/,https://www.salaooval.com.br/equipe/caniballs-football/,,,spfl-2026,
2026-06-28 10:00:11,Empyreo Leme Lizards,27 - 22,São José Jets,,http://www.salaooval.com.br/times/empyreo-leme-lizards/,https://www.salaooval.com.br/equipe/sao-jose-jets/,,,spfl-2026,
2026-07-12 14:00:55,Empyreo Leme Lizards,09 - 27,Taubaté Football,,http://www.salaooval.com.br/times/empyreo-leme-lizards/,https://www.salaooval.com.br/equipe/taubate-football/,,,spfl-2026,
2026-05-03 12:30:50,Guarulhos Rhynos,29 - 16,Vikings FA,,https://www.salaooval.com.br/times/Guarulhos-Rhynos/,https://www.salaooval.com.br/equipe/vikings-fa/,,,spfl-2026,
2026-05-03 16:30:48,Tatuapé Monsters,14 - 35,Ocelots FA,,https://www.salaooval.com.br/equipe/tatuape-monsters/,http://www.salaooval.com.br/times/ocelots-fa,,,spfl-2026,
2026-05-31 10:00:37,Corinthians Steamrollers 2,32 - 12,Black Panthers Football,,https://www.salaooval.com.br/equipe/corinthians-steamrollers-2/,https://www.salaooval.com.br/equipe/black-panthers-football/,,,spfl-2026,
2026-05-31 14:00:41,Guarulhos Rhynos 2,24 - 12,Caraguá Ghostship,,https://www.salaooval.com.br/equipe/guarulhos-rhynos-2/,https://www.salaooval.com.br/equipe/caragua-ghostship/,,,spfl-2026,
2026-06-21 10:00:11,Guarulhos Rhynos 2,14 - 21,Ponte Preta Gorilas,,https://www.salaooval.com.br/equipe/guarulhos-rhynos-2/,https://www.salaooval.com.br/equipe/ponte-preta-gorilas/,,,spfl-2026,
2026-06-21 14:00:15,Piracicaba Cane Cutters,06 - 00,Corinthians Steamrollers 2,,http://www.salaooval.com.br/times/piracicaba-cane-cutters/,https://www.salaooval.com.br/equipe/corinthians-steamrollers-2/,,,spfl-2026,
2026-07-12 10:00:47,Piracicaba Cane Cutters,09 - 06,Ponte Preta Gorilas,,http://www.salaooval.com.br/times/piracicaba-cane-cutters/,https://www.salaooval.com.br/equipe/ponte-preta-gorilas/,,,spfl-2026,
2026-06-14 10:00:25,São José Jets,49 - 00,Guarás FA,,https://www.salaooval.com.br/equipe/sao-jose-jets/,https://www.salaooval.com.br/equipe/guaras-fa/,,,spfl-2026,
2026-06-14 14:00:34,Franca Carrascos,08 - 28,Caniballs Football,,https://www.salaooval.com.br/equipe/franca-carrascos/,https://www.salaooval.com.br/equipe/caniballs-football/,,,spfl-2026,
2026-06-21 10:00:04,Taubaté Football,19 - 06,Caniballs Football,,https://www.salaooval.com.br/equipe/taubate-football/,https://www.salaooval.com.br/equipe/caniballs-football/,,,spfl-2026,
2026-06-28 10:00:11,Empyreo Leme Lizards,27 - 22,São José Jets,,http://www.salaooval.com.br/times/empyreo-leme-lizards/,https://www.salaooval.com.br/equipe/sao-jose-jets/,,,spfl-2026,
2026-07-12 14:00:55,Empyreo Leme Lizards,09 - 27,Taubaté Football,,http://www.salaooval.com.br/times/empyreo-leme-lizards/,https://www.salaooval.com.br/equipe/taubate-football/,,,spfl-2026,
2026-05-03 12:30:50,Guarulhos Rhynos,29 - 16,Vikings FA,,https://www.salaooval.com.br/times/Guarulhos-Rhynos/,https://www.salaooval.com.br/equipe/vikings-fa/,,,spfl-2026,
2026-05-03 16:30:48,Tatuapé Monsters,14 - 35,Ocelots FA,,https://www.salaooval.com.br/equipe/tatuape-monsters/,http://www.salaooval.com.br/times/ocelots-fa,,,spfl-2026,
2026-05-24 10:00:24,Moura Lacerda Dragons,40 - 07,Ocelots FA,,https://www.salaooval.com.br/times/moura-lacerda-dragons,http://www.salaooval.com.br/times/ocelots-fa,,,spfl-2026,
2026-05-31 10:00:37,Corinthians Steamrollers 2,32 - 12,Black Panthers Football,,https://www.salaooval.com.br/equipe/corinthians-steamrollers-2/,https://www.salaooval.com.br/equipe/black-panthers-football/,,,spfl-2026,
2026-05-31 14:00:41,Guarulhos Rhynos 2,24 - 12,Caraguá Ghostship,,https://www.salaooval.com.br/equipe/guarulhos-rhynos-2/,https://www.salaooval.com.br/equipe/caragua-ghostship/,,,spfl-2026,
2026-06-21 10:00:11,Guarulhos Rhynos 2,14 - 21,Ponte Preta Gorilas,,https://www.salaooval.com.br/equipe/guarulhos-rhynos-2/,https://www.salaooval.com.br/equipe/ponte-preta-gorilas/,,,spfl-2026,
2026-06-21 14:00:15,Piracicaba Cane Cutters,06 - 00,Corinthians Steamrollers 2,,http://www.salaooval.com.br/times/piracicaba-cane-cutters/,https://www.salaooval.com.br/equipe/corinthians-steamrollers-2/,,,spfl-2026,
2026-07-12 10:00:47,Piracicaba Cane Cutters,09 - 06,Ponte Preta Gorilas,,http://www.salaooval.com.br/times/piracicaba-cane-cutters/,https://www.salaooval.com.br/equipe/ponte-preta-gorilas/,,,spfl-2026,
2026-06-14 10:00:25,São José Jets,49 - 00,Guarás FA,,https://www.salaooval.com.br/equipe/sao-jose-jets/,https://www.salaooval.com.br/equipe/guaras-fa/,,,spfl-2026,
2026-06-14 14:00:34,Franca Carrascos,08 - 28,Caniballs Football,,https://www.salaooval.com.br/equipe/franca-carrascos/,https://www.salaooval.com.br/equipe/caniballs-football/,,,spfl-2026,
2026-06-21 10:00:04,Taubaté Football,19 - 06,Caniballs Football,,https://www.salaooval.com.br/equipe/taubate-football/,https://www.salaooval.com.br/equipe/caniballs-football/,,,spfl-2026,
2026-06-28 10:00:11,Empyreo Leme Lizards,27 - 22,São José Jets,,http://www.salaooval.com.br/times/empyreo-leme-lizards/,https://www.salaooval.com.br/equipe/sao-jose-jets/,,,spfl-2026,
2026-07-12 14:00:55,Empyreo Leme Lizards,09 - 27,Taubaté Football,,http://www.salaooval.com.br/times/empyreo-leme-lizards/,https://www.salaooval.com.br/equipe/taubate-football/,,,spfl-2026,
2026-05-03 12:30:50,Guarulhos Rhynos,29 - 16,Vikings FA,,https://www.salaooval.com.br/times/Guarulhos-Rhynos/,https://www.salaooval.com.br/equipe/vikings-fa/,,,spfl-2026,
2026-05-03 16:30:48,Tatuapé Monsters,14 - 35,Ocelots FA,,https://www.salaooval.com.br/equipe/tatuape-monsters/,http://www.salaooval.com.br/times/ocelots-fa,,,spfl-2026,
2026-05-24 10:00:24,Moura Lacerda Dragons,40 - 07,Ocelots FA,,https://www.salaooval.com.br/times/moura-lacerda-dragons,http://www.salaooval.com.br/times/ocelots-fa,,,spfl-2026,
2026-05-24 14:00:45,Spartans Football,19 - 20,Guarulhos Rhynos,,http://www.salaooval.com.br/times/spartans-football/,https://www.salaooval.com.br/times/Guarulhos-Rhynos/,,,spfl-2026,
2026-05-31 10:00:37,Corinthians Steamrollers 2,32 - 12,Black Panthers Football,,https://www.salaooval.com.br/equipe/corinthians-steamrollers-2/,https://www.salaooval.com.br/equipe/black-panthers-football/,,,spfl-2026,
2026-05-31 14:00:41,Guarulhos Rhynos 2,24 - 12,Caraguá Ghostship,,https://www.salaooval.com.br/equipe/guarulhos-rhynos-2/,https://www.salaooval.com.br/equipe/caragua-ghostship/,,,spfl-2026,
2026-06-21 10:00:11,Guarulhos Rhynos 2,14 - 21,Ponte Preta Gorilas,,https://www.salaooval.com.br/equipe/guarulhos-rhynos-2/,https://www.salaooval.com.br/equipe/ponte-preta-gorilas/,,,spfl-2026,
2026-06-21 14:00:15,Piracicaba Cane Cutters,06 - 00,Corinthians Steamrollers 2,,http://www.salaooval.com.br/times/piracicaba-cane-cutters/,https://www.salaooval.com.br/equipe/corinthians-steamrollers-2/,,,spfl-2026,
2026-07-12 10:00:47,Piracicaba Cane Cutters,09 - 06,Ponte Preta Gorilas,,http://www.salaooval.com.br/times/piracicaba-cane-cutters/,https://www.salaooval.com.br/equipe/ponte-preta-gorilas/,,,spfl-2026,
2026-06-14 10:00:25,São José Jets,49 - 00,Guarás FA,,https://www.salaooval.com.br/equipe/sao-jose-jets/,https://www.salaooval.com.br/equipe/guaras-fa/,,,spfl-2026,
2026-06-14 14:00:34,Franca Carrascos,08 - 28,Caniballs Football,,https://www.salaooval.com.br/equipe/franca-carrascos/,https://www.salaooval.com.br/equipe/caniballs-football/,,,spfl-2026,
2026-06-21 10:00:04,Taubaté Football,19 - 06,Caniballs Football,,https://www.salaooval.com.br/equipe/taubate-football/,https://www.salaooval.com.br/equipe/caniballs-football/,,,spfl-2026,
2026-06-28 10:00:11,Empyreo Leme Lizards,27 - 22,São José Jets,,http://www.salaooval.com.br/times/empyreo-leme-lizards/,https://www.salaooval.com.br/equipe/sao-jose-jets/,,,spfl-2026,
2026-07-12 14:00:55,Empyreo Leme Lizards,09 - 27,Taubaté Football,,http://www.salaooval.com.br/times/empyreo-leme-lizards/,https://www.salaooval.com.br/equipe/taubate-football/,,,spfl-2026,
2026-05-03 12:30:50,Guarulhos Rhynos,29 - 16,Vikings FA,,https://www.salaooval.com.br/times/Guarulhos-Rhynos/,https://www.salaooval.com.br/equipe/vikings-fa/,,,spfl-2026,
2026-05-03 16:30:48,Tatuapé Monsters,14 - 35,Ocelots FA,,https://www.salaooval.com.br/equipe/tatuape-monsters/,http://www.salaooval.com.br/times/ocelots-fa,,,spfl-2026,
2026-05-24 10:00:24,Moura Lacerda Dragons,40 - 07,Ocelots FA,,https://www.salaooval.com.br/times/moura-lacerda-dragons,http://www.salaooval.com.br/times/ocelots-fa,,,spfl-2026,
2026-05-24 14:00:45,Spartans Football,19 - 20,Guarulhos Rhynos,,http://www.salaooval.com.br/times/spartans-football/,https://www.salaooval.com.br/times/Guarulhos-Rhynos/,,,spfl-2026,
2026-06-07 14:00:50,Moura Lacerda Dragons,34 - 21,Guarulhos Rhynos,,https://www.salaooval.com.br/times/moura-lacerda-dragons,https://www.salaooval.com.br/times/Guarulhos-Rhynos/,,,spfl-2026,
2026-03-15 10:00:00,Moura Lacerda Dragons,25 - 06,Corinthians Steamrollers,SPFL Diamante,https://www.salaooval.com.br/times/moura-lacerda-dragons,http://www.salaooval.com.br/times/corinthians-steamrollers/,,,spfl-2026,
2026-03-15 10:00:00,São José Jets,14 - 00,Krakens Football,SPFL Ouro,https://www.salaooval.com.br/equipe/sao-jose-jets/,https://www.salaooval.com.br/equipe/krakens-football/,,,spfl-2026,
2026-03-15 10:00:00,Assis Captains,00 - 38,Franca Carrascos,SPFL Ouro,https://www.salaooval.com.br/equipe/assis-captains/,https://www.salaooval.com.br/equipe/franca-carrascos/,,,spfl-2026,
2026-03-15 14:00:00,Guarulhos Rhynos,49 - 00,Tatuapé Monsters,SPFL Diamante,https://www.salaooval.com.br/times/Guarulhos-Rhynos/,https://www.salaooval.com.br/equipe/tatuape-monsters/,,,spfl-2026,
2026-03-15 14:00:00,Vikings Berserker,21 - 51,Caniballs Football,SPFL Ouro,https://www.salaooval.com.br/equipe/vikings-berserker/,https://www.salaooval.com.br/equipe/caniballs-football/,,,spfl-2026,
2026-03-15 14:00:00,Avaré Lions,07 - 20,Guarás FA,SPFL Ouro,https://www.salaooval.com.br/equipe/avare-lions/,https://www.salaooval.com.br/equipe/guaras-fa/,,,spfl-2026,
2026-03-22 10:00:00,Black Panthers Football,06 - 30,Spartans Football 2,SPFL Prata,https://www.salaooval.com.br/equipe/black-panthers-football/,https://www.salaooval.com.br/equipe/spartans-football-2/,,,spfl-2026,
2026-03-22 10:00:00,Caraguá Ghostship,18 - 00,Corinthians Steamrollers 2,SPFL Prata,https://www.salaooval.com.br/equipe/caragua-ghostship/,https://www.salaooval.com.br/equipe/corinthians-steamrollers-2/,,,spfl-2026,
2026-03-22 14:00:00,Ocelots FA,37 - 00,Guarani Indians,SPFL Diamante,http://www.salaooval.com.br/times/ocelots-fa,http://www.salaooval.com.br/times/guarani-indians/,,,spfl-2026,
2026-03-22 14:00:00,Vikings FA,07 - 14,Spartans Football,SPFL Diamante,https://www.salaooval.com.br/equipe/vikings-fa/,http://www.salaooval.com.br/times/spartans-football/,,,spfl-2026,
2026-03-22 14:00:00,Jacareí Red Wolves,00 - 36,Ponte Preta Gorilas,SPFL Prata,https://www.salaooval.com.br/equipe/jacarei-red-wolves/,https://www.salaooval.com.br/equipe/ponte-preta-gorilas/,,,spfl-2026,
2026-03-29 10:00:00,Taubaté Football,43 - 07,Vikings Berserker,SPFL Ouro,https://www.salaooval.com.br/equipe/taubate-football/,https://www.salaooval.com.br/equipe/vikings-berserker/,,,spfl-2026,
2026-03-29 10:00:00,Guarás FA,07 - 28,Franca Carrascos,SPFL Ouro,https://www.salaooval.com.br/equipe/guaras-fa/,https://www.salaooval.com.br/equipe/franca-carrascos/,,,spfl-2026,
2026-03-29 10:00:00,Guarulhos Rhynos 2,00 - 06,Piracicaba Cane Cutters,SPFL Prata,https://www.salaooval.com.br/equipe/guarulhos-rhynos-2/,http://www.salaooval.com.br/times/piracicaba-cane-cutters/,,,spfl-2026,
2026-03-29 14:00:00,Guarulhos Rhynos,42 - 00,Corinthians Steamrollers,SPFL Diamante,https://www.salaooval.com.br/times/Guarulhos-Rhynos/,http://www.salaooval.com.br/times/corinthians-steamrollers/,,,spfl-2026,
2026-03-29 14:00:00,Moura Lacerda Dragons,40 - 07,Tatuapé Monsters,SPFL Diamante,https://www.salaooval.com.br/times/moura-lacerda-dragons,https://www.salaooval.com.br/equipe/tatuape-monsters/,,,spfl-2026,
2026-03-29 14:00:00,São José Jets,21 - 14,Caniballs Football,SPFL Ouro,https://www.salaooval.com.br/equipe/sao-jose-jets/,https://www.salaooval.com.br/equipe/caniballs-football/,,,spfl-2026,
2026-03-29 14:00:00,Avaré Lions,06 - 42,Empyreo Leme Lizards,SPFL Ouro,https://www.salaooval.com.br/equipe/avare-lions/,http://www.salaooval.com.br/times/empyreo-leme-lizards/,,,spfl-2026,
2026-04-05 10:00:00,Vikings FA,38 - 14,Guarani Indians,SPFL Diamante,https://www.salaooval.com.br/equipe/vikings-fa/,http://www.salaooval.com.br/times/guarani-indians/,,,spfl-2026,
2026-04-05 14:00:00,Ocelots FA,07 - 42,Spartans Football,SPFL Diamante,http://www.salaooval.com.br/times/ocelots-fa,http://www.salaooval.com.br/times/spartans-football/,,,spfl-2026,
2026-04-12 10:00:00,Guarulhos Rhynos,09 - 10,Moura Lacerda Dragons,SPFL Diamante,https://www.salaooval.com.br/times/Guarulhos-Rhynos/,https://www.salaooval.com.br/times/moura-lacerda-dragons,,,spfl-2026,
2026-04-12 10:00:00,Krakens Football,42 - 06,Vikings Berserker,SPFL Ouro,https://www.salaooval.com.br/equipe/krakens-football/,https://www.salaooval.com.br/equipe/vikings-berserker/,,,spfl-2026,
2026-04-12 14:00:00,Assis Captains,20 - 38,Avaré Lions,SPFL Ouro,https://www.salaooval.com.br/equipe/assis-captains/,https://www.salaooval.com.br/equipe/avare-lions/,,,spfl-2026,
2026-04-12 14:00:00,Guarás FA,00 - 38,Empyreo Leme Lizards,SPFL Ouro,https://www.salaooval.com.br/equipe/guaras-fa/,http://www.salaooval.com.br/times/empyreo-leme-lizards/,,,spfl-2026,
2026-04-12 14:00:00,Taubaté Football,07 - 03,São José Jets,SPFL Ouro,https://www.salaooval.com.br/equipe/taubate-football/,https://www.salaooval.com.br/equipe/sao-jose-jets/,,,spfl-2026,
2026-04-19 10:00:00,Black Panthers Football,07 - 33,Guarulhos Rhynos 2,SPFL Prata,https://www.salaooval.com.br/equipe/black-panthers-football/,https://www.salaooval.com.br/equipe/guarulhos-rhynos-2/,,,spfl-2026,
2026-04-19 10:00:00,Caraguá Ghostship,24 - 25,Ponte Preta Gorilas,SPFL Prata,https://www.salaooval.com.br/equipe/caragua-ghostship/,https://www.salaooval.com.br/equipe/ponte-preta-gorilas/,,,spfl-2026,
2026-04-19 10:00:00,Spartans Football 2,15 - 14,Piracicaba Cane Cutters,SPFL Prata,https://www.salaooval.com.br/equipe/spartans-football-2/,http://www.salaooval.com.br/times/piracicaba-cane-cutters/,,,spfl-2026,
2026-04-19 14:00:00,Corinthians Steamrollers,10 - 43,Tatuapé Monsters,SPFL Diamante,http://www.salaooval.com.br/times/corinthians-steamrollers/,https://www.salaooval.com.br/equipe/tatuape-monsters/,,,spfl-2026,
2026-04-19 14:00:00,Ocelots FA,25 - 18,Vikings FA,SPFL Diamante,http://www.salaooval.com.br/times/ocelots-fa,https://www.salaooval.com.br/equipe/vikings-fa/,,,spfl-2026,
2026-04-19 14:00:00,Spartans Football,49 - 00,Guarani Indians,SPFL Diamante,http://www.salaooval.com.br/times/spartans-football/,http://www.salaooval.com.br/times/guarani-indians/,,,spfl-2026,
2026-04-26 10:00:00,Assis Captains,13 - 40,Guarás FA,SPFL Ouro,https://www.salaooval.com.br/equipe/assis-captains/,https://www.salaooval.com.br/equipe/guaras-fa/,,,spfl-2026,
2026-04-26 14:00:00,Krakens Football,00 - 31,Caniballs Football,SPFL Ouro,https://www.salaooval.com.br/equipe/krakens-football/,https://www.salaooval.com.br/equipe/caniballs-football/,,,spfl-2026,
2026-04-26 14:00:00,Avaré Lions,14 - 23,Franca Carrascos,SPFL Ouro,https://www.salaooval.com.br/equipe/avare-lions/,https://www.salaooval.com.br/equipe/franca-carrascos/,,,spfl-2026,
2026-05-03 14:00:00,Caraguá Ghostship,29 - 00,Jacareí Red Wolves,SPFL Prata,https://www.salaooval.com.br/equipe/caragua-ghostship/,https://www.salaooval.com.br/equipe/jacarei-red-wolves/,,,spfl-2026,
2026-05-03 14:00:00,Corinthians Steamrollers 2,00 - 25,Ponte Preta Gorilas,SPFL Prata,https://www.salaooval.com.br/equipe/corinthians-steamrollers-2/,https://www.salaooval.com.br/equipe/ponte-preta-gorilas/,,,spfl-2026,
2026-05-09 14:00:00,Franca Carrascos,13 - 27,Empyreo Leme Lizards,SPFL Ouro,https://www.salaooval.com.br/equipe/franca-carrascos/,http://www.salaooval.com.br/times/empyreo-leme-lizards/,,,spfl-2026,
2026-05-17 10:00:00,Taubaté Football,20 - 14,Caniballs Football,SPFL Ouro,https://www.salaooval.com.br/equipe/taubate-football/,https://www.salaooval.com.br/equipe/caniballs-football/,,,spfl-2026,
2026-05-17 10:00:00,Spartans Football 2,10:00:0010:00,Guarulhos Rhynos 2,SPFL Prata,https://www.salaooval.com.br/equipe/spartans-football-2/,https://www.salaooval.com.br/equipe/guarulhos-rhynos-2/,,,spfl-2026,
2026-05-17 14:00:00,São José Jets,45 - 18,Vikings Berserker,SPFL Ouro,https://www.salaooval.com.br/equipe/sao-jose-jets/,https://www.salaooval.com.br/equipe/vikings-berserker/,,,spfl-2026,
2026-05-31 10:00:37,Corinthians Steamrollers 2,32 - 12,Black Panthers Football,,https://www.salaooval.com.br/equipe/corinthians-steamrollers-2/,https://www.salaooval.com.br/equipe/black-panthers-football/,,,spfl-2026,
2026-05-31 10:00:37,Corinthians Steamrollers 2,32 - 12,Black Panthers Football,,https://www.salaooval.com.br/equipe/corinthians-steamrollers-2/,https://www.salaooval.com.br/equipe/black-panthers-football/,,,spfl-2026,
2026-05-31 14:00:41,Guarulhos Rhynos 2,24 - 12,Caraguá Ghostship,,https://www.salaooval.com.br/equipe/guarulhos-rhynos-2/,https://www.salaooval.com.br/equipe/caragua-ghostship/,,,spfl-2026,
2026-05-31 10:00:37,Corinthians Steamrollers 2,32 - 12,Black Panthers Football,,https://www.salaooval.com.br/equipe/corinthians-steamrollers-2/,https://www.salaooval.com.br/equipe/black-panthers-football/,,,spfl-2026,
2026-05-31 14:00:41,Guarulhos Rhynos 2,24 - 12,Caraguá Ghostship,,https://www.salaooval.com.br/equipe/guarulhos-rhynos-2/,https://www.salaooval.com.br/equipe/caragua-ghostship/,,,spfl-2026,
2026-06-21 10:00:11,Guarulhos Rhynos 2,14 - 21,Ponte Preta Gorilas,,https://www.salaooval.com.br/equipe/guarulhos-rhynos-2/,https://www.salaooval.com.br/equipe/ponte-preta-gorilas/,,,spfl-2026,
2026-05-31 10:00:37,Corinthians Steamrollers 2,32 - 12,Black Panthers Football,,https://www.salaooval.com.br/equipe/corinthians-steamrollers-2/,https://www.salaooval.com.br/equipe/black-panthers-football/,,,spfl-2026,
2026-05-31 14:00:41,Guarulhos Rhynos 2,24 - 12,Caraguá Ghostship,,https://www.salaooval.com.br/equipe/guarulhos-rhynos-2/,https://www.salaooval.com.br/equipe/caragua-ghostship/,,,spfl-2026,
2026-06-21 10:00:11,Guarulhos Rhynos 2,14 - 21,Ponte Preta Gorilas,,https://www.salaooval.com.br/equipe/guarulhos-rhynos-2/,https://www.salaooval.com.br/equipe/ponte-preta-gorilas/,,,spfl-2026,
2026-06-21 14:00:15,Piracicaba Cane Cutters,06 - 00,Corinthians Steamrollers 2,,http://www.salaooval.com.br/times/piracicaba-cane-cutters/,https://www.salaooval.com.br/equipe/corinthians-steamrollers-2/,,,spfl-2026,
2026-05-31 10:00:37,Corinthians Steamrollers 2,32 - 12,Black Panthers Football,,https://www.salaooval.com.br/equipe/corinthians-steamrollers-2/,https://www.salaooval.com.br/equipe/black-panthers-football/,,,spfl-2026,
2026-05-31 14:00:41,Guarulhos Rhynos 2,24 - 12,Caraguá Ghostship,,https://www.salaooval.com.br/equipe/guarulhos-rhynos-2/,https://www.salaooval.com.br/equipe/caragua-ghostship/,,,spfl-2026,
2026-06-21 10:00:11,Guarulhos Rhynos 2,14 - 21,Ponte Preta Gorilas,,https://www.salaooval.com.br/equipe/guarulhos-rhynos-2/,https://www.salaooval.com.br/equipe/ponte-preta-gorilas/,,,spfl-2026,
2026-06-21 14:00:15,Piracicaba Cane Cutters,06 - 00,Corinthians Steamrollers 2,,http://www.salaooval.com.br/times/piracicaba-cane-cutters/,https://www.salaooval.com.br/equipe/corinthians-steamrollers-2/,,,spfl-2026,
2026-07-12 10:00:47,Piracicaba Cane Cutters,09 - 06,Ponte Preta Gorilas,,http://www.salaooval.com.br/times/piracicaba-cane-cutters/,https://www.salaooval.com.br/equipe/ponte-preta-gorilas/,,,spfl-2026,
2026-05-31 10:00:37,Corinthians Steamrollers 2,32 - 12,Black Panthers Football,,https://www.salaooval.com.br/equipe/corinthians-steamrollers-2/,https://www.salaooval.com.br/equipe/black-panthers-football/,,,spfl-2026,
2026-05-31 14:00:41,Guarulhos Rhynos 2,24 - 12,Caraguá Ghostship,,https://www.salaooval.com.br/equipe/guarulhos-rhynos-2/,https://www.salaooval.com.br/equipe/caragua-ghostship/,,,spfl-2026,
2026-06-21 10:00:11,Guarulhos Rhynos 2,14 - 21,Ponte Preta Gorilas,,https://www.salaooval.com.br/equipe/guarulhos-rhynos-2/,https://www.salaooval.com.br/equipe/ponte-preta-gorilas/,,,spfl-2026,
2026-06-21 14:00:15,Piracicaba Cane Cutters,06 - 00,Corinthians Steamrollers 2,,http://www.salaooval.com.br/times/piracicaba-cane-cutters/,https://www.salaooval.com.br/equipe/corinthians-steamrollers-2/,,,spfl-2026,
2026-07-12 10:00:47,Piracicaba Cane Cutters,09 - 06,Ponte Preta Gorilas,,http://www.salaooval.com.br/times/piracicaba-cane-cutters/,https://www.salaooval.com.br/equipe/ponte-preta-gorilas/,,,spfl-2026,
2026-06-14 10:00:25,São José Jets,49 - 00,Guarás FA,,https://www.salaooval.com.br/equipe/sao-jose-jets/,https://www.salaooval.com.br/equipe/guaras-fa/,,,spfl-2026,
2026-05-31 10:00:37,Corinthians Steamrollers 2,32 - 12,Black Panthers Football,,https://www.salaooval.com.br/equipe/corinthians-steamrollers-2/,https://www.salaooval.com.br/equipe/black-panthers-football/,,,spfl-2026,
2026-05-31 14:00:41,Guarulhos Rhynos 2,24 - 12,Caraguá Ghostship,,https://www.salaooval.com.br/equipe/guarulhos-rhynos-2/,https://www.salaooval.com.br/equipe/caragua-ghostship/,,,spfl-2026,
2026-06-21 10:00:11,Guarulhos Rhynos 2,14 - 21,Ponte Preta Gorilas,,https://www.salaooval.com.br/equipe/guarulhos-rhynos-2/,https://www.salaooval.com.br/equipe/ponte-preta-gorilas/,,,spfl-2026,
2026-06-21 14:00:15,Piracicaba Cane Cutters,06 - 00,Corinthians Steamrollers 2,,http://www.salaooval.com.br/times/piracicaba-cane-cutters/,https://www.salaooval.com.br/equipe/corinthians-steamrollers-2/,,,spfl-2026,
2026-07-12 10:00:47,Piracicaba Cane Cutters,09 - 06,Ponte Preta Gorilas,,http://www.salaooval.com.br/times/piracicaba-cane-cutters/,https://www.salaooval.com.br/equipe/ponte-preta-gorilas/,,,spfl-2026,
2026-06-14 10:00:25,São José Jets,49 - 00,Guarás FA,,https://www.salaooval.com.br/equipe/sao-jose-jets/,https://www.salaooval.com.br/equipe/guaras-fa/,,,spfl-2026,
2026-06-14 14:00:34,Franca Carrascos,08 - 28,Caniballs Football,,https://www.salaooval.com.br/equipe/franca-carrascos/,https://www.salaooval.com.br/equipe/caniballs-football/,,,spfl-2026,
2026-05-31 10:00:37,Corinthians Steamrollers 2,32 - 12,Black Panthers Football,,https://www.salaooval.com.br/equipe/corinthians-steamrollers-2/,https://www.salaooval.com.br/equipe/black-panthers-football/,,,spfl-2026,
2026-05-31 14:00:41,Guarulhos Rhynos 2,24 - 12,Caraguá Ghostship,,https://www.salaooval.com.br/equipe/guarulhos-rhynos-2/,https://www.salaooval.com.br/equipe/caragua-ghostship/,,,spfl-2026,
2026-06-21 10:00:11,Guarulhos Rhynos 2,14 - 21,Ponte Preta Gorilas,,https://www.salaooval.com.br/equipe/guarulhos-rhynos-2/,https://www.salaooval.com.br/equipe/ponte-preta-gorilas/,,,spfl-2026,
2026-06-21 14:00:15,Piracicaba Cane Cutters,06 - 00,Corinthians Steamrollers 2,,http://www.salaooval.com.br/times/piracicaba-cane-cutters/,https://www.salaooval.com.br/equipe/corinthians-steamrollers-2/,,,spfl-2026,
2026-07-12 10:00:47,Piracicaba Cane Cutters,09 - 06,Ponte Preta Gorilas,,http://www.salaooval.com.br/times/piracicaba-cane-cutters/,https://www.salaooval.com.br/equipe/ponte-preta-gorilas/,,,spfl-2026,
2026-06-14 10:00:25,São José Jets,49 - 00,Guarás FA,,https://www.salaooval.com.br/equipe/sao-jose-jets/,https://www.salaooval.com.br/equipe/guaras-fa/,,,spfl-2026,
2026-06-14 14:00:34,Franca Carrascos,08 - 28,Caniballs Football,,https://www.salaooval.com.br/equipe/franca-carrascos/,https://www.salaooval.com.br/equipe/caniballs-football/,,,spfl-2026,
2026-06-21 10:00:04,Taubaté Football,19 - 06,Caniballs Football,,https://www.salaooval.com.br/equipe/taubate-football/,https://www.salaooval.com.br/equipe/caniballs-football/,,,spfl-2026,
2026-05-31 10:00:37,Corinthians Steamrollers 2,32 - 12,Black Panthers Football,,https://www.salaooval.com.br/equipe/corinthians-steamrollers-2/,https://www.salaooval.com.br/equipe/black-panthers-football/,,,spfl-2026,
2026-05-31 14:00:41,Guarulhos Rhynos 2,24 - 12,Caraguá Ghostship,,https://www.salaooval.com.br/equipe/guarulhos-rhynos-2/,https://www.salaooval.com.br/equipe/caragua-ghostship/,,,spfl-2026,
2026-06-21 10:00:11,Guarulhos Rhynos 2,14 - 21,Ponte Preta Gorilas,,https://www.salaooval.com.br/equipe/guarulhos-rhynos-2/,https://www.salaooval.com.br/equipe/ponte-preta-gorilas/,,,spfl-2026,
2026-06-21 14:00:15,Piracicaba Cane Cutters,06 - 00,Corinthians Steamrollers 2,,http://www.salaooval.com.br/times/piracicaba-cane-cutters/,https://www.salaooval.com.br/equipe/corinthians-steamrollers-2/,,,spfl-2026,
2026-07-12 10:00:47,Piracicaba Cane Cutters,09 - 06,Ponte Preta Gorilas,,http://www.salaooval.com.br/times/piracicaba-cane-cutters/,https://www.salaooval.com.br/equipe/ponte-preta-gorilas/,,,spfl-2026,
2026-06-14 10:00:25,São José Jets,49 - 00,Guarás FA,,https://www.salaooval.com.br/equipe/sao-jose-jets/,https://www.salaooval.com.br/equipe/guaras-fa/,,,spfl-2026,
2026-06-14 14:00:34,Franca Carrascos,08 - 28,Caniballs Football,,https://www.salaooval.com.br/equipe/franca-carrascos/,https://www.salaooval.com.br/equipe/caniballs-football/,,,spfl-2026,
2026-06-21 10:00:04,Taubaté Football,19 - 06,Caniballs Football,,https://www.salaooval.com.br/equipe/taubate-football/,https://www.salaooval.com.br/equipe/caniballs-football/,,,spfl-2026,
2026-06-28 10:00:11,Empyreo Leme Lizards,27 - 22,São José Jets,,http://www.salaooval.com.br/times/empyreo-leme-lizards/,https://www.salaooval.com.br/equipe/sao-jose-jets/,,,spfl-2026,
2026-05-31 10:00:37,Corinthians Steamrollers 2,32 - 12,Black Panthers Football,,https://www.salaooval.com.br/equipe/corinthians-steamrollers-2/,https://www.salaooval.com.br/equipe/black-panthers-football/,,,spfl-2026,
2026-05-31 14:00:41,Guarulhos Rhynos 2,24 - 12,Caraguá Ghostship,,https://www.salaooval.com.br/equipe/guarulhos-rhynos-2/,https://www.salaooval.com.br/equipe/caragua-ghostship/,,,spfl-2026,
2026-06-21 10:00:11,Guarulhos Rhynos 2,14 - 21,Ponte Preta Gorilas,,https://www.salaooval.com.br/equipe/guarulhos-rhynos-2/,https://www.salaooval.com.br/equipe/ponte-preta-gorilas/,,,spfl-2026,
2026-06-21 14:00:15,Piracicaba Cane Cutters,06 - 00,Corinthians Steamrollers 2,,http://www.salaooval.com.br/times/piracicaba-cane-cutters/,https://www.salaooval.com.br/equipe/corinthians-steamrollers-2/,,,spfl-2026,
2026-07-12 10:00:47,Piracicaba Cane Cutters,09 - 06,Ponte Preta Gorilas,,http://www.salaooval.com.br/times/piracicaba-cane-cutters/,https://www.salaooval.com.br/equipe/ponte-preta-gorilas/,,,spfl-2026,
2026-06-14 10:00:25,São José Jets,49 - 00,Guarás FA,,https://www.salaooval.com.br/equipe/sao-jose-jets/,https://www.salaooval.com.br/equipe/guaras-fa/,,,spfl-2026,
2026-06-14 14:00:34,Franca Carrascos,08 - 28,Caniballs Football,,https://www.salaooval.com.br/equipe/franca-carrascos/,https://www.salaooval.com.br/equipe/caniballs-football/,,,spfl-2026,
2026-06-21 10:00:04,Taubaté Football,19 - 06,Caniballs Football,,https://www.salaooval.com.br/equipe/taubate-football/,https://www.salaooval.com.br/equipe/caniballs-football/,,,spfl-2026,
2026-06-28 10:00:11,Empyreo Leme Lizards,27 - 22,São José Jets,,http://www.salaooval.com.br/times/empyreo-leme-lizards/,https://www.salaooval.com.br/equipe/sao-jose-jets/,,,spfl-2026,
2026-07-12 14:00:55,Empyreo Leme Lizards,09 - 27,Taubaté Football,,http://www.salaooval.com.br/times/empyreo-leme-lizards/,https://www.salaooval.com.br/equipe/taubate-football/,,,spfl-2026,
2026-05-31 10:00:37,Corinthians Steamrollers 2,32 - 12,Black Panthers Football,,https://www.salaooval.com.br/equipe/corinthians-steamrollers-2/,https://www.salaooval.com.br/equipe/black-panthers-football/,,,spfl-2026,
2026-05-31 14:00:41,Guarulhos Rhynos 2,24 - 12,Caraguá Ghostship,,https://www.salaooval.com.br/equipe/guarulhos-rhynos-2/,https://www.salaooval.com.br/equipe/caragua-ghostship/,,,spfl-2026,
2026-06-21 10:00:11,Guarulhos Rhynos 2,14 - 21,Ponte Preta Gorilas,,https://www.salaooval.com.br/equipe/guarulhos-rhynos-2/,https://www.salaooval.com.br/equipe/ponte-preta-gorilas/,,,spfl-2026,
2026-06-21 14:00:15,Piracicaba Cane Cutters,06 - 00,Corinthians Steamrollers 2,,http://www.salaooval.com.br/times/piracicaba-cane-cutters/,https://www.salaooval.com.br/equipe/corinthians-steamrollers-2/,,,spfl-2026,
2026-07-12 10:00:47,Piracicaba Cane Cutters,09 - 06,Ponte Preta Gorilas,,http://www.salaooval.com.br/times/piracicaba-cane-cutters/,https://www.salaooval.com.br/equipe/ponte-preta-gorilas/,,,spfl-2026,
2026-06-14 10:00:25,São José Jets,49 - 00,Guarás FA,,https://www.salaooval.com.br/equipe/sao-jose-jets/,https://www.salaooval.com.br/equipe/guaras-fa/,,,spfl-2026,
2026-06-14 14:00:34,Franca Carrascos,08 - 28,Caniballs Football,,https://www.salaooval.com.br/equipe/franca-carrascos/,https://www.salaooval.com.br/equipe/caniballs-football/,,,spfl-2026,
2026-06-21 10:00:04,Taubaté Football,19 - 06,Caniballs Football,,https://www.salaooval.com.br/equipe/taubate-football/,https://www.salaooval.com.br/equipe/caniballs-football/,,,spfl-2026,
2026-06-28 10:00:11,Empyreo Leme Lizards,27 - 22,São José Jets,,http://www.salaooval.com.br/times/empyreo-leme-lizards/,https://www.salaooval.com.br/equipe/sao-jose-jets/,,,spfl-2026,
2026-07-12 14:00:55,Empyreo Leme Lizards,09 - 27,Taubaté Football,,http://www.salaooval.com.br/times/empyreo-leme-lizards/,https://www.salaooval.com.br/equipe/taubate-football/,,,spfl-2026,
2026-05-03 12:30:50,Guarulhos Rhynos,29 - 16,Vikings FA,,https://www.salaooval.com.br/times/Guarulhos-Rhynos/,https://www.salaooval.com.br/equipe/vikings-fa/,,,spfl-2026,
2026-05-31 10:00:37,Corinthians Steamrollers 2,32 - 12,Black Panthers Football,,https://www.salaooval.com.br/equipe/corinthians-steamrollers-2/,https://www.salaooval.com.br/equipe/black-panthers-football/,,,spfl-2026,
2026-05-31 14:00:41,Guarulhos Rhynos 2,24 - 12,Caraguá Ghostship,,https://www.salaooval.com.br/equipe/guarulhos-rhynos-2/,https://www.salaooval.com.br/equipe/caragua-ghostship/,,,spfl-2026,
2026-06-21 10:00:11,Guarulhos Rhynos 2,14 - 21,Ponte Preta Gorilas,,https://www.salaooval.com.br/equipe/guarulhos-rhynos-2/,https://www.salaooval.com.br/equipe/ponte-preta-gorilas/,,,spfl-2026,
2026-06-21 14:00:15,Piracicaba Cane Cutters,06 - 00,Corinthians Steamrollers 2,,http://www.salaooval.com.br/times/piracicaba-cane-cutters/,https://www.salaooval.com.br/equipe/corinthians-steamrollers-2/,,,spfl-2026,
2026-07-12 10:00:47,Piracicaba Cane Cutters,09 - 06,Ponte Preta Gorilas,,http://www.salaooval.com.br/times/piracicaba-cane-cutters/,https://www.salaooval.com.br/equipe/ponte-preta-gorilas/,,,spfl-2026,
2026-06-14 10:00:25,São José Jets,49 - 00,Guarás FA,,https://www.salaooval.com.br/equipe/sao-jose-jets/,https://www.salaooval.com.br/equipe/guaras-fa/,,,spfl-2026,
2026-06-14 14:00:34,Franca Carrascos,08 - 28,Caniballs Football,,https://www.salaooval.com.br/equipe/franca-carrascos/,https://www.salaooval.com.br/equipe/caniballs-football/,,,spfl-2026,
2026-06-21 10:00:04,Taubaté Football,19 - 06,Caniballs Football,,https://www.salaooval.com.br/equipe/taubate-football/,https://www.salaooval.com.br/equipe/caniballs-football/,,,spfl-2026,
2026-06-28 10:00:11,Empyreo Leme Lizards,27 - 22,São José Jets,,http://www.salaooval.com.br/times/empyreo-leme-lizards/,https://www.salaooval.com.br/equipe/sao-jose-jets/,,,spfl-2026,
2026-07-12 14:00:55,Empyreo Leme Lizards,09 - 27,Taubaté Football,,http://www.salaooval.com.br/times/empyreo-leme-lizards/,https://www.salaooval.com.br/equipe/taubate-football/,,,spfl-2026,
2026-05-03 12:30:50,Guarulhos Rhynos,29 - 16,Vikings FA,,https://www.salaooval.com.br/times/Guarulhos-Rhynos/,https://www.salaooval.com.br/equipe/vikings-fa/,,,spfl-2026,
2026-05-03 16:30:48,Tatuapé Monsters,14 - 35,Ocelots FA,,https://www.salaooval.com.br/equipe/tatuape-monsters/,http://www.salaooval.com.br/times/ocelots-fa,,,spfl-2026,
2026-05-31 10:00:37,Corinthians Steamrollers 2,32 - 12,Black Panthers Football,,https://www.salaooval.com.br/equipe/corinthians-steamrollers-2/,https://www.salaooval.com.br/equipe/black-panthers-football/,,,spfl-2026,
2026-05-31 14:00:41,Guarulhos Rhynos 2,24 - 12,Caraguá Ghostship,,https://www.salaooval.com.br/equipe/guarulhos-rhynos-2/,https://www.salaooval.com.br/equipe/caragua-ghostship/,,,spfl-2026,
2026-06-21 10:00:11,Guarulhos Rhynos 2,14 - 21,Ponte Preta Gorilas,,https://www.salaooval.com.br/equipe/guarulhos-rhynos-2/,https://www.salaooval.com.br/equipe/ponte-preta-gorilas/,,,spfl-2026,
2026-06-21 14:00:15,Piracicaba Cane Cutters,06 - 00,Corinthians Steamrollers 2,,http://www.salaooval.com.br/times/piracicaba-cane-cutters/,https://www.salaooval.com.br/equipe/corinthians-steamrollers-2/,,,spfl-2026,
2026-07-12 10:00:47,Piracicaba Cane Cutters,09 - 06,Ponte Preta Gorilas,,http://www.salaooval.com.br/times/piracicaba-cane-cutters/,https://www.salaooval.com.br/equipe/ponte-preta-gorilas/,,,spfl-2026,
2026-06-14 10:00:25,São José Jets,49 - 00,Guarás FA,,https://www.salaooval.com.br/equipe/sao-jose-jets/,https://www.salaooval.com.br/equipe/guaras-fa/,,,spfl-2026,
2026-06-14 14:00:34,Franca Carrascos,08 - 28,Caniballs Football,,https://www.salaooval.com.br/equipe/franca-carrascos/,https://www.salaooval.com.br/equipe/caniballs-football/,,,spfl-2026,
2026-06-21 10:00:04,Taubaté Football,19 - 06,Caniballs Football,,https://www.salaooval.com.br/equipe/taubate-football/,https://www.salaooval.com.br/equipe/caniballs-football/,,,spfl-2026,
2026-06-28 10:00:11,Empyreo Leme Lizards,27 - 22,São José Jets,,http://www.salaooval.com.br/times/empyreo-leme-lizards/,https://www.salaooval.com.br/equipe/sao-jose-jets/,,,spfl-2026,
2026-07-12 14:00:55,Empyreo Leme Lizards,09 - 27,Taubaté Football,,http://www.salaooval.com.br/times/empyreo-leme-lizards/,https://www.salaooval.com.br/equipe/taubate-football/,,,spfl-2026,
2026-05-03 12:30:50,Guarulhos Rhynos,29 - 16,Vikings FA,,https://www.salaooval.com.br/times/Guarulhos-Rhynos/,https://www.salaooval.com.br/equipe/vikings-fa/,,,spfl-2026,
2026-05-03 16:30:48,Tatuapé Monsters,14 - 35,Ocelots FA,,https://www.salaooval.com.br/equipe/tatuape-monsters/,http://www.salaooval.com.br/times/ocelots-fa,,,spfl-2026,
2026-05-24 10:00:24,Moura Lacerda Dragons,40 - 07,Ocelots FA,,https://www.salaooval.com.br/times/moura-lacerda-dragons,http://www.salaooval.com.br/times/ocelots-fa,,,spfl-2026,
2026-05-31 10:00:37,Corinthians Steamrollers 2,32 - 12,Black Panthers Football,,https://www.salaooval.com.br/equipe/corinthians-steamrollers-2/,https://www.salaooval.com.br/equipe/black-panthers-football/,,,spfl-2026,
2026-05-31 14:00:41,Guarulhos Rhynos 2,24 - 12,Caraguá Ghostship,,https://www.salaooval.com.br/equipe/guarulhos-rhynos-2/,https://www.salaooval.com.br/equipe/caragua-ghostship/,,,spfl-2026,
2026-06-21 10:00:11,Guarulhos Rhynos 2,14 - 21,Ponte Preta Gorilas,,https://www.salaooval.com.br/equipe/guarulhos-rhynos-2/,https://www.salaooval.com.br/equipe/ponte-preta-gorilas/,,,spfl-2026,
2026-06-21 14:00:15,Piracicaba Cane Cutters,06 - 00,Corinthians Steamrollers 2,,http://www.salaooval.com.br/times/piracicaba-cane-cutters/,https://www.salaooval.com.br/equipe/corinthians-steamrollers-2/,,,spfl-2026,
2026-07-12 10:00:47,Piracicaba Cane Cutters,09 - 06,Ponte Preta Gorilas,,http://www.salaooval.com.br/times/piracicaba-cane-cutters/,https://www.salaooval.com.br/equipe/ponte-preta-gorilas/,,,spfl-2026,
2026-06-14 10:00:25,São José Jets,49 - 00,Guarás FA,,https://www.salaooval.com.br/equipe/sao-jose-jets/,https://www.salaooval.com.br/equipe/guaras-fa/,,,spfl-2026,
2026-06-14 14:00:34,Franca Carrascos,08 - 28,Caniballs Football,,https://www.salaooval.com.br/equipe/franca-carrascos/,https://www.salaooval.com.br/equipe/caniballs-football/,,,spfl-2026,
2026-06-21 10:00:04,Taubaté Football,19 - 06,Caniballs Football,,https://www.salaooval.com.br/equipe/taubate-football/,https://www.salaooval.com.br/equipe/caniballs-football/,,,spfl-2026,
2026-06-28 10:00:11,Empyreo Leme Lizards,27 - 22,São José Jets,,http://www.salaooval.com.br/times/empyreo-leme-lizards/,https://www.salaooval.com.br/equipe/sao-jose-jets/,,,spfl-2026,
2026-07-12 14:00:55,Empyreo Leme Lizards,09 - 27,Taubaté Football,,http://www.salaooval.com.br/times/empyreo-leme-lizards/,https://www.salaooval.com.br/equipe/taubate-football/,,,spfl-2026,
2026-05-03 12:30:50,Guarulhos Rhynos,29 - 16,Vikings FA,,https://www.salaooval.com.br/times/Guarulhos-Rhynos/,https://www.salaooval.com.br/equipe/vikings-fa/,,,spfl-2026,
2026-05-03 16:30:48,Tatuapé Monsters,14 - 35,Ocelots FA,,https://www.salaooval.com.br/equipe/tatuape-monsters/,http://www.salaooval.com.br/times/ocelots-fa,,,spfl-2026,
2026-05-24 10:00:24,Moura Lacerda Dragons,40 - 07,Ocelots FA,,https://www.salaooval.com.br/times/moura-lacerda-dragons,http://www.salaooval.com.br/times/ocelots-fa,,,spfl-2026,
2026-05-24 14:00:45,Spartans Football,19 - 20,Guarulhos Rhynos,,http://www.salaooval.com.br/times/spartans-football/,https://www.salaooval.com.br/times/Guarulhos-Rhynos/,,,spfl-2026,
2026-05-31 10:00:37,Corinthians Steamrollers 2,32 - 12,Black Panthers Football,,https://www.salaooval.com.br/equipe/corinthians-steamrollers-2/,https://www.salaooval.com.br/equipe/black-panthers-football/,,,spfl-2026,
2026-05-31 14:00:41,Guarulhos Rhynos 2,24 - 12,Caraguá Ghostship,,https://www.salaooval.com.br/equipe/guarulhos-rhynos-2/,https://www.salaooval.com.br/equipe/caragua-ghostship/,,,spfl-2026,
2026-06-21 10:00:11,Guarulhos Rhynos 2,14 - 21,Ponte Preta Gorilas,,https://www.salaooval.com.br/equipe/guarulhos-rhynos-2/,https://www.salaooval.com.br/equipe/ponte-preta-gorilas/,,,spfl-2026,
2026-06-21 14:00:15,Piracicaba Cane Cutters,06 - 00,Corinthians Steamrollers 2,,http://www.salaooval.com.br/times/piracicaba-cane-cutters/,https://www.salaooval.com.br/equipe/corinthians-steamrollers-2/,,,spfl-2026,
2026-07-12 10:00:47,Piracicaba Cane Cutters,09 - 06,Ponte Preta Gorilas,,http://www.salaooval.com.br/times/piracicaba-cane-cutters/,https://www.salaooval.com.br/equipe/ponte-preta-gorilas/,,,spfl-2026,
2026-06-14 10:00:25,São José Jets,49 - 00,Guarás FA,,https://www.salaooval.com.br/equipe/sao-jose-jets/,https://www.salaooval.com.br/equipe/guaras-fa/,,,spfl-2026,
2026-06-14 14:00:34,Franca Carrascos,08 - 28,Caniballs Football,,https://www.salaooval.com.br/equipe/franca-carrascos/,https://www.salaooval.com.br/equipe/caniballs-football/,,,spfl-2026,
2026-06-21 10:00:04,Taubaté Football,19 - 06,Caniballs Football,,https://www.salaooval.com.br/equipe/taubate-football/,https://www.salaooval.com.br/equipe/caniballs-football/,,,spfl-2026,
2026-06-28 10:00:11,Empyreo Leme Lizards,27 - 22,São José Jets,,http://www.salaooval.com.br/times/empyreo-leme-lizards/,https://www.salaooval.com.br/equipe/sao-jose-jets/,,,spfl-2026,
2026-07-12 14:00:55,Empyreo Leme Lizards,09 - 27,Taubaté Football,,http://www.salaooval.com.br/times/empyreo-leme-lizards/,https://www.salaooval.com.br/equipe/taubate-football/,,,spfl-2026,
2026-05-03 12:30:50,Guarulhos Rhynos,29 - 16,Vikings FA,,https://www.salaooval.com.br/times/Guarulhos-Rhynos/,https://www.salaooval.com.br/equipe/vikings-fa/,,,spfl-2026,
2026-05-03 16:30:48,Tatuapé Monsters,14 - 35,Ocelots FA,,https://www.salaooval.com.br/equipe/tatuape-monsters/,http://www.salaooval.com.br/times/ocelots-fa,,,spfl-2026,
2026-05-24 10:00:24,Moura Lacerda Dragons,40 - 07,Ocelots FA,,https://www.salaooval.com.br/times/moura-lacerda-dragons,http://www.salaooval.com.br/times/ocelots-fa,,,spfl-2026,
2026-05-24 14:00:45,Spartans Football,19 - 20,Guarulhos Rhynos,,http://www.salaooval.com.br/times/spartans-football/,https://www.salaooval.com.br/times/Guarulhos-Rhynos/,,,spfl-2026,
2026-06-07 14:00:50,Moura Lacerda Dragons,34 - 21,Guarulhos Rhynos,,https://www.salaooval.com.br/times/moura-lacerda-dragons,https://www.salaooval.com.br/times/Guarulhos-Rhynos/,,,spfl-2026,
2026-03-15 10:00:00,Moura Lacerda Dragons,25 - 06,Corinthians Steamrollers,SPFL Diamante,https://www.salaooval.com.br/times/moura-lacerda-dragons,http://www.salaooval.com.br/times/corinthians-steamrollers/,,,spfl-2026,
2026-03-15 10:00:00,São José Jets,14 - 00,Krakens Football,SPFL Ouro,https://www.salaooval.com.br/equipe/sao-jose-jets/,https://www.salaooval.com.br/equipe/krakens-football/,,,spfl-2026,
2026-03-15 10:00:00,Assis Captains,00 - 38,Franca Carrascos,SPFL Ouro,https://www.salaooval.com.br/equipe/assis-captains/,https://www.salaooval.com.br/equipe/franca-carrascos/,,,spfl-2026,
2026-03-15 14:00:00,Guarulhos Rhynos,49 - 00,Tatuapé Monsters,SPFL Diamante,https://www.salaooval.com.br/times/Guarulhos-Rhynos/,https://www.salaooval.com.br/equipe/tatuape-monsters/,,,spfl-2026,
2026-03-15 14:00:00,Vikings Berserker,21 - 51,Caniballs Football,SPFL Ouro,https://www.salaooval.com.br/equipe/vikings-berserker/,https://www.salaooval.com.br/equipe/caniballs-football/,,,spfl-2026,
2026-03-15 14:00:00,Avaré Lions,07 - 20,Guarás FA,SPFL Ouro,https://www.salaooval.com.br/equipe/avare-lions/,https://www.salaooval.com.br/equipe/guaras-fa/,,,spfl-2026,
2026-03-22 10:00:00,Black Panthers Football,06 - 30,Spartans Football 2,SPFL Prata,https://www.salaooval.com.br/equipe/black-panthers-football/,https://www.salaooval.com.br/equipe/spartans-football-2/,,,spfl-2026,
2026-03-22 10:00:00,Caraguá Ghostship,18 - 00,Corinthians Steamrollers 2,SPFL Prata,https://www.salaooval.com.br/equipe/caragua-ghostship/,https://www.salaooval.com.br/equipe/corinthians-steamrollers-2/,,,spfl-2026,
2026-03-22 14:00:00,Ocelots FA,37 - 00,Guarani Indians,SPFL Diamante,http://www.salaooval.com.br/times/ocelots-fa,http://www.salaooval.com.br/times/guarani-indians/,,,spfl-2026,
2026-03-22 14:00:00,Vikings FA,07 - 14,Spartans Football,SPFL Diamante,https://www.salaooval.com.br/equipe/vikings-fa/,http://www.salaooval.com.br/times/spartans-football/,,,spfl-2026,
2026-03-22 14:00:00,Jacareí Red Wolves,00 - 36,Ponte Preta Gorilas,SPFL Prata,https://www.salaooval.com.br/equipe/jacarei-red-wolves/,https://www.salaooval.com.br/equipe/ponte-preta-gorilas/,,,spfl-2026,
2026-03-29 10:00:00,Taubaté Football,43 - 07,Vikings Berserker,SPFL Ouro,https://www.salaooval.com.br/equipe/taubate-football/,https://www.salaooval.com.br/equipe/vikings-berserker/,,,spfl-2026,
2026-03-29 10:00:00,Guarás FA,07 - 28,Franca Carrascos,SPFL Ouro,https://www.salaooval.com.br/equipe/guaras-fa/,https://www.salaooval.com.br/equipe/franca-carrascos/,,,spfl-2026,
2026-03-29 10:00:00,Guarulhos Rhynos 2,00 - 06,Piracicaba Cane Cutters,SPFL Prata,https://www.salaooval.com.br/equipe/guarulhos-rhynos-2/,http://www.salaooval.com.br/times/piracicaba-cane-cutters/,,,spfl-2026,
2026-03-29 14:00:00,Guarulhos Rhynos,42 - 00,Corinthians Steamrollers,SPFL Diamante,https://www.salaooval.com.br/times/Guarulhos-Rhynos/,http://www.salaooval.com.br/times/corinthians-steamrollers/,,,spfl-2026,
2026-03-29 14:00:00,Moura Lacerda Dragons,40 - 07,Tatuapé Monsters,SPFL Diamante,https://www.salaooval.com.br/times/moura-lacerda-dragons,https://www.salaooval.com.br/equipe/tatuape-monsters/,,,spfl-2026,
2026-03-29 14:00:00,São José Jets,21 - 14,Caniballs Football,SPFL Ouro,https://www.salaooval.com.br/equipe/sao-jose-jets/,https://www.salaooval.com.br/equipe/caniballs-football/,,,spfl-2026,
2026-03-29 14:00:00,Avaré Lions,06 - 42,Empyreo Leme Lizards,SPFL Ouro,https://www.salaooval.com.br/equipe/avare-lions/,http://www.salaooval.com.br/times/empyreo-leme-lizards/,,,spfl-2026,
2026-04-05 10:00:00,Vikings FA,38 - 14,Guarani Indians,SPFL Diamante,https://www.salaooval.com.br/equipe/vikings-fa/,http://www.salaooval.com.br/times/guarani-indians/,,,spfl-2026,
2026-04-05 14:00:00,Ocelots FA,07 - 42,Spartans Football,SPFL Diamante,http://www.salaooval.com.br/times/ocelots-fa,http://www.salaooval.com.br/times/spartans-football/,,,spfl-2026,
2026-04-12 10:00:00,Guarulhos Rhynos,09 - 10,Moura Lacerda Dragons,SPFL Diamante,https://www.salaooval.com.br/times/Guarulhos-Rhynos/,https://www.salaooval.com.br/times/moura-lacerda-dragons,,,spfl-2026,
2026-04-12 10:00:00,Krakens Football,42 - 06,Vikings Berserker,SPFL Ouro,https://www.salaooval.com.br/equipe/krakens-football/,https://www.salaooval.com.br/equipe/vikings-berserker/,,,spfl-2026,
2026-04-12 14:00:00,Assis Captains,20 - 38,Avaré Lions,SPFL Ouro,https://www.salaooval.com.br/equipe/assis-captains/,https://www.salaooval.com.br/equipe/avare-lions/,,,spfl-2026,
2026-04-12 14:00:00,Guarás FA,00 - 38,Empyreo Leme Lizards,SPFL Ouro,https://www.salaooval.com.br/equipe/guaras-fa/,http://www.salaooval.com.br/times/empyreo-leme-lizards/,,,spfl-2026,
2026-04-12 14:00:00,Taubaté Football,07 - 03,São José Jets,SPFL Ouro,https://www.salaooval.com.br/equipe/taubate-football/,https://www.salaooval.com.br/equipe/sao-jose-jets/,,,spfl-2026,
2026-04-19 10:00:00,Black Panthers Football,07 - 33,Guarulhos Rhynos 2,SPFL Prata,https://www.salaooval.com.br/equipe/black-panthers-football/,https://www.salaooval.com.br/equipe/guarulhos-rhynos-2/,,,spfl-2026,
2026-04-19 10:00:00,Caraguá Ghostship,24 - 25,Ponte Preta Gorilas,SPFL Prata,https://www.salaooval.com.br/equipe/caragua-ghostship/,https://www.salaooval.com.br/equipe/ponte-preta-gorilas/,,,spfl-2026,
2026-04-19 10:00:00,Spartans Football 2,15 - 14,Piracicaba Cane Cutters,SPFL Prata,https://www.salaooval.com.br/equipe/spartans-football-2/,http://www.salaooval.com.br/times/piracicaba-cane-cutters/,,,spfl-2026,
2026-04-19 14:00:00,Corinthians Steamrollers,10 - 43,Tatuapé Monsters,SPFL Diamante,http://www.salaooval.com.br/times/corinthians-steamrollers/,https://www.salaooval.com.br/equipe/tatuape-monsters/,,,spfl-2026,
2026-04-19 14:00:00,Ocelots FA,25 - 18,Vikings FA,SPFL Diamante,http://www.salaooval.com.br/times/ocelots-fa,https://www.salaooval.com.br/equipe/vikings-fa/,,,spfl-2026,
2026-04-19 14:00:00,Spartans Football,49 - 00,Guarani Indians,SPFL Diamante,http://www.salaooval.com.br/times/spartans-football/,http://www.salaooval.com.br/times/guarani-indians/,,,spfl-2026,
2026-04-26 10:00:00,Assis Captains,13 - 40,Guarás FA,SPFL Ouro,https://www.salaooval.com.br/equipe/assis-captains/,https://www.salaooval.com.br/equipe/guaras-fa/,,,spfl-2026,
2026-04-26 14:00:00,Krakens Football,00 - 31,Caniballs Football,SPFL Ouro,https://www.salaooval.com.br/equipe/krakens-football/,https://www.salaooval.com.br/equipe/caniballs-football/,,,spfl-2026,
2026-04-26 14:00:00,Avaré Lions,14 - 23,Franca Carrascos,SPFL Ouro,https://www.salaooval.com.br/equipe/avare-lions/,https://www.salaooval.com.br/equipe/franca-carrascos/,,,spfl-2026,
2026-05-03 14:00:00,Caraguá Ghostship,29 - 00,Jacareí Red Wolves,SPFL Prata,https://www.salaooval.com.br/equipe/caragua-ghostship/,https://www.salaooval.com.br/equipe/jacarei-red-wolves/,,,spfl-2026,
2026-05-03 14:00:00,Corinthians Steamrollers 2,00 - 25,Ponte Preta Gorilas,SPFL Prata,https://www.salaooval.com.br/equipe/corinthians-steamrollers-2/,https://www.salaooval.com.br/equipe/ponte-preta-gorilas/,,,spfl-2026,
2026-05-09 14:00:00,Franca Carrascos,13 - 27,Empyreo Leme Lizards,SPFL Ouro,https://www.salaooval.com.br/equipe/franca-carrascos/,http://www.salaooval.com.br/times/empyreo-leme-lizards/,,,spfl-2026,
2026-05-17 10:00:00,Taubaté Football,20 - 14,Caniballs Football,SPFL Ouro,https://www.salaooval.com.br/equipe/taubate-football/,https://www.salaooval.com.br/equipe/caniballs-football/,,,spfl-2026,
2026-05-17 10:00:00,Spartans Football 2,10:00:0010:00,Guarulhos Rhynos 2,SPFL Prata,https://www.salaooval.com.br/equipe/spartans-football-2/,https://www.salaooval.com.br/equipe/guarulhos-rhynos-2/,,,spfl-2026,
2026-05-17 14:00:00,São José Jets,45 - 18,Vikings Berserker,SPFL Ouro,https://www.salaooval.com.br/equipe/sao-jose-jets/,https://www.salaooval.com.br/equipe/vikings-berserker/,,,spfl-2026,
2026-05-31 10:00:37,Corinthians Steamrollers 2,32 - 12,Black Panthers Football,,https://www.salaooval.com.br/equipe/corinthians-steamrollers-2/,https://www.salaooval.com.br/equipe/black-panthers-football/,,,spfl-2026,
2026-05-31 10:00:37,Corinthians Steamrollers 2,32 - 12,Black Panthers Football,,https://www.salaooval.com.br/equipe/corinthians-steamrollers-2/,https://www.salaooval.com.br/equipe/black-panthers-football/,,,spfl-2026,
2026-05-31 14:00:41,Guarulhos Rhynos 2,24 - 12,Caraguá Ghostship,,https://www.salaooval.com.br/equipe/guarulhos-rhynos-2/,https://www.salaooval.com.br/equipe/caragua-ghostship/,,,spfl-2026,
2026-05-31 10:00:37,Corinthians Steamrollers 2,32 - 12,Black Panthers Football,,https://www.salaooval.com.br/equipe/corinthians-steamrollers-2/,https://www.salaooval.com.br/equipe/black-panthers-football/,,,spfl-2026,
2026-05-31 14:00:41,Guarulhos Rhynos 2,24 - 12,Caraguá Ghostship,,https://www.salaooval.com.br/equipe/guarulhos-rhynos-2/,https://www.salaooval.com.br/equipe/caragua-ghostship/,,,spfl-2026,
2026-06-21 10:00:11,Guarulhos Rhynos 2,14 - 21,Ponte Preta Gorilas,,https://www.salaooval.com.br/equipe/guarulhos-rhynos-2/,https://www.salaooval.com.br/equipe/ponte-preta-gorilas/,,,spfl-2026,
2026-05-31 10:00:37,Corinthians Steamrollers 2,32 - 12,Black Panthers Football,,https://www.salaooval.com.br/equipe/corinthians-steamrollers-2/,https://www.salaooval.com.br/equipe/black-panthers-football/,,,spfl-2026,
2026-05-31 14:00:41,Guarulhos Rhynos 2,24 - 12,Caraguá Ghostship,,https://www.salaooval.com.br/equipe/guarulhos-rhynos-2/,https://www.salaooval.com.br/equipe/caragua-ghostship/,,,spfl-2026,
2026-06-21 10:00:11,Guarulhos Rhynos 2,14 - 21,Ponte Preta Gorilas,,https://www.salaooval.com.br/equipe/guarulhos-rhynos-2/,https://www.salaooval.com.br/equipe/ponte-preta-gorilas/,,,spfl-2026,
2026-06-21 14:00:15,Piracicaba Cane Cutters,06 - 00,Corinthians Steamrollers 2,,http://www.salaooval.com.br/times/piracicaba-cane-cutters/,https://www.salaooval.com.br/equipe/corinthians-steamrollers-2/,,,spfl-2026,
2026-05-31 10:00:37,Corinthians Steamrollers 2,32 - 12,Black Panthers Football,,https://www.salaooval.com.br/equipe/corinthians-steamrollers-2/,https://www.salaooval.com.br/equipe/black-panthers-football/,,,spfl-2026,
2026-05-31 14:00:41,Guarulhos Rhynos 2,24 - 12,Caraguá Ghostship,,https://www.salaooval.com.br/equipe/guarulhos-rhynos-2/,https://www.salaooval.com.br/equipe/caragua-ghostship/,,,spfl-2026,
2026-06-21 10:00:11,Guarulhos Rhynos 2,14 - 21,Ponte Preta Gorilas,,https://www.salaooval.com.br/equipe/guarulhos-rhynos-2/,https://www.salaooval.com.br/equipe/ponte-preta-gorilas/,,,spfl-2026,
2026-06-21 14:00:15,Piracicaba Cane Cutters,06 - 00,Corinthians Steamrollers 2,,http://www.salaooval.com.br/times/piracicaba-cane-cutters/,https://www.salaooval.com.br/equipe/corinthians-steamrollers-2/,,,spfl-2026,
2026-07-12 10:00:47,Piracicaba Cane Cutters,09 - 06,Ponte Preta Gorilas,,http://www.salaooval.com.br/times/piracicaba-cane-cutters/,https://www.salaooval.com.br/equipe/ponte-preta-gorilas/,,,spfl-2026,
2026-05-31 10:00:37,Corinthians Steamrollers 2,32 - 12,Black Panthers Football,,https://www.salaooval.com.br/equipe/corinthians-steamrollers-2/,https://www.salaooval.com.br/equipe/black-panthers-football/,,,spfl-2026,
2026-05-31 14:00:41,Guarulhos Rhynos 2,24 - 12,Caraguá Ghostship,,https://www.salaooval.com.br/equipe/guarulhos-rhynos-2/,https://www.salaooval.com.br/equipe/caragua-ghostship/,,,spfl-2026,
2026-06-21 10:00:11,Guarulhos Rhynos 2,14 - 21,Ponte Preta Gorilas,,https://www.salaooval.com.br/equipe/guarulhos-rhynos-2/,https://www.salaooval.com.br/equipe/ponte-preta-gorilas/,,,spfl-2026,
2026-06-21 14:00:15,Piracicaba Cane Cutters,06 - 00,Corinthians Steamrollers 2,,http://www.salaooval.com.br/times/piracicaba-cane-cutters/,https://www.salaooval.com.br/equipe/corinthians-steamrollers-2/,,,spfl-2026,
2026-07-12 10:00:47,Piracicaba Cane Cutters,09 - 06,Ponte Preta Gorilas,,http://www.salaooval.com.br/times/piracicaba-cane-cutters/,https://www.salaooval.com.br/equipe/ponte-preta-gorilas/,,,spfl-2026,
2026-06-14 10:00:25,São José Jets,49 - 00,Guarás FA,,https://www.salaooval.com.br/equipe/sao-jose-jets/,https://www.salaooval.com.br/equipe/guaras-fa/,,,spfl-2026,
2026-05-31 10:00:37,Corinthians Steamrollers 2,32 - 12,Black Panthers Football,,https://www.salaooval.com.br/equipe/corinthians-steamrollers-2/,https://www.salaooval.com.br/equipe/black-panthers-football/,,,spfl-2026,
2026-05-31 14:00:41,Guarulhos Rhynos 2,24 - 12,Caraguá Ghostship,,https://www.salaooval.com.br/equipe/guarulhos-rhynos-2/,https://www.salaooval.com.br/equipe/caragua-ghostship/,,,spfl-2026,
2026-06-21 10:00:11,Guarulhos Rhynos 2,14 - 21,Ponte Preta Gorilas,,https://www.salaooval.com.br/equipe/guarulhos-rhynos-2/,https://www.salaooval.com.br/equipe/ponte-preta-gorilas/,,,spfl-2026,
2026-06-21 14:00:15,Piracicaba Cane Cutters,06 - 00,Corinthians Steamrollers 2,,http://www.salaooval.com.br/times/piracicaba-cane-cutters/,https://www.salaooval.com.br/equipe/corinthians-steamrollers-2/,,,spfl-2026,
2026-07-12 10:00:47,Piracicaba Cane Cutters,09 - 06,Ponte Preta Gorilas,,http://www.salaooval.com.br/times/piracicaba-cane-cutters/,https://www.salaooval.com.br/equipe/ponte-preta-gorilas/,,,spfl-2026,
2026-06-14 10:00:25,São José Jets,49 - 00,Guarás FA,,https://www.salaooval.com.br/equipe/sao-jose-jets/,https://www.salaooval.com.br/equipe/guaras-fa/,,,spfl-2026,
2026-06-14 14:00:34,Franca Carrascos,08 - 28,Caniballs Football,,https://www.salaooval.com.br/equipe/franca-carrascos/,https://www.salaooval.com.br/equipe/caniballs-football/,,,spfl-2026,
2026-05-31 10:00:37,Corinthians Steamrollers 2,32 - 12,Black Panthers Football,,https://www.salaooval.com.br/equipe/corinthians-steamrollers-2/,https://www.salaooval.com.br/equipe/black-panthers-football/,,,spfl-2026,
2026-05-31 14:00:41,Guarulhos Rhynos 2,24 - 12,Caraguá Ghostship,,https://www.salaooval.com.br/equipe/guarulhos-rhynos-2/,https://www.salaooval.com.br/equipe/caragua-ghostship/,,,spfl-2026,
2026-06-21 10:00:11,Guarulhos Rhynos 2,14 - 21,Ponte Preta Gorilas,,https://www.salaooval.com.br/equipe/guarulhos-rhynos-2/,https://www.salaooval.com.br/equipe/ponte-preta-gorilas/,,,spfl-2026,
2026-06-21 14:00:15,Piracicaba Cane Cutters,06 - 00,Corinthians Steamrollers 2,,http://www.salaooval.com.br/times/piracicaba-cane-cutters/,https://www.salaooval.com.br/equipe/corinthians-steamrollers-2/,,,spfl-2026,
2026-07-12 10:00:47,Piracicaba Cane Cutters,09 - 06,Ponte Preta Gorilas,,http://www.salaooval.com.br/times/piracicaba-cane-cutters/,https://www.salaooval.com.br/equipe/ponte-preta-gorilas/,,,spfl-2026,
2026-06-14 10:00:25,São José Jets,49 - 00,Guarás FA,,https://www.salaooval.com.br/equipe/sao-jose-jets/,https://www.salaooval.com.br/equipe/guaras-fa/,,,spfl-2026,
2026-06-14 14:00:34,Franca Carrascos,08 - 28,Caniballs Football,,https://www.salaooval.com.br/equipe/franca-carrascos/,https://www.salaooval.com.br/equipe/caniballs-football/,,,spfl-2026,
2026-06-21 10:00:04,Taubaté Football,19 - 06,Caniballs Football,,https://www.salaooval.com.br/equipe/taubate-football/,https://www.salaooval.com.br/equipe/caniballs-football/,,,spfl-2026,
2026-05-31 10:00:37,Corinthians Steamrollers 2,32 - 12,Black Panthers Football,,https://www.salaooval.com.br/equipe/corinthians-steamrollers-2/,https://www.salaooval.com.br/equipe/black-panthers-football/,,,spfl-2026,
2026-05-31 14:00:41,Guarulhos Rhynos 2,24 - 12,Caraguá Ghostship,,https://www.salaooval.com.br/equipe/guarulhos-rhynos-2/,https://www.salaooval.com.br/equipe/caragua-ghostship/,,,spfl-2026,
2026-06-21 10:00:11,Guarulhos Rhynos 2,14 - 21,Ponte Preta Gorilas,,https://www.salaooval.com.br/equipe/guarulhos-rhynos-2/,https://www.salaooval.com.br/equipe/ponte-preta-gorilas/,,,spfl-2026,
2026-06-21 14:00:15,Piracicaba Cane Cutters,06 - 00,Corinthians Steamrollers 2,,http://www.salaooval.com.br/times/piracicaba-cane-cutters/,https://www.salaooval.com.br/equipe/corinthians-steamrollers-2/,,,spfl-2026,
2026-07-12 10:00:47,Piracicaba Cane Cutters,09 - 06,Ponte Preta Gorilas,,http://www.salaooval.com.br/times/piracicaba-cane-cutters/,https://www.salaooval.com.br/equipe/ponte-preta-gorilas/,,,spfl-2026,
2026-06-14 10:00:25,São José Jets,49 - 00,Guarás FA,,https://www.salaooval.com.br/equipe/sao-jose-jets/,https://www.salaooval.com.br/equipe/guaras-fa/,,,spfl-2026,
2026-06-14 14:00:34,Franca Carrascos,08 - 28,Caniballs Football,,https://www.salaooval.com.br/equipe/franca-carrascos/,https://www.salaooval.com.br/equipe/caniballs-football/,,,spfl-2026,
2026-06-21 10:00:04,Taubaté Football,19 - 06,Caniballs Football,,https://www.salaooval.com.br/equipe/taubate-football/,https://www.salaooval.com.br/equipe/caniballs-football/,,,spfl-2026,
2026-06-28 10:00:11,Empyreo Leme Lizards,27 - 22,São José Jets,,http://www.salaooval.com.br/times/empyreo-leme-lizards/,https://www.salaooval.com.br/equipe/sao-jose-jets/,,,spfl-2026,
2026-05-31 10:00:37,Corinthians Steamrollers 2,32 - 12,Black Panthers Football,,https://www.salaooval.com.br/equipe/corinthians-steamrollers-2/,https://www.salaooval.com.br/equipe/black-panthers-football/,,,spfl-2026,
2026-05-31 14:00:41,Guarulhos Rhynos 2,24 - 12,Caraguá Ghostship,,https://www.salaooval.com.br/equipe/guarulhos-rhynos-2/,https://www.salaooval.com.br/equipe/caragua-ghostship/,,,spfl-2026,
2026-06-21 10:00:11,Guarulhos Rhynos 2,14 - 21,Ponte Preta Gorilas,,https://www.salaooval.com.br/equipe/guarulhos-rhynos-2/,https://www.salaooval.com.br/equipe/ponte-preta-gorilas/,,,spfl-2026,
2026-06-21 14:00:15,Piracicaba Cane Cutters,06 - 00,Corinthians Steamrollers 2,,http://www.salaooval.com.br/times/piracicaba-cane-cutters/,https://www.salaooval.com.br/equipe/corinthians-steamrollers-2/,,,spfl-2026,
2026-07-12 10:00:47,Piracicaba Cane Cutters,09 - 06,Ponte Preta Gorilas,,http://www.salaooval.com.br/times/piracicaba-cane-cutters/,https://www.salaooval.com.br/equipe/ponte-preta-gorilas/,,,spfl-2026,
2026-06-14 10:00:25,São José Jets,49 - 00,Guarás FA,,https://www.salaooval.com.br/equipe/sao-jose-jets/,https://www.salaooval.com.br/equipe/guaras-fa/,,,spfl-2026,
2026-06-14 14:00:34,Franca Carrascos,08 - 28,Caniballs Football,,https://www.salaooval.com.br/equipe/franca-carrascos/,https://www.salaooval.com.br/equipe/caniballs-football/,,,spfl-2026,
2026-06-21 10:00:04,Taubaté Football,19 - 06,Caniballs Football,,https://www.salaooval.com.br/equipe/taubate-football/,https://www.salaooval.com.br/equipe/caniballs-football/,,,spfl-2026,
2026-06-28 10:00:11,Empyreo Leme Lizards,27 - 22,São José Jets,,http://www.salaooval.com.br/times/empyreo-leme-lizards/,https://www.salaooval.com.br/equipe/sao-jose-jets/,,,spfl-2026,
2026-07-12 14:00:55,Empyreo Leme Lizards,09 - 27,Taubaté Football,,http://www.salaooval.com.br/times/empyreo-leme-lizards/,https://www.salaooval.com.br/equipe/taubate-football/,,,spfl-2026,
2026-05-31 10:00:37,Corinthians Steamrollers 2,32 - 12,Black Panthers Football,,https://www.salaooval.com.br/equipe/corinthians-steamrollers-2/,https://www.salaooval.com.br/equipe/black-panthers-football/,,,spfl-2026,
2026-05-31 14:00:41,Guarulhos Rhynos 2,24 - 12,Caraguá Ghostship,,https://www.salaooval.com.br/equipe/guarulhos-rhynos-2/,https://www.salaooval.com.br/equipe/caragua-ghostship/,,,spfl-2026,
2026-06-21 10:00:11,Guarulhos Rhynos 2,14 - 21,Ponte Preta Gorilas,,https://www.salaooval.com.br/equipe/guarulhos-rhynos-2/,https://www.salaooval.com.br/equipe/ponte-preta-gorilas/,,,spfl-2026,
2026-06-21 14:00:15,Piracicaba Cane Cutters,06 - 00,Corinthians Steamrollers 2,,http://www.salaooval.com.br/times/piracicaba-cane-cutters/,https://www.salaooval.com.br/equipe/corinthians-steamrollers-2/,,,spfl-2026,
2026-07-12 10:00:47,Piracicaba Cane Cutters,09 - 06,Ponte Preta Gorilas,,http://www.salaooval.com.br/times/piracicaba-cane-cutters/,https://www.salaooval.com.br/equipe/ponte-preta-gorilas/,,,spfl-2026,
2026-06-14 10:00:25,São José Jets,49 - 00,Guarás FA,,https://www.salaooval.com.br/equipe/sao-jose-jets/,https://www.salaooval.com.br/equipe/guaras-fa/,,,spfl-2026,
2026-06-14 14:00:34,Franca Carrascos,08 - 28,Caniballs Football,,https://www.salaooval.com.br/equipe/franca-carrascos/,https://www.salaooval.com.br/equipe/caniballs-football/,,,spfl-2026,
2026-06-21 10:00:04,Taubaté Football,19 - 06,Caniballs Football,,https://www.salaooval.com.br/equipe/taubate-football/,https://www.salaooval.com.br/equipe/caniballs-football/,,,spfl-2026,
2026-06-28 10:00:11,Empyreo Leme Lizards,27 - 22,São José Jets,,http://www.salaooval.com.br/times/empyreo-leme-lizards/,https://www.salaooval.com.br/equipe/sao-jose-jets/,,,spfl-2026,
2026-07-12 14:00:55,Empyreo Leme Lizards,09 - 27,Taubaté Football,,http://www.salaooval.com.br/times/empyreo-leme-lizards/,https://www.salaooval.com.br/equipe/taubate-football/,,,spfl-2026,
2026-05-03 12:30:50,Guarulhos Rhynos,29 - 16,Vikings FA,,https://www.salaooval.com.br/times/Guarulhos-Rhynos/,https://www.salaooval.com.br/equipe/vikings-fa/,,,spfl-2026,
2026-05-31 10:00:37,Corinthians Steamrollers 2,32 - 12,Black Panthers Football,,https://www.salaooval.com.br/equipe/corinthians-steamrollers-2/,https://www.salaooval.com.br/equipe/black-panthers-football/,,,spfl-2026,
2026-05-31 14:00:41,Guarulhos Rhynos 2,24 - 12,Caraguá Ghostship,,https://www.salaooval.com.br/equipe/guarulhos-rhynos-2/,https://www.salaooval.com.br/equipe/caragua-ghostship/,,,spfl-2026,
2026-06-21 10:00:11,Guarulhos Rhynos 2,14 - 21,Ponte Preta Gorilas,,https://www.salaooval.com.br/equipe/guarulhos-rhynos-2/,https://www.salaooval.com.br/equipe/ponte-preta-gorilas/,,,spfl-2026,
2026-06-21 14:00:15,Piracicaba Cane Cutters,06 - 00,Corinthians Steamrollers 2,,http://www.salaooval.com.br/times/piracicaba-cane-cutters/,https://www.salaooval.com.br/equipe/corinthians-steamrollers-2/,,,spfl-2026,
2026-07-12 10:00:47,Piracicaba Cane Cutters,09 - 06,Ponte Preta Gorilas,,http://www.salaooval.com.br/times/piracicaba-cane-cutters/,https://www.salaooval.com.br/equipe/ponte-preta-gorilas/,,,spfl-2026,
2026-06-14 10:00:25,São José Jets,49 - 00,Guarás FA,,https://www.salaooval.com.br/equipe/sao-jose-jets/,https://www.salaooval.com.br/equipe/guaras-fa/,,,spfl-2026,
2026-06-14 14:00:34,Franca Carrascos,08 - 28,Caniballs Football,,https://www.salaooval.com.br/equipe/franca-carrascos/,https://www.salaooval.com.br/equipe/caniballs-football/,,,spfl-2026,
2026-06-21 10:00:04,Taubaté Football,19 - 06,Caniballs Football,,https://www.salaooval.com.br/equipe/taubate-football/,https://www.salaooval.com.br/equipe/caniballs-football/,,,spfl-2026,
2026-06-28 10:00:11,Empyreo Leme Lizards,27 - 22,São José Jets,,http://www.salaooval.com.br/times/empyreo-leme-lizards/,https://www.salaooval.com.br/equipe/sao-jose-jets/,,,spfl-2026,
2026-07-12 14:00:55,Empyreo Leme Lizards,09 - 27,Taubaté Football,,http://www.salaooval.com.br/times/empyreo-leme-lizards/,https://www.salaooval.com.br/equipe/taubate-football/,,,spfl-2026,
2026-05-03 12:30:50,Guarulhos Rhynos,29 - 16,Vikings FA,,https://www.salaooval.com.br/times/Guarulhos-Rhynos/,https://www.salaooval.com.br/equipe/vikings-fa/,,,spfl-2026,
2026-05-03 16:30:48,Tatuapé Monsters,14 - 35,Ocelots FA,,https://www.salaooval.com.br/equipe/tatuape-monsters/,http://www.salaooval.com.br/times/ocelots-fa,,,spfl-2026,
2026-05-31 10:00:37,Corinthians Steamrollers 2,32 - 12,Black Panthers Football,,https://www.salaooval.com.br/equipe/corinthians-steamrollers-2/,https://www.salaooval.com.br/equipe/black-panthers-football/,,,spfl-2026,
2026-05-31 14:00:41,Guarulhos Rhynos 2,24 - 12,Caraguá Ghostship,,https://www.salaooval.com.br/equipe/guarulhos-rhynos-2/,https://www.salaooval.com.br/equipe/caragua-ghostship/,,,spfl-2026,
2026-06-21 10:00:11,Guarulhos Rhynos 2,14 - 21,Ponte Preta Gorilas,,https://www.salaooval.com.br/equipe/guarulhos-rhynos-2/,https://www.salaooval.com.br/equipe/ponte-preta-gorilas/,,,spfl-2026,
2026-06-21 14:00:15,Piracicaba Cane Cutters,06 - 00,Corinthians Steamrollers 2,,http://www.salaooval.com.br/times/piracicaba-cane-cutters/,https://www.salaooval.com.br/equipe/corinthians-steamrollers-2/,,,spfl-2026,
2026-07-12 10:00:47,Piracicaba Cane Cutters,09 - 06,Ponte Preta Gorilas,,http://www.salaooval.com.br/times/piracicaba-cane-cutters/,https://www.salaooval.com.br/equipe/ponte-preta-gorilas/,,,spfl-2026,
2026-06-14 10:00:25,São José Jets,49 - 00,Guarás FA,,https://www.salaooval.com.br/equipe/sao-jose-jets/,https://www.salaooval.com.br/equipe/guaras-fa/,,,spfl-2026,
2026-06-14 14:00:34,Franca Carrascos,08 - 28,Caniballs Football,,https://www.salaooval.com.br/equipe/franca-carrascos/,https://www.salaooval.com.br/equipe/caniballs-football/,,,spfl-2026,
2026-06-21 10:00:04,Taubaté Football,19 - 06,Caniballs Football,,https://www.salaooval.com.br/equipe/taubate-football/,https://www.salaooval.com.br/equipe/caniballs-football/,,,spfl-2026,
2026-06-28 10:00:11,Empyreo Leme Lizards,27 - 22,São José Jets,,http://www.salaooval.com.br/times/empyreo-leme-lizards/,https://www.salaooval.com.br/equipe/sao-jose-jets/,,,spfl-2026,
2026-07-12 14:00:55,Empyreo Leme Lizards,09 - 27,Taubaté Football,,http://www.salaooval.com.br/times/empyreo-leme-lizards/,https://www.salaooval.com.br/equipe/taubate-football/,,,spfl-2026,
2026-05-03 12:30:50,Guarulhos Rhynos,29 - 16,Vikings FA,,https://www.salaooval.com.br/times/Guarulhos-Rhynos/,https://www.salaooval.com.br/equipe/vikings-fa/,,,spfl-2026,
2026-05-03 16:30:48,Tatuapé Monsters,14 - 35,Ocelots FA,,https://www.salaooval.com.br/equipe/tatuape-monsters/,http://www.salaooval.com.br/times/ocelots-fa,,,spfl-2026,
2026-05-24 10:00:24,Moura Lacerda Dragons,40 - 07,Ocelots FA,,https://www.salaooval.com.br/times/moura-lacerda-dragons,http://www.salaooval.com.br/times/ocelots-fa,,,spfl-2026,
2026-05-31 10:00:37,Corinthians Steamrollers 2,32 - 12,Black Panthers Football,,https://www.salaooval.com.br/equipe/corinthians-steamrollers-2/,https://www.salaooval.com.br/equipe/black-panthers-football/,,,spfl-2026,
2026-05-31 14:00:41,Guarulhos Rhynos 2,24 - 12,Caraguá Ghostship,,https://www.salaooval.com.br/equipe/guarulhos-rhynos-2/,https://www.salaooval.com.br/equipe/caragua-ghostship/,,,spfl-2026,
2026-06-21 10:00:11,Guarulhos Rhynos 2,14 - 21,Ponte Preta Gorilas,,https://www.salaooval.com.br/equipe/guarulhos-rhynos-2/,https://www.salaooval.com.br/equipe/ponte-preta-gorilas/,,,spfl-2026,
2026-06-21 14:00:15,Piracicaba Cane Cutters,06 - 00,Corinthians Steamrollers 2,,http://www.salaooval.com.br/times/piracicaba-cane-cutters/,https://www.salaooval.com.br/equipe/corinthians-steamrollers-2/,,,spfl-2026,
2026-07-12 10:00:47,Piracicaba Cane Cutters,09 - 06,Ponte Preta Gorilas,,http://www.salaooval.com.br/times/piracicaba-cane-cutters/,https://www.salaooval.com.br/equipe/ponte-preta-gorilas/,,,spfl-2026,
2026-06-14 10:00:25,São José Jets,49 - 00,Guarás FA,,https://www.salaooval.com.br/equipe/sao-jose-jets/,https://www.salaooval.com.br/equipe/guaras-fa/,,,spfl-2026,
2026-06-14 14:00:34,Franca Carrascos,08 - 28,Caniballs Football,,https://www.salaooval.com.br/equipe/franca-carrascos/,https://www.salaooval.com.br/equipe/caniballs-football/,,,spfl-2026,
2026-06-21 10:00:04,Taubaté Football,19 - 06,Caniballs Football,,https://www.salaooval.com.br/equipe/taubate-football/,https://www.salaooval.com.br/equipe/caniballs-football/,,,spfl-2026,
2026-06-28 10:00:11,Empyreo Leme Lizards,27 - 22,São José Jets,,http://www.salaooval.com.br/times/empyreo-leme-lizards/,https://www.salaooval.com.br/equipe/sao-jose-jets/,,,spfl-2026,
2026-07-12 14:00:55,Empyreo Leme Lizards,09 - 27,Taubaté Football,,http://www.salaooval.com.br/times/empyreo-leme-lizards/,https://www.salaooval.com.br/equipe/taubate-football/,,,spfl-2026,
2026-05-03 12:30:50,Guarulhos Rhynos,29 - 16,Vikings FA,,https://www.salaooval.com.br/times/Guarulhos-Rhynos/,https://www.salaooval.com.br/equipe/vikings-fa/,,,spfl-2026,
2026-05-03 16:30:48,Tatuapé Monsters,14 - 35,Ocelots FA,,https://www.salaooval.com.br/equipe/tatuape-monsters/,http://www.salaooval.com.br/times/ocelots-fa,,,spfl-2026,
2026-05-24 10:00:24,Moura Lacerda Dragons,40 - 07,Ocelots FA,,https://www.salaooval.com.br/times/moura-lacerda-dragons,http://www.salaooval.com.br/times/ocelots-fa,,,spfl-2026,
2026-05-24 14:00:45,Spartans Football,19 - 20,Guarulhos Rhynos,,http://www.salaooval.com.br/times/spartans-football/,https://www.salaooval.com.br/times/Guarulhos-Rhynos/,,,spfl-2026,
2026-05-31 10:00:37,Corinthians Steamrollers 2,32 - 12,Black Panthers Football,,https://www.salaooval.com.br/equipe/corinthians-steamrollers-2/,https://www.salaooval.com.br/equipe/black-panthers-football/,,,spfl-2026,
2026-05-31 14:00:41,Guarulhos Rhynos 2,24 - 12,Caraguá Ghostship,,https://www.salaooval.com.br/equipe/guarulhos-rhynos-2/,https://www.salaooval.com.br/equipe/caragua-ghostship/,,,spfl-2026,
2026-06-21 10:00:11,Guarulhos Rhynos 2,14 - 21,Ponte Preta Gorilas,,https://www.salaooval.com.br/equipe/guarulhos-rhynos-2/,https://www.salaooval.com.br/equipe/ponte-preta-gorilas/,,,spfl-2026,
2026-06-21 14:00:15,Piracicaba Cane Cutters,06 - 00,Corinthians Steamrollers 2,,http://www.salaooval.com.br/times/piracicaba-cane-cutters/,https://www.salaooval.com.br/equipe/corinthians-steamrollers-2/,,,spfl-2026,
2026-07-12 10:00:47,Piracicaba Cane Cutters,09 - 06,Ponte Preta Gorilas,,http://www.salaooval.com.br/times/piracicaba-cane-cutters/,https://www.salaooval.com.br/equipe/ponte-preta-gorilas/,,,spfl-2026,
2026-06-14 10:00:25,São José Jets,49 - 00,Guarás FA,,https://www.salaooval.com.br/equipe/sao-jose-jets/,https://www.salaooval.com.br/equipe/guaras-fa/,,,spfl-2026,
2026-06-14 14:00:34,Franca Carrascos,08 - 28,Caniballs Football,,https://www.salaooval.com.br/equipe/franca-carrascos/,https://www.salaooval.com.br/equipe/caniballs-football/,,,spfl-2026,
2026-06-21 10:00:04,Taubaté Football,19 - 06,Caniballs Football,,https://www.salaooval.com.br/equipe/taubate-football/,https://www.salaooval.com.br/equipe/caniballs-football/,,,spfl-2026,
2026-06-28 10:00:11,Empyreo Leme Lizards,27 - 22,São José Jets,,http://www.salaooval.com.br/times/empyreo-leme-lizards/,https://www.salaooval.com.br/equipe/sao-jose-jets/,,,spfl-2026,
2026-07-12 14:00:55,Empyreo Leme Lizards,09 - 27,Taubaté Football,,http://www.salaooval.com.br/times/empyreo-leme-lizards/,https://www.salaooval.com.br/equipe/taubate-football/,,,spfl-2026,
2026-05-03 12:30:50,Guarulhos Rhynos,29 - 16,Vikings FA,,https://www.salaooval.com.br/times/Guarulhos-Rhynos/,https://www.salaooval.com.br/equipe/vikings-fa/,,,spfl-2026,
2026-05-03 16:30:48,Tatuapé Monsters,14 - 35,Ocelots FA,,https://www.salaooval.com.br/equipe/tatuape-monsters/,http://www.salaooval.com.br/times/ocelots-fa,,,spfl-2026,
2026-05-24 10:00:24,Moura Lacerda Dragons,40 - 07,Ocelots FA,,https://www.salaooval.com.br/times/moura-lacerda-dragons,http://www.salaooval.com.br/times/ocelots-fa,,,spfl-2026,
2026-05-24 14:00:45,Spartans Football,19 - 20,Guarulhos Rhynos,,http://www.salaooval.com.br/times/spartans-football/,https://www.salaooval.com.br/times/Guarulhos-Rhynos/,,,spfl-2026,
2026-06-07 14:00:50,Moura Lacerda Dragons,34 - 21,Guarulhos Rhynos,,https://www.salaooval.com.br/times/moura-lacerda-dragons,https://www.salaooval.com.br/times/Guarulhos-Rhynos/,,,spfl-2026,
2026-05-17 14:00:00,Black Panthers Football,03 - 14,Piracicaba Cane Cutters,SPFL Prata,https://www.salaooval.com.br/equipe/black-panthers-football/,http://www.salaooval.com.br/times/piracicaba-cane-cutters/,,,spfl-2026,
2026-05-17 14:00:00,Jacareí Red Wolves,13 - 32,Corinthians Steamrollers 2,SPFL Prata,https://www.salaooval.com.br/equipe/jacarei-red-wolves/,https://www.salaooval.com.br/equipe/corinthians-steamrollers-2/,,,spfl-2026,
2026-05-24 10:10:14,Empyreo Leme Lizards,39 - 07,Assis Captains,SPFL Ouro,http://www.salaooval.com.br/times/empyreo-leme-lizards/,https://www.salaooval.com.br/equipe/assis-captains/,,,spfl-2026,
2026-05-24 14:00:00,Taubaté Football,06 - 19,Krakens Football,SPFL Ouro,https://www.salaooval.com.br/equipe/taubate-football/,https://www.salaooval.com.br/equipe/krakens-football/,,,spfl-2026,
2026-05-31 10:00:37,Corinthians Steamrollers 2,32 - 12,Black Panthers Football,,https://www.salaooval.com.br/equipe/corinthians-steamrollers-2/,https://www.salaooval.com.br/equipe/black-panthers-football/,,,spfl-2026,
2026-05-31 10:00:37,Corinthians Steamrollers 2,32 - 12,Black Panthers Football,,https://www.salaooval.com.br/equipe/corinthians-steamrollers-2/,https://www.salaooval.com.br/equipe/black-panthers-football/,,,spfl-2026,
2026-05-31 14:00:41,Guarulhos Rhynos 2,24 - 12,Caraguá Ghostship,,https://www.salaooval.com.br/equipe/guarulhos-rhynos-2/,https://www.salaooval.com.br/equipe/caragua-ghostship/,,,spfl-2026,
2026-05-31 10:00:37,Corinthians Steamrollers 2,32 - 12,Black Panthers Football,,https://www.salaooval.com.br/equipe/corinthians-steamrollers-2/,https://www.salaooval.com.br/equipe/black-panthers-football/,,,spfl-2026,
2026-05-31 14:00:41,Guarulhos Rhynos 2,24 - 12,Caraguá Ghostship,,https://www.salaooval.com.br/equipe/guarulhos-rhynos-2/,https://www.salaooval.com.br/equipe/caragua-ghostship/,,,spfl-2026,
2026-06-21 10:00:11,Guarulhos Rhynos 2,14 - 21,Ponte Preta Gorilas,,https://www.salaooval.com.br/equipe/guarulhos-rhynos-2/,https://www.salaooval.com.br/equipe/ponte-preta-gorilas/,,,spfl-2026,
2026-05-31 10:00:37,Corinthians Steamrollers 2,32 - 12,Black Panthers Football,,https://www.salaooval.com.br/equipe/corinthians-steamrollers-2/,https://www.salaooval.com.br/equipe/black-panthers-football/,,,spfl-2026,
2026-05-31 14:00:41,Guarulhos Rhynos 2,24 - 12,Caraguá Ghostship,,https://www.salaooval.com.br/equipe/guarulhos-rhynos-2/,https://www.salaooval.com.br/equipe/caragua-ghostship/,,,spfl-2026,
2026-06-21 10:00:11,Guarulhos Rhynos 2,14 - 21,Ponte Preta Gorilas,,https://www.salaooval.com.br/equipe/guarulhos-rhynos-2/,https://www.salaooval.com.br/equipe/ponte-preta-gorilas/,,,spfl-2026,
2026-06-21 14:00:15,Piracicaba Cane Cutters,06 - 00,Corinthians Steamrollers 2,,http://www.salaooval.com.br/times/piracicaba-cane-cutters/,https://www.salaooval.com.br/equipe/corinthians-steamrollers-2/,,,spfl-2026,
2026-05-31 10:00:37,Corinthians Steamrollers 2,32 - 12,Black Panthers Football,,https://www.salaooval.com.br/equipe/corinthians-steamrollers-2/,https://www.salaooval.com.br/equipe/black-panthers-football/,,,spfl-2026,
2026-05-31 14:00:41,Guarulhos Rhynos 2,24 - 12,Caraguá Ghostship,,https://www.salaooval.com.br/equipe/guarulhos-rhynos-2/,https://www.salaooval.com.br/equipe/caragua-ghostship/,,,spfl-2026,
2026-06-21 10:00:11,Guarulhos Rhynos 2,14 - 21,Ponte Preta Gorilas,,https://www.salaooval.com.br/equipe/guarulhos-rhynos-2/,https://www.salaooval.com.br/equipe/ponte-preta-gorilas/,,,spfl-2026,
2026-06-21 14:00:15,Piracicaba Cane Cutters,06 - 00,Corinthians Steamrollers 2,,http://www.salaooval.com.br/times/piracicaba-cane-cutters/,https://www.salaooval.com.br/equipe/corinthians-steamrollers-2/,,,spfl-2026,
2026-07-12 10:00:47,Piracicaba Cane Cutters,09 - 06,Ponte Preta Gorilas,,http://www.salaooval.com.br/times/piracicaba-cane-cutters/,https://www.salaooval.com.br/equipe/ponte-preta-gorilas/,,,spfl-2026,
2026-05-31 10:00:37,Corinthians Steamrollers 2,32 - 12,Black Panthers Football,,https://www.salaooval.com.br/equipe/corinthians-steamrollers-2/,https://www.salaooval.com.br/equipe/black-panthers-football/,,,spfl-2026,
2026-05-31 14:00:41,Guarulhos Rhynos 2,24 - 12,Caraguá Ghostship,,https://www.salaooval.com.br/equipe/guarulhos-rhynos-2/,https://www.salaooval.com.br/equipe/caragua-ghostship/,,,spfl-2026,
2026-06-21 10:00:11,Guarulhos Rhynos 2,14 - 21,Ponte Preta Gorilas,,https://www.salaooval.com.br/equipe/guarulhos-rhynos-2/,https://www.salaooval.com.br/equipe/ponte-preta-gorilas/,,,spfl-2026,
2026-06-21 14:00:15,Piracicaba Cane Cutters,06 - 00,Corinthians Steamrollers 2,,http://www.salaooval.com.br/times/piracicaba-cane-cutters/,https://www.salaooval.com.br/equipe/corinthians-steamrollers-2/,,,spfl-2026,
2026-07-12 10:00:47,Piracicaba Cane Cutters,09 - 06,Ponte Preta Gorilas,,http://www.salaooval.com.br/times/piracicaba-cane-cutters/,https://www.salaooval.com.br/equipe/ponte-preta-gorilas/,,,spfl-2026,
2026-06-14 10:00:25,São José Jets,49 - 00,Guarás FA,,https://www.salaooval.com.br/equipe/sao-jose-jets/,https://www.salaooval.com.br/equipe/guaras-fa/,,,spfl-2026,
2026-05-31 10:00:37,Corinthians Steamrollers 2,32 - 12,Black Panthers Football,,https://www.salaooval.com.br/equipe/corinthians-steamrollers-2/,https://www.salaooval.com.br/equipe/black-panthers-football/,,,spfl-2026,
2026-05-31 14:00:41,Guarulhos Rhynos 2,24 - 12,Caraguá Ghostship,,https://www.salaooval.com.br/equipe/guarulhos-rhynos-2/,https://www.salaooval.com.br/equipe/caragua-ghostship/,,,spfl-2026,
2026-06-21 10:00:11,Guarulhos Rhynos 2,14 - 21,Ponte Preta Gorilas,,https://www.salaooval.com.br/equipe/guarulhos-rhynos-2/,https://www.salaooval.com.br/equipe/ponte-preta-gorilas/,,,spfl-2026,
2026-06-21 14:00:15,Piracicaba Cane Cutters,06 - 00,Corinthians Steamrollers 2,,http://www.salaooval.com.br/times/piracicaba-cane-cutters/,https://www.salaooval.com.br/equipe/corinthians-steamrollers-2/,,,spfl-2026,
2026-07-12 10:00:47,Piracicaba Cane Cutters,09 - 06,Ponte Preta Gorilas,,http://www.salaooval.com.br/times/piracicaba-cane-cutters/,https://www.salaooval.com.br/equipe/ponte-preta-gorilas/,,,spfl-2026,
2026-06-14 10:00:25,São José Jets,49 - 00,Guarás FA,,https://www.salaooval.com.br/equipe/sao-jose-jets/,https://www.salaooval.com.br/equipe/guaras-fa/,,,spfl-2026,
2026-06-14 14:00:34,Franca Carrascos,08 - 28,Caniballs Football,,https://www.salaooval.com.br/equipe/franca-carrascos/,https://www.salaooval.com.br/equipe/caniballs-football/,,,spfl-2026,
2026-05-31 10:00:37,Corinthians Steamrollers 2,32 - 12,Black Panthers Football,,https://www.salaooval.com.br/equipe/corinthians-steamrollers-2/,https://www.salaooval.com.br/equipe/black-panthers-football/,,,spfl-2026,
2026-05-31 14:00:41,Guarulhos Rhynos 2,24 - 12,Caraguá Ghostship,,https://www.salaooval.com.br/equipe/guarulhos-rhynos-2/,https://www.salaooval.com.br/equipe/caragua-ghostship/,,,spfl-2026,
2026-06-21 10:00:11,Guarulhos Rhynos 2,14 - 21,Ponte Preta Gorilas,,https://www.salaooval.com.br/equipe/guarulhos-rhynos-2/,https://www.salaooval.com.br/equipe/ponte-preta-gorilas/,,,spfl-2026,
2026-06-21 14:00:15,Piracicaba Cane Cutters,06 - 00,Corinthians Steamrollers 2,,http://www.salaooval.com.br/times/piracicaba-cane-cutters/,https://www.salaooval.com.br/equipe/corinthians-steamrollers-2/,,,spfl-2026,
2026-07-12 10:00:47,Piracicaba Cane Cutters,09 - 06,Ponte Preta Gorilas,,http://www.salaooval.com.br/times/piracicaba-cane-cutters/,https://www.salaooval.com.br/equipe/ponte-preta-gorilas/,,,spfl-2026,
2026-06-14 10:00:25,São José Jets,49 - 00,Guarás FA,,https://www.salaooval.com.br/equipe/sao-jose-jets/,https://www.salaooval.com.br/equipe/guaras-fa/,,,spfl-2026,
2026-06-14 14:00:34,Franca Carrascos,08 - 28,Caniballs Football,,https://www.salaooval.com.br/equipe/franca-carrascos/,https://www.salaooval.com.br/equipe/caniballs-football/,,,spfl-2026,
2026-06-21 10:00:04,Taubaté Football,19 - 06,Caniballs Football,,https://www.salaooval.com.br/equipe/taubate-football/,https://www.salaooval.com.br/equipe/caniballs-football/,,,spfl-2026,
2026-05-31 10:00:37,Corinthians Steamrollers 2,32 - 12,Black Panthers Football,,https://www.salaooval.com.br/equipe/corinthians-steamrollers-2/,https://www.salaooval.com.br/equipe/black-panthers-football/,,,spfl-2026,
2026-05-31 14:00:41,Guarulhos Rhynos 2,24 - 12,Caraguá Ghostship,,https://www.salaooval.com.br/equipe/guarulhos-rhynos-2/,https://www.salaooval.com.br/equipe/caragua-ghostship/,,,spfl-2026,
2026-06-21 10:00:11,Guarulhos Rhynos 2,14 - 21,Ponte Preta Gorilas,,https://www.salaooval.com.br/equipe/guarulhos-rhynos-2/,https://www.salaooval.com.br/equipe/ponte-preta-gorilas/,,,spfl-2026,
2026-06-21 14:00:15,Piracicaba Cane Cutters,06 - 00,Corinthians Steamrollers 2,,http://www.salaooval.com.br/times/piracicaba-cane-cutters/,https://www.salaooval.com.br/equipe/corinthians-steamrollers-2/,,,spfl-2026,
2026-07-12 10:00:47,Piracicaba Cane Cutters,09 - 06,Ponte Preta Gorilas,,http://www.salaooval.com.br/times/piracicaba-cane-cutters/,https://www.salaooval.com.br/equipe/ponte-preta-gorilas/,,,spfl-2026,
2026-06-14 10:00:25,São José Jets,49 - 00,Guarás FA,,https://www.salaooval.com.br/equipe/sao-jose-jets/,https://www.salaooval.com.br/equipe/guaras-fa/,,,spfl-2026,
2026-06-14 14:00:34,Franca Carrascos,08 - 28,Caniballs Football,,https://www.salaooval.com.br/equipe/franca-carrascos/,https://www.salaooval.com.br/equipe/caniballs-football/,,,spfl-2026,
2026-06-21 10:00:04,Taubaté Football,19 - 06,Caniballs Football,,https://www.salaooval.com.br/equipe/taubate-football/,https://www.salaooval.com.br/equipe/caniballs-football/,,,spfl-2026,
2026-06-28 10:00:11,Empyreo Leme Lizards,27 - 22,São José Jets,,http://www.salaooval.com.br/times/empyreo-leme-lizards/,https://www.salaooval.com.br/equipe/sao-jose-jets/,,,spfl-2026,
2026-05-31 10:00:37,Corinthians Steamrollers 2,32 - 12,Black Panthers Football,,https://www.salaooval.com.br/equipe/corinthians-steamrollers-2/,https://www.salaooval.com.br/equipe/black-panthers-football/,,,spfl-2026,
2026-05-31 14:00:41,Guarulhos Rhynos 2,24 - 12,Caraguá Ghostship,,https://www.salaooval.com.br/equipe/guarulhos-rhynos-2/,https://www.salaooval.com.br/equipe/caragua-ghostship/,,,spfl-2026,
2026-06-21 10:00:11,Guarulhos Rhynos 2,14 - 21,Ponte Preta Gorilas,,https://www.salaooval.com.br/equipe/guarulhos-rhynos-2/,https://www.salaooval.com.br/equipe/ponte-preta-gorilas/,,,spfl-2026,
2026-06-21 14:00:15,Piracicaba Cane Cutters,06 - 00,Corinthians Steamrollers 2,,http://www.salaooval.com.br/times/piracicaba-cane-cutters/,https://www.salaooval.com.br/equipe/corinthians-steamrollers-2/,,,spfl-2026,
2026-07-12 10:00:47,Piracicaba Cane Cutters,09 - 06,Ponte Preta Gorilas,,http://www.salaooval.com.br/times/piracicaba-cane-cutters/,https://www.salaooval.com.br/equipe/ponte-preta-gorilas/,,,spfl-2026,
2026-06-14 10:00:25,São José Jets,49 - 00,Guarás FA,,https://www.salaooval.com.br/equipe/sao-jose-jets/,https://www.salaooval.com.br/equipe/guaras-fa/,,,spfl-2026,
2026-06-14 14:00:34,Franca Carrascos,08 - 28,Caniballs Football,,https://www.salaooval.com.br/equipe/franca-carrascos/,https://www.salaooval.com.br/equipe/caniballs-football/,,,spfl-2026,
2026-06-21 10:00:04,Taubaté Football,19 - 06,Caniballs Football,,https://www.salaooval.com.br/equipe/taubate-football/,https://www.salaooval.com.br/equipe/caniballs-football/,,,spfl-2026,
2026-06-28 10:00:11,Empyreo Leme Lizards,27 - 22,São José Jets,,http://www.salaooval.com.br/times/empyreo-leme-lizards/,https://www.salaooval.com.br/equipe/sao-jose-jets/,,,spfl-2026,
2026-07-12 14:00:55,Empyreo Leme Lizards,09 - 27,Taubaté Football,,http://www.salaooval.com.br/times/empyreo-leme-lizards/,https://www.salaooval.com.br/equipe/taubate-football/,,,spfl-2026,
2026-05-31 10:00:37,Corinthians Steamrollers 2,32 - 12,Black Panthers Football,,https://www.salaooval.com.br/equipe/corinthians-steamrollers-2/,https://www.salaooval.com.br/equipe/black-panthers-football/,,,spfl-2026,
2026-05-31 14:00:41,Guarulhos Rhynos 2,24 - 12,Caraguá Ghostship,,https://www.salaooval.com.br/equipe/guarulhos-rhynos-2/,https://www.salaooval.com.br/equipe/caragua-ghostship/,,,spfl-2026,
2026-06-21 10:00:11,Guarulhos Rhynos 2,14 - 21,Ponte Preta Gorilas,,https://www.salaooval.com.br/equipe/guarulhos-rhynos-2/,https://www.salaooval.com.br/equipe/ponte-preta-gorilas/,,,spfl-2026,
2026-06-21 14:00:15,Piracicaba Cane Cutters,06 - 00,Corinthians Steamrollers 2,,http://www.salaooval.com.br/times/piracicaba-cane-cutters/,https://www.salaooval.com.br/equipe/corinthians-steamrollers-2/,,,spfl-2026,
2026-07-12 10:00:47,Piracicaba Cane Cutters,09 - 06,Ponte Preta Gorilas,,http://www.salaooval.com.br/times/piracicaba-cane-cutters/,https://www.salaooval.com.br/equipe/ponte-preta-gorilas/,,,spfl-2026,
2026-06-14 10:00:25,São José Jets,49 - 00,Guarás FA,,https://www.salaooval.com.br/equipe/sao-jose-jets/,https://www.salaooval.com.br/equipe/guaras-fa/,,,spfl-2026,
2026-06-14 14:00:34,Franca Carrascos,08 - 28,Caniballs Football,,https://www.salaooval.com.br/equipe/franca-carrascos/,https://www.salaooval.com.br/equipe/caniballs-football/,,,spfl-2026,
2026-06-21 10:00:04,Taubaté Football,19 - 06,Caniballs Football,,https://www.salaooval.com.br/equipe/taubate-football/,https://www.salaooval.com.br/equipe/caniballs-football/,,,spfl-2026,
2026-06-28 10:00:11,Empyreo Leme Lizards,27 - 22,São José Jets,,http://www.salaooval.com.br/times/empyreo-leme-lizards/,https://www.salaooval.com.br/equipe/sao-jose-jets/,,,spfl-2026,
2026-07-12 14:00:55,Empyreo Leme Lizards,09 - 27,Taubaté Football,,http://www.salaooval.com.br/times/empyreo-leme-lizards/,https://www.salaooval.com.br/equipe/taubate-football/,,,spfl-2026,
2026-05-03 12:30:50,Guarulhos Rhynos,29 - 16,Vikings FA,,https://www.salaooval.com.br/times/Guarulhos-Rhynos/,https://www.salaooval.com.br/equipe/vikings-fa/,,,spfl-2026,
2026-05-31 10:00:37,Corinthians Steamrollers 2,32 - 12,Black Panthers Football,,https://www.salaooval.com.br/equipe/corinthians-steamrollers-2/,https://www.salaooval.com.br/equipe/black-panthers-football/,,,spfl-2026,
2026-05-31 14:00:41,Guarulhos Rhynos 2,24 - 12,Caraguá Ghostship,,https://www.salaooval.com.br/equipe/guarulhos-rhynos-2/,https://www.salaooval.com.br/equipe/caragua-ghostship/,,,spfl-2026,
2026-06-21 10:00:11,Guarulhos Rhynos 2,14 - 21,Ponte Preta Gorilas,,https://www.salaooval.com.br/equipe/guarulhos-rhynos-2/,https://www.salaooval.com.br/equipe/ponte-preta-gorilas/,,,spfl-2026,
2026-06-21 14:00:15,Piracicaba Cane Cutters,06 - 00,Corinthians Steamrollers 2,,http://www.salaooval.com.br/times/piracicaba-cane-cutters/,https://www.salaooval.com.br/equipe/corinthians-steamrollers-2/,,,spfl-2026,
2026-07-12 10:00:47,Piracicaba Cane Cutters,09 - 06,Ponte Preta Gorilas,,http://www.salaooval.com.br/times/piracicaba-cane-cutters/,https://www.salaooval.com.br/equipe/ponte-preta-gorilas/,,,spfl-2026,
2026-06-14 10:00:25,São José Jets,49 - 00,Guarás FA,,https://www.salaooval.com.br/equipe/sao-jose-jets/,https://www.salaooval.com.br/equipe/guaras-fa/,,,spfl-2026,
2026-06-14 14:00:34,Franca Carrascos,08 - 28,Caniballs Football,,https://www.salaooval.com.br/equipe/franca-carrascos/,https://www.salaooval.com.br/equipe/caniballs-football/,,,spfl-2026,
2026-06-21 10:00:04,Taubaté Football,19 - 06,Caniballs Football,,https://www.salaooval.com.br/equipe/taubate-football/,https://www.salaooval.com.br/equipe/caniballs-football/,,,spfl-2026,
2026-06-28 10:00:11,Empyreo Leme Lizards,27 - 22,São José Jets,,http://www.salaooval.com.br/times/empyreo-leme-lizards/,https://www.salaooval.com.br/equipe/sao-jose-jets/,,,spfl-2026,
2026-07-12 14:00:55,Empyreo Leme Lizards,09 - 27,Taubaté Football,,http://www.salaooval.com.br/times/empyreo-leme-lizards/,https://www.salaooval.com.br/equipe/taubate-football/,,,spfl-2026,
2026-05-03 12:30:50,Guarulhos Rhynos,29 - 16,Vikings FA,,https://www.salaooval.com.br/times/Guarulhos-Rhynos/,https://www.salaooval.com.br/equipe/vikings-fa/,,,spfl-2026,
2026-05-03 16:30:48,Tatuapé Monsters,14 - 35,Ocelots FA,,https://www.salaooval.com.br/equipe/tatuape-monsters/,http://www.salaooval.com.br/times/ocelots-fa,,,spfl-2026,
2026-05-31 10:00:37,Corinthians Steamrollers 2,32 - 12,Black Panthers Football,,https://www.salaooval.com.br/equipe/corinthians-steamrollers-2/,https://www.salaooval.com.br/equipe/black-panthers-football/,,,spfl-2026,
2026-05-31 14:00:41,Guarulhos Rhynos 2,24 - 12,Caraguá Ghostship,,https://www.salaooval.com.br/equipe/guarulhos-rhynos-2/,https://www.salaooval.com.br/equipe/caragua-ghostship/,,,spfl-2026,
2026-06-21 10:00:11,Guarulhos Rhynos 2,14 - 21,Ponte Preta Gorilas,,https://www.salaooval.com.br/equipe/guarulhos-rhynos-2/,https://www.salaooval.com.br/equipe/ponte-preta-gorilas/,,,spfl-2026,
2026-06-21 14:00:15,Piracicaba Cane Cutters,06 - 00,Corinthians Steamrollers 2,,http://www.salaooval.com.br/times/piracicaba-cane-cutters/,https://www.salaooval.com.br/equipe/corinthians-steamrollers-2/,,,spfl-2026,
2026-07-12 10:00:47,Piracicaba Cane Cutters,09 - 06,Ponte Preta Gorilas,,http://www.salaooval.com.br/times/piracicaba-cane-cutters/,https://www.salaooval.com.br/equipe/ponte-preta-gorilas/,,,spfl-2026,
2026-06-14 10:00:25,São José Jets,49 - 00,Guarás FA,,https://www.salaooval.com.br/equipe/sao-jose-jets/,https://www.salaooval.com.br/equipe/guaras-fa/,,,spfl-2026,
2026-06-14 14:00:34,Franca Carrascos,08 - 28,Caniballs Football,,https://www.salaooval.com.br/equipe/franca-carrascos/,https://www.salaooval.com.br/equipe/caniballs-football/,,,spfl-2026,
2026-06-21 10:00:04,Taubaté Football,19 - 06,Caniballs Football,,https://www.salaooval.com.br/equipe/taubate-football/,https://www.salaooval.com.br/equipe/caniballs-football/,,,spfl-2026,
2026-06-28 10:00:11,Empyreo Leme Lizards,27 - 22,São José Jets,,http://www.salaooval.com.br/times/empyreo-leme-lizards/,https://www.salaooval.com.br/equipe/sao-jose-jets/,,,spfl-2026,
2026-07-12 14:00:55,Empyreo Leme Lizards,09 - 27,Taubaté Football,,http://www.salaooval.com.br/times/empyreo-leme-lizards/,https://www.salaooval.com.br/equipe/taubate-football/,,,spfl-2026,
2026-05-03 12:30:50,Guarulhos Rhynos,29 - 16,Vikings FA,,https://www.salaooval.com.br/times/Guarulhos-Rhynos/,https://www.salaooval.com.br/equipe/vikings-fa/,,,spfl-2026,
2026-05-03 16:30:48,Tatuapé Monsters,14 - 35,Ocelots FA,,https://www.salaooval.com.br/equipe/tatuape-monsters/,http://www.salaooval.com.br/times/ocelots-fa,,,spfl-2026,
2026-05-24 10:00:24,Moura Lacerda Dragons,40 - 07,Ocelots FA,,https://www.salaooval.com.br/times/moura-lacerda-dragons,http://www.salaooval.com.br/times/ocelots-fa,,,spfl-2026,
2026-05-31 10:00:37,Corinthians Steamrollers 2,32 - 12,Black Panthers Football,,https://www.salaooval.com.br/equipe/corinthians-steamrollers-2/,https://www.salaooval.com.br/equipe/black-panthers-football/,,,spfl-2026,
2026-05-31 14:00:41,Guarulhos Rhynos 2,24 - 12,Caraguá Ghostship,,https://www.salaooval.com.br/equipe/guarulhos-rhynos-2/,https://www.salaooval.com.br/equipe/caragua-ghostship/,,,spfl-2026,
2026-06-21 10:00:11,Guarulhos Rhynos 2,14 - 21,Ponte Preta Gorilas,,https://www.salaooval.com.br/equipe/guarulhos-rhynos-2/,https://www.salaooval.com.br/equipe/ponte-preta-gorilas/,,,spfl-2026,
2026-06-21 14:00:15,Piracicaba Cane Cutters,06 - 00,Corinthians Steamrollers 2,,http://www.salaooval.com.br/times/piracicaba-cane-cutters/,https://www.salaooval.com.br/equipe/corinthians-steamrollers-2/,,,spfl-2026,
2026-07-12 10:00:47,Piracicaba Cane Cutters,09 - 06,Ponte Preta Gorilas,,http://www.salaooval.com.br/times/piracicaba-cane-cutters/,https://www.salaooval.com.br/equipe/ponte-preta-gorilas/,,,spfl-2026,
2026-06-14 10:00:25,São José Jets,49 - 00,Guarás FA,,https://www.salaooval.com.br/equipe/sao-jose-jets/,https://www.salaooval.com.br/equipe/guaras-fa/,,,spfl-2026,
2026-06-14 14:00:34,Franca Carrascos,08 - 28,Caniballs Football,,https://www.salaooval.com.br/equipe/franca-carrascos/,https://www.salaooval.com.br/equipe/caniballs-football/,,,spfl-2026,
2026-06-21 10:00:04,Taubaté Football,19 - 06,Caniballs Football,,https://www.salaooval.com.br/equipe/taubate-football/,https://www.salaooval.com.br/equipe/caniballs-football/,,,spfl-2026,
2026-06-28 10:00:11,Empyreo Leme Lizards,27 - 22,São José Jets,,http://www.salaooval.com.br/times/empyreo-leme-lizards/,https://www.salaooval.com.br/equipe/sao-jose-jets/,,,spfl-2026,
2026-07-12 14:00:55,Empyreo Leme Lizards,09 - 27,Taubaté Football,,http://www.salaooval.com.br/times/empyreo-leme-lizards/,https://www.salaooval.com.br/equipe/taubate-football/,,,spfl-2026,
2026-05-03 12:30:50,Guarulhos Rhynos,29 - 16,Vikings FA,,https://www.salaooval.com.br/times/Guarulhos-Rhynos/,https://www.salaooval.com.br/equipe/vikings-fa/,,,spfl-2026,
2026-05-03 16:30:48,Tatuapé Monsters,14 - 35,Ocelots FA,,https://www.salaooval.com.br/equipe/tatuape-monsters/,http://www.salaooval.com.br/times/ocelots-fa,,,spfl-2026,
2026-05-24 10:00:24,Moura Lacerda Dragons,40 - 07,Ocelots FA,,https://www.salaooval.com.br/times/moura-lacerda-dragons,http://www.salaooval.com.br/times/ocelots-fa,,,spfl-2026,
2026-05-24 14:00:45,Spartans Football,19 - 20,Guarulhos Rhynos,,http://www.salaooval.com.br/times/spartans-football/,https://www.salaooval.com.br/times/Guarulhos-Rhynos/,,,spfl-2026,
2026-05-31 10:00:37,Corinthians Steamrollers 2,32 - 12,Black Panthers Football,,https://www.salaooval.com.br/equipe/corinthians-steamrollers-2/,https://www.salaooval.com.br/equipe/black-panthers-football/,,,spfl-2026,
2026-05-31 14:00:41,Guarulhos Rhynos 2,24 - 12,Caraguá Ghostship,,https://www.salaooval.com.br/equipe/guarulhos-rhynos-2/,https://www.salaooval.com.br/equipe/caragua-ghostship/,,,spfl-2026,
2026-06-21 10:00:11,Guarulhos Rhynos 2,14 - 21,Ponte Preta Gorilas,,https://www.salaooval.com.br/equipe/guarulhos-rhynos-2/,https://www.salaooval.com.br/equipe/ponte-preta-gorilas/,,,spfl-2026,
2026-06-21 14:00:15,Piracicaba Cane Cutters,06 - 00,Corinthians Steamrollers 2,,http://www.salaooval.com.br/times/piracicaba-cane-cutters/,https://www.salaooval.com.br/equipe/corinthians-steamrollers-2/,,,spfl-2026,
2026-07-12 10:00:47,Piracicaba Cane Cutters,09 - 06,Ponte Preta Gorilas,,http://www.salaooval.com.br/times/piracicaba-cane-cutters/,https://www.salaooval.com.br/equipe/ponte-preta-gorilas/,,,spfl-2026,
2026-06-14 10:00:25,São José Jets,49 - 00,Guarás FA,,https://www.salaooval.com.br/equipe/sao-jose-jets/,https://www.salaooval.com.br/equipe/guaras-fa/,,,spfl-2026,
2026-06-14 14:00:34,Franca Carrascos,08 - 28,Caniballs Football,,https://www.salaooval.com.br/equipe/franca-carrascos/,https://www.salaooval.com.br/equipe/caniballs-football/,,,spfl-2026,
2026-06-21 10:00:04,Taubaté Football,19 - 06,Caniballs Football,,https://www.salaooval.com.br/equipe/taubate-football/,https://www.salaooval.com.br/equipe/caniballs-football/,,,spfl-2026,
2026-06-28 10:00:11,Empyreo Leme Lizards,27 - 22,São José Jets,,http://www.salaooval.com.br/times/empyreo-leme-lizards/,https://www.salaooval.com.br/equipe/sao-jose-jets/,,,spfl-2026,
2026-07-12 14:00:55,Empyreo Leme Lizards,09 - 27,Taubaté Football,,http://www.salaooval.com.br/times/empyreo-leme-lizards/,https://www.salaooval.com.br/equipe/taubate-football/,,,spfl-2026,
2026-05-03 12:30:50,Guarulhos Rhynos,29 - 16,Vikings FA,,https://www.salaooval.com.br/times/Guarulhos-Rhynos/,https://www.salaooval.com.br/equipe/vikings-fa/,,,spfl-2026,
2026-05-03 16:30:48,Tatuapé Monsters,14 - 35,Ocelots FA,,https://www.salaooval.com.br/equipe/tatuape-monsters/,http://www.salaooval.com.br/times/ocelots-fa,,,spfl-2026,
2026-05-24 10:00:24,Moura Lacerda Dragons,40 - 07,Ocelots FA,,https://www.salaooval.com.br/times/moura-lacerda-dragons,http://www.salaooval.com.br/times/ocelots-fa,,,spfl-2026,
2026-05-24 14:00:45,Spartans Football,19 - 20,Guarulhos Rhynos,,http://www.salaooval.com.br/times/spartans-football/,https://www.salaooval.com.br/times/Guarulhos-Rhynos/,,,spfl-2026,
2026-06-07 14:00:50,Moura Lacerda Dragons,34 - 21,Guarulhos Rhynos,,https://www.salaooval.com.br/times/moura-lacerda-dragons,https://www.salaooval.com.br/times/Guarulhos-Rhynos/,,,spfl-2026,
2026-03-07 14:00:00,Coritiba Crocodiles,39 - 00,Calvary Cavaliers,,http://www.salaooval.com.br/times/coritiba-crocodiles/,https://www.salaooval.com.br/equipe/calvary-cavaliers/,,,campeonato-paranaense-2026,Croco Stadium - Curitiba/PR
2026-03-08 10:00:00,Ponta Grossa Phantoms,51 - 07,Cascavel Olympians,,https://www.salaooval.com.br/equipe/ponta-grossa-phantoms/,https://www.salaooval.com.br/equipe/cascavel-olympians/,,,campeonato-paranaense-2026,Estádio Nilton Salles Rosa - Ponta Grossa/PR
2026-03-14 14:00:00,Brown Spiders,61 - 00,Francisco Beltrão Red Feet,,http://www.salaooval.com.br/times/brown-spiders/,http://www.salaooval.com.br/times/francisco-beltrao-red-feet/,,,campeonato-paranaense-2026,Curitiba/PR
2026-03-14 14:00:00,Arapongas Golden Phoenix,00 - 49,Londrina Bristlebacks,,https://www.salaooval.com.br/equipe/arapongas-golden-phoenix/,http://www.salaooval.com.br/times/londrina-bristlebacks,,,campeonato-paranaense-2026,Arapongas/PR
2026-03-21 14:00:00,Calvary Cavaliers,25 - 06,Cascavel Olympians,,https://www.salaooval.com.br/equipe/calvary-cavaliers/,https://www.salaooval.com.br/equipe/cascavel-olympians/,,,campeonato-paranaense-2026,
2026-03-22 14:00:00,Coritiba Crocodiles,31 - 00,Ponta Grossa Phantoms,,http://www.salaooval.com.br/times/coritiba-crocodiles/,https://www.salaooval.com.br/equipe/ponta-grossa-phantoms/,,,campeonato-paranaense-2026,
2026-03-28 14:00:00,Londrina Bristlebacks,42 - 13,Arapongas Golden Phoenix,,http://www.salaooval.com.br/times/londrina-bristlebacks,https://www.salaooval.com.br/equipe/arapongas-golden-phoenix/,,,campeonato-paranaense-2026,
2026-03-29 10:00:00,Francisco Beltrão Red Feet,00 - 41,Brown Spiders,,http://www.salaooval.com.br/times/francisco-beltrao-red-feet/,http://www.salaooval.com.br/times/brown-spiders/,,,campeonato-paranaense-2026,
2026-04-11 14:00:00,Cascavel Olympians,00 - 44,Coritiba Crocodiles,,https://www.salaooval.com.br/equipe/cascavel-olympians/,http://www.salaooval.com.br/times/coritiba-crocodiles/,,,campeonato-paranaense-2026,
2026-04-12 14:00:00,Ponta Grossa Phantoms,00 - 07,Calvary Cavaliers,,https://www.salaooval.com.br/equipe/ponta-grossa-phantoms/,https://www.salaooval.com.br/equipe/calvary-cavaliers/,,,campeonato-paranaense-2026,
2026-04-18 14:00:00,Francisco Beltrão Red Feet,16 - 20,Londrina Bristlebacks,,http://www.salaooval.com.br/times/francisco-beltrao-red-feet/,http://www.salaooval.com.br/times/londrina-bristlebacks,,,campeonato-paranaense-2026,
2026-04-19 10:00:00,Brown Spiders,41 - 06,Arapongas Golden Phoenix,,http://www.salaooval.com.br/times/brown-spiders/,https://www.salaooval.com.br/equipe/arapongas-golden-phoenix/,,,campeonato-paranaense-2026,
2026-04-25 14:00:00,Cascavel Olympians,06 - 12,Ponta Grossa Phantoms,,https://www.salaooval.com.br/equipe/cascavel-olympians/,https://www.salaooval.com.br/equipe/ponta-grossa-phantoms/,,,campeonato-paranaense-2026,
2026-04-26 14:00:00,Calvary Cavaliers,00 - 44,Coritiba Crocodiles,,https://www.salaooval.com.br/equipe/calvary-cavaliers/,http://www.salaooval.com.br/times/coritiba-crocodiles/,,,campeonato-paranaense-2026,
2026-05-24 10:00:00,Arapongas Golden Phoenix,28 - 21,Francisco Beltrão Red Feet,,https://www.salaooval.com.br/equipe/arapongas-golden-phoenix/,http://www.salaooval.com.br/times/francisco-beltrao-red-feet/,,,campeonato-paranaense-2026,
2026-05-30 14:00:00,Londrina Bristlebacks,34 - 37,Brown Spiders,,http://www.salaooval.com.br/times/londrina-bristlebacks,http://www.salaooval.com.br/times/brown-spiders/,,,campeonato-paranaense-2026,
2026-06-06 14:00:34,Arapongas Golden Phoenix,13 - 07,Ponta Grossa Phantoms,,https://www.salaooval.com.br/equipe/arapongas-golden-phoenix/,https://www.salaooval.com.br/equipe/ponta-grossa-phantoms/,,,campeonato-paranaense-2026,
2026-06-06 14:00:34,Arapongas Golden Phoenix,13 - 07,Ponta Grossa Phantoms,,https://www.salaooval.com.br/equipe/arapongas-golden-phoenix/,https://www.salaooval.com.br/equipe/ponta-grossa-phantoms/,,,campeonato-paranaense-2026,
2026-06-13 14:00:45,Coritiba Crocodiles,34 - 17,Londrina Bristlebacks,,http://www.salaooval.com.br/times/coritiba-crocodiles/,http://www.salaooval.com.br/times/londrina-bristlebacks,,,campeonato-paranaense-2026,
2026-06-06 14:00:34,Arapongas Golden Phoenix,13 - 07,Ponta Grossa Phantoms,,https://www.salaooval.com.br/equipe/arapongas-golden-phoenix/,https://www.salaooval.com.br/equipe/ponta-grossa-phantoms/,,,campeonato-paranaense-2026,
2026-06-13 14:00:45,Coritiba Crocodiles,34 - 17,Londrina Bristlebacks,,http://www.salaooval.com.br/times/coritiba-crocodiles/,http://www.salaooval.com.br/times/londrina-bristlebacks,,,campeonato-paranaense-2026,
2026-06-14 14:00:51,Brown Spiders,35 - 00,Calvary Cavaliers,,http://www.salaooval.com.br/times/brown-spiders/,https://www.salaooval.com.br/equipe/calvary-cavaliers/,,,campeonato-paranaense-2026,
2026-06-06 14:00:34,Arapongas Golden Phoenix,13 - 07,Ponta Grossa Phantoms,,https://www.salaooval.com.br/equipe/arapongas-golden-phoenix/,https://www.salaooval.com.br/equipe/ponta-grossa-phantoms/,,,campeonato-paranaense-2026,
2026-06-13 14:00:45,Coritiba Crocodiles,34 - 17,Londrina Bristlebacks,,http://www.salaooval.com.br/times/coritiba-crocodiles/,http://www.salaooval.com.br/times/londrina-bristlebacks,,,campeonato-paranaense-2026,
2026-06-14 14:00:51,Brown Spiders,35 - 00,Calvary Cavaliers,,http://www.salaooval.com.br/times/brown-spiders/,https://www.salaooval.com.br/equipe/calvary-cavaliers/,,,campeonato-paranaense-2026,
2026-06-28 14:30:06,Coritiba Crocodiles,19 - 16,Brown Spiders,,http://www.salaooval.com.br/times/coritiba-crocodiles/,http://www.salaooval.com.br/times/brown-spiders/,,,campeonato-paranaense-2026,
2025-07-05 15:00:00,Recife Mariners,35 - 14,Caruaru Wolves,Superliga D1,http://www.salaooval.com.br/times/recife-mariners/,http://www.salaooval.com.br/times/caruaru-wolves,,,superliga-2025,
2025-07-06 10:00:00,Chape FA,09 - 14,Francisco Beltrão Red Feet,Superliga D3,https://www.salaooval.com.br/equipe/chape-fa/,http://www.salaooval.com.br/times/francisco-beltrao-red-feet/,,,superliga-2025,
2025-07-06 10:00:00,Lusa Jaguars,14 - 17,Brasília Pilots,Superliga Feminina,https://www.salaooval.com.br/equipe/lusa-jaguars/,https://www.salaooval.com.br/equipe/brasilia-pilots/,,,superliga-2025,
2025-07-06 13:30:00,Goianos FA,28 - 00,Gama Leões de Judá,Superliga D2,https://www.salaooval.com.br/equipe/goianos-fa/,http://www.salaooval.com.br/times/leoes-de-juda,,,superliga-2025,
2025-07-06 14:00:00,Caucaia Sabres,20 - 37,Fortaleza Tritões,Superliga D1,https://www.salaooval.com.br/equipe/caucaia-sabres/,https://www.salaooval.com.br/equipe/fortaleza-tritoes/,,,superliga-2025,
2025-07-13 10:00:00,Curitiba Silverhawks,17 - 07,Curitiba Phoenix,Superliga Feminina,https://www.salaooval.com.br/equipe/curitiba-silverhawks/,https://www.salaooval.com.br/equipe/curitiba-phoenix/,,,superliga-2025,
2025-07-13 13:30:00,Juventude FA,14 - 17,Santa Maria Soldiers,Superliga D1,https://www.salaooval.com.br/times/uniao-da-serra/,http://www.salaooval.com.br/times/santa-maria-soldiers,,,superliga-2025,
2025-07-13 14:00:00,Coritiba Crocodiles B,12 - 00,JEC Gladiators,Superliga D3,https://www.salaooval.com.br/equipe/coritiba-crocodiles-b/,http://www.salaooval.com.br/times/joinville-gladiators,,,superliga-2025,
2025-07-13 14:30:00,Istepôs FA,17 - 20,Bravos FA,Superliga D1,https://www.salaooval.com.br/times/istepos-fa/,https://www.salaooval.com.br/equipe/bravos-fa/,,,superliga-2025,
2025-07-17 09:00:00,Porto Velho Miners,31 - 00,São Raimundo C. Cavaliers,Superliga D1,https://www.salaooval.com.br/equipe/porto-velho-miners/,http://www.salaooval.com.br/times/manaus-cavaliers/,,,superliga-2025,
2025-07-19 14:00:00,Erechim Coroados,48 - 06,Chape FA,Superliga D3,https://www.salaooval.com.br/equipe/erechim-coroados/,https://www.salaooval.com.br/equipe/chape-fa/,,,superliga-2025,
2025-07-20 09:30:00,Brown Spiders,21 - 18,Calvary Cavaliers,Superliga D1,http://www.salaooval.com.br/times/brown-spiders/,https://www.salaooval.com.br/equipe/calvary-cavaliers/,,,superliga-2025,
2025-07-20 14:00:00,Coritiba Crocodiles,35 - 29,T-Rex,Superliga D1,http://www.salaooval.com.br/times/coritiba-crocodiles/,http://www.salaooval.com.br/times/timbo-rex,,,superliga-2025,
2025-07-20 14:00:00,Gama Leões de Judá,21 - 00,Brasília Wizards,Superliga D2,http://www.salaooval.com.br/times/leoes-de-juda,https://www.salaooval.com.br/equipe/brasilia-wizards/,,,superliga-2025,
2025-07-26 14:00:00,Santa Maria Soldiers,06 - 07,Istepôs FA,Superliga D1,http://www.salaooval.com.br/times/santa-maria-soldiers,https://www.salaooval.com.br/times/istepos-fa/,,,superliga-2025,
2025-07-26 15:00:00,Cuiabá Arsenal,13 - 16,Tubarões do Cerrado,Superliga D1,http://www.salaooval.com.br/times/cuiaba-arsenal/,https://www.salaooval.com.br/equipe/tubaroes-do-cerrado/,,,superliga-2025,
2025-07-26 15:00:00,JEC Gladiators,22 - 34,PRC Guardian Saints,Superliga D3,http://www.salaooval.com.br/times/joinville-gladiators,https://www.salaooval.com.br/times/guardian-saints,,,superliga-2025,
2025-07-27 09:00:00,São Raimundo C. Cavaliers,03 - 55,Manaus FA,Superliga D1,http://www.salaooval.com.br/times/manaus-cavaliers/,http://www.salaooval.com.br/times/manaus-fa/,,,superliga-2025,
2025-07-27 14:00:00,Criciúma Iron Tigers,03 - 27,Bears FA,Superliga D3,https://www.salaooval.com.br/equipe/criciuma-iron-tigers/,https://www.salaooval.com.br/equipe/bears-fa/,,,superliga-2025,
2025-07-28 14:30:00,Gravataí Spartans,24 - 18,Matilha dos Vales,Superliga D3,https://www.salaooval.com.br/equipe/gravatai-spartans/,https://www.salaooval.com.br/equipe/matilha-dos-vales/,,,superliga-2025,
2025-08-02 14:00:00,Tritões FA,06 - 35,Vasco Almirantes,Superliga D1,http://www.salaooval.com.br/times/tritoes-fa/,http://www.salaooval.com.br/times/vasco-almirantes/,,,superliga-2025,
2025-08-02 14:00:00,Galo FA,14 - 17,Spartans Football,Superliga D1,http://www.salaooval.com.br/times/galo-fa/,http://www.salaooval.com.br/times/spartans-football/,,,superliga-2025,
2025-08-02 15:00:00,Brasília Pilots,34 - 00,Curitiba Phoenix,Superliga Feminina,https://www.salaooval.com.br/equipe/brasilia-pilots/,https://www.salaooval.com.br/equipe/curitiba-phoenix/,,,superliga-2025,
2025-08-02 16:00:00,T-Rex,39 - 00,Brown Spiders,Superliga D1,http://www.salaooval.com.br/times/timbo-rex,http://www.salaooval.com.br/times/brown-spiders/,,,superliga-2025,
2025-08-02 19:00:00,Cruzeiro FA,07 - 09,Guarulhos Rhynos,Superliga D1,https://www.salaooval.com.br/times/cruzeiro_fa/,https://www.salaooval.com.br/times/Guarulhos-Rhynos/,,,superliga-2025,
2025-08-03 10:00:00,Locomotiva FA,33 - 13,Flamengo Imperadores,Superliga D1,http://www.salaooval.com.br/times/america-locomotiva/,http://www.salaooval.com.br/times/flamengo-imperadores/,,,superliga-2025,
2025-08-03 10:00:00,Cavalaria 2 de Julho,28 - 12,Caruaru Wolves,Superliga D1,http://www.salaooval.com.br/times/cavalaria-2-de-julho/,http://www.salaooval.com.br/times/caruaru-wolves,,,superliga-2025,
2025-08-03 10:00:00,Sorocaba Vipers,07 - 14,Vikings FA,Superliga D2,http://www.salaooval.com.br/times/sorocaba-vipers/,https://www.salaooval.com.br/equipe/vikings-fa/,,,superliga-2025,
2025-08-03 10:00:00,Brasília Wizards,00 - 48,Goianos FA,Superliga D2,https://www.salaooval.com.br/equipe/brasilia-wizards/,https://www.salaooval.com.br/equipe/goianos-fa/,,,superliga-2025,
2025-08-03 14:00:00,Recife Mariners,14 - 00,Fortaleza Tritões,Superliga D1,http://www.salaooval.com.br/times/recife-mariners/,https://www.salaooval.com.br/equipe/fortaleza-tritoes/,,,superliga-2025,
2025-08-03 14:00:00,Moura Lacerda Dragons,13 - 20,Rio Preto Weilers,Superliga D1,https://www.salaooval.com.br/times/moura-lacerda-dragons,http://www.salaooval.com.br/times/rio-preto-weilers,,,superliga-2025,
2025-08-03 14:00:00,Ocelots FA,43 - 06,Corinthians Steamrollers,Superliga D1,http://www.salaooval.com.br/times/ocelots-fa,http://www.salaooval.com.br/times/corinthians-steamrollers/,,,superliga-2025,
2025-08-03 14:00:00,Caucaia Sabres,13 - 14,João Pessoa Espectros,Superliga D1,https://www.salaooval.com.br/equipe/caucaia-sabres/,http://www.salaooval.com.br/times/joao-pessoa-espectros/,,,superliga-2025,
2025-08-03 14:00:00,Calvary Cavaliers,00 - 54,Coritiba Crocodiles,Superliga D1,https://www.salaooval.com.br/equipe/calvary-cavaliers/,http://www.salaooval.com.br/times/coritiba-crocodiles/,,,superliga-2025,
2025-08-03 14:00:00,Ponta Grossa Phantoms,09 - 37,Londrina Bristlebacks,Superliga D2,https://www.salaooval.com.br/equipe/ponta-grossa-phantoms/,http://www.salaooval.com.br/times/londrina-bristlebacks,,,superliga-2025,
2025-08-09 00:00:00,Tubarões do Cerrado,00:00:00Adiado,Manaus FA,Superliga D1,https://www.salaooval.com.br/equipe/tubaroes-do-cerrado/,http://www.salaooval.com.br/times/manaus-fa/,,,superliga-2025,
2025-08-09 16:00:00,Cuiabá Arsenal,13 - 21,Rondonópolis Hawks,Superliga D1,http://www.salaooval.com.br/times/cuiaba-arsenal/,http://www.salaooval.com.br/times/rondonopolis-hawks,,,superliga-2025,
2025-08-10 10:00:00,Cascavel Olympians,06 - 47,Arapongas Golden Phoenix,Superliga D3,https://www.salaooval.com.br/equipe/cascavel-olympians/,https://www.salaooval.com.br/equipe/arapongas-golden-phoenix/,,,superliga-2025,
2025-08-10 10:00:00,Lusa Jaguars,13 - 09,Curitiba Silverhawks,Superliga Feminina,https://www.salaooval.com.br/equipe/lusa-jaguars/,https://www.salaooval.com.br/equipe/curitiba-silverhawks/,,,superliga-2025,
2025-08-10 14:00:00,Bravos FA,28 - 34,Juventude FA,Superliga D1,https://www.salaooval.com.br/equipe/bravos-fa/,https://www.salaooval.com.br/times/uniao-da-serra/,,,superliga-2025,
2025-09-20 14:30:35,Juventude FA,07 - 25,Brown Spiders,Superliga D1 - Playoffs,https://www.salaooval.com.br/times/uniao-da-serra/,http://www.salaooval.com.br/times/brown-spiders/,Wildcard Sul,,superliga-2025,
2025-09-20 18:20:38,T-Rex,50 - 06,Bravos FA,Superliga D1 - Playoffs,http://www.salaooval.com.br/times/timbo-rex,https://www.salaooval.com.br/equipe/bravos-fa/,Wildcard Sul,,superliga-2025,
2025-10-04 14:00:09,Galo FA,12 - 35,Vasco Almirantes,Superliga D1 - Playoffs,http://www.salaooval.com.br/times/galo-fa/,http://www.salaooval.com.br/times/vasco-almirantes/,Wildcard SE,,superliga-2025,
2025-10-04 14:00:59,Guarulhos Rhynos,59 - 58,Ocelots FA,Superliga D1 - Playoffs,https://www.salaooval.com.br/times/Guarulhos-Rhynos/,http://www.salaooval.com.br/times/ocelots-fa,Wildcard SE,,superliga-2025,
2025-10-05 14:00:46,João Pessoa Espectros,14 - 30,Caruaru Wolves,Superliga D1 - Playoffs,http://www.salaooval.com.br/times/joao-pessoa-espectros/,http://www.salaooval.com.br/times/caruaru-wolves,Wildcard NE,,superliga-2025,
2025-10-11 18:00:49,Rondonópolis Hawks,13 - 07,Tubarões do Cerrado,Superliga D1 - Playoffs,http://www.salaooval.com.br/times/rondonopolis-hawks,https://www.salaooval.com.br/equipe/tubaroes-do-cerrado/,Final CO,,superliga-2025,
2025-10-19 10:00:24,Locomotiva FA,27 - 28,Vasco Almirantes,Superliga D1 - Playoffs,http://www.salaooval.com.br/times/america-locomotiva/,http://www.salaooval.com.br/times/vasco-almirantes/,Semi SE,,superliga-2025,
2025-10-19 10:00:25,Spartans Football,17 - 00,Guarulhos Rhynos,Superliga D1 - Playoffs,http://www.salaooval.com.br/times/spartans-football/,https://www.salaooval.com.br/times/Guarulhos-Rhynos/,Semi SE,,superliga-2025,
2025-10-19 10:00:49,Cavalaria 2 de Julho,28 - 29,Fortaleza Tritões,Superliga D1 - Playoffs,http://www.salaooval.com.br/times/cavalaria-2-de-julho/,https://www.salaooval.com.br/equipe/fortaleza-tritoes/,Semi NE,,superliga-2025,
2025-10-19 14:00:52,Istepôs FA,00 - 35,T-Rex,Superliga D1 - Playoffs,https://www.salaooval.com.br/times/istepos-fa/,http://www.salaooval.com.br/times/timbo-rex,Semi Sul,,superliga-2025,
2025-10-19 14:00:59,Coritiba Crocodiles,38 - 00,Brown Spiders,Superliga D1 - Playoffs,http://www.salaooval.com.br/times/coritiba-crocodiles/,http://www.salaooval.com.br/times/brown-spiders/,Semi Sul,,superliga-2025,
2025-10-19 15:00:37,Recife Mariners,28 - 00,Caruaru Wolves,Superliga D1 - Playoffs,http://www.salaooval.com.br/times/recife-mariners/,http://www.salaooval.com.br/times/caruaru-wolves,Semi NE,,superliga-2025,
2025-11-01 14:00:55,Coritiba Crocodiles,13 - 10,T-Rex,Superliga D1 - Playoffs,http://www.salaooval.com.br/times/coritiba-crocodiles/,http://www.salaooval.com.br/times/timbo-rex,Semi Sul,,superliga-2025,
2025-11-02 10:00:45,São Raimundo C. Cavaliers,00 - 76,Rondonópolis Hawks,Superliga D1 - Playoffs,http://www.salaooval.com.br/times/manaus-cavaliers/,http://www.salaooval.com.br/times/rondonopolis-hawks,Final CO,,superliga-2025,
2025-11-02 11:00:52,Spartans Football,06 - 00,Vasco Almirantes,Superliga D1 - Playoffs,http://www.salaooval.com.br/times/spartans-football/,http://www.salaooval.com.br/times/vasco-almirantes/,Final SE,,superliga-2025,
2025-11-02 15:00:54,Recife Mariners,17 - 14,Fortaleza Tritões,Superliga D1 - Playoffs,http://www.salaooval.com.br/times/recife-mariners/,https://www.salaooval.com.br/equipe/fortaleza-tritoes/,Semi NE,,superliga-2025,
2025-11-15 14:00:46,Coritiba Crocodiles,17 - 00,Spartans Football,Superliga D1 - Playoffs,http://www.salaooval.com.br/times/coritiba-crocodiles/,http://www.salaooval.com.br/times/spartans-football/,Semi Sul,,superliga-2025,
2025-11-16 10:00:45,Recife Mariners,35 - 33,Rondonópolis Hawks,Superliga D1 - Playoffs,http://www.salaooval.com.br/times/recife-mariners/,http://www.salaooval.com.br/times/rondonopolis-hawks,Semi NE,,superliga-2025,
2025-12-06 17:00:25,Coritiba Crocodiles,28 - 22,Recife Mariners,"Brasil Bowl, Superliga D1 - Playoffs",http://www.salaooval.com.br/times/coritiba-crocodiles/,http://www.salaooval.com.br/times/recife-mariners/,Brasil Bowl,,superliga-2025,
2025-07-05 15:00:00,Recife Mariners,35 - 14,Caruaru Wolves,Superliga D1,http://www.salaooval.com.br/times/recife-mariners/,http://www.salaooval.com.br/times/caruaru-wolves,,,superliga-2025,
2025-07-06 10:00:00,Chape FA,09 - 14,Francisco Beltrão Red Feet,Superliga D3,https://www.salaooval.com.br/equipe/chape-fa/,http://www.salaooval.com.br/times/francisco-beltrao-red-feet/,,,superliga-2025,
2025-07-06 10:00:00,Lusa Jaguars,14 - 17,Brasília Pilots,Superliga Feminina,https://www.salaooval.com.br/equipe/lusa-jaguars/,https://www.salaooval.com.br/equipe/brasilia-pilots/,,,superliga-2025,
2025-07-06 13:30:00,Goianos FA,28 - 00,Gama Leões de Judá,Superliga D2,https://www.salaooval.com.br/equipe/goianos-fa/,http://www.salaooval.com.br/times/leoes-de-juda,,,superliga-2025,
2025-07-06 14:00:00,Caucaia Sabres,20 - 37,Fortaleza Tritões,Superliga D1,https://www.salaooval.com.br/equipe/caucaia-sabres/,https://www.salaooval.com.br/equipe/fortaleza-tritoes/,,,superliga-2025,
2025-07-13 10:00:00,Curitiba Silverhawks,17 - 07,Curitiba Phoenix,Superliga Feminina,https://www.salaooval.com.br/equipe/curitiba-silverhawks/,https://www.salaooval.com.br/equipe/curitiba-phoenix/,,,superliga-2025,
2025-07-13 13:30:00,Juventude FA,14 - 17,Santa Maria Soldiers,Superliga D1,https://www.salaooval.com.br/times/uniao-da-serra/,http://www.salaooval.com.br/times/santa-maria-soldiers,,,superliga-2025,
2025-07-13 14:00:00,Coritiba Crocodiles B,12 - 00,JEC Gladiators,Superliga D3,https://www.salaooval.com.br/equipe/coritiba-crocodiles-b/,http://www.salaooval.com.br/times/joinville-gladiators,,,superliga-2025,
2025-07-13 14:30:00,Istepôs FA,17 - 20,Bravos FA,Superliga D1,https://www.salaooval.com.br/times/istepos-fa/,https://www.salaooval.com.br/equipe/bravos-fa/,,,superliga-2025,
2025-07-17 09:00:00,Porto Velho Miners,31 - 00,São Raimundo C. Cavaliers,Superliga D1,https://www.salaooval.com.br/equipe/porto-velho-miners/,http://www.salaooval.com.br/times/manaus-cavaliers/,,,superliga-2025,
2025-07-19 14:00:00,Erechim Coroados,48 - 06,Chape FA,Superliga D3,https://www.salaooval.com.br/equipe/erechim-coroados/,https://www.salaooval.com.br/equipe/chape-fa/,,,superliga-2025,
2025-07-20 09:30:00,Brown Spiders,21 - 18,Calvary Cavaliers,Superliga D1,http://www.salaooval.com.br/times/brown-spiders/,https://www.salaooval.com.br/equipe/calvary-cavaliers/,,,superliga-2025,
2025-07-20 14:00:00,Coritiba Crocodiles,35 - 29,T-Rex,Superliga D1,http://www.salaooval.com.br/times/coritiba-crocodiles/,http://www.salaooval.com.br/times/timbo-rex,,,superliga-2025,
2025-07-20 14:00:00,Gama Leões de Judá,21 - 00,Brasília Wizards,Superliga D2,http://www.salaooval.com.br/times/leoes-de-juda,https://www.salaooval.com.br/equipe/brasilia-wizards/,,,superliga-2025,
2025-07-26 14:00:00,Santa Maria Soldiers,06 - 07,Istepôs FA,Superliga D1,http://www.salaooval.com.br/times/santa-maria-soldiers,https://www.salaooval.com.br/times/istepos-fa/,,,superliga-2025,
2025-07-26 15:00:00,Cuiabá Arsenal,13 - 16,Tubarões do Cerrado,Superliga D1,http://www.salaooval.com.br/times/cuiaba-arsenal/,https://www.salaooval.com.br/equipe/tubaroes-do-cerrado/,,,superliga-2025,
2025-07-26 15:00:00,JEC Gladiators,22 - 34,PRC Guardian Saints,Superliga D3,http://www.salaooval.com.br/times/joinville-gladiators,https://www.salaooval.com.br/times/guardian-saints,,,superliga-2025,
2025-07-27 09:00:00,São Raimundo C. Cavaliers,03 - 55,Manaus FA,Superliga D1,http://www.salaooval.com.br/times/manaus-cavaliers/,http://www.salaooval.com.br/times/manaus-fa/,,,superliga-2025,
2025-07-27 14:00:00,Criciúma Iron Tigers,03 - 27,Bears FA,Superliga D3,https://www.salaooval.com.br/equipe/criciuma-iron-tigers/,https://www.salaooval.com.br/equipe/bears-fa/,,,superliga-2025,
2025-07-28 14:30:00,Gravataí Spartans,24 - 18,Matilha dos Vales,Superliga D3,https://www.salaooval.com.br/equipe/gravatai-spartans/,https://www.salaooval.com.br/equipe/matilha-dos-vales/,,,superliga-2025,
2025-08-02 14:00:00,Tritões FA,06 - 35,Vasco Almirantes,Superliga D1,http://www.salaooval.com.br/times/tritoes-fa/,http://www.salaooval.com.br/times/vasco-almirantes/,,,superliga-2025,
2025-08-02 14:00:00,Galo FA,14 - 17,Spartans Football,Superliga D1,http://www.salaooval.com.br/times/galo-fa/,http://www.salaooval.com.br/times/spartans-football/,,,superliga-2025,
2025-08-02 15:00:00,Brasília Pilots,34 - 00,Curitiba Phoenix,Superliga Feminina,https://www.salaooval.com.br/equipe/brasilia-pilots/,https://www.salaooval.com.br/equipe/curitiba-phoenix/,,,superliga-2025,
2025-08-02 16:00:00,T-Rex,39 - 00,Brown Spiders,Superliga D1,http://www.salaooval.com.br/times/timbo-rex,http://www.salaooval.com.br/times/brown-spiders/,,,superliga-2025,
2025-08-02 19:00:00,Cruzeiro FA,07 - 09,Guarulhos Rhynos,Superliga D1,https://www.salaooval.com.br/times/cruzeiro_fa/,https://www.salaooval.com.br/times/Guarulhos-Rhynos/,,,superliga-2025,
2025-08-03 10:00:00,Locomotiva FA,33 - 13,Flamengo Imperadores,Superliga D1,http://www.salaooval.com.br/times/america-locomotiva/,http://www.salaooval.com.br/times/flamengo-imperadores/,,,superliga-2025,
2025-08-03 10:00:00,Cavalaria 2 de Julho,28 - 12,Caruaru Wolves,Superliga D1,http://www.salaooval.com.br/times/cavalaria-2-de-julho/,http://www.salaooval.com.br/times/caruaru-wolves,,,superliga-2025,
2025-08-03 10:00:00,Sorocaba Vipers,07 - 14,Vikings FA,Superliga D2,http://www.salaooval.com.br/times/sorocaba-vipers/,https://www.salaooval.com.br/equipe/vikings-fa/,,,superliga-2025,
2025-08-03 10:00:00,Brasília Wizards,00 - 48,Goianos FA,Superliga D2,https://www.salaooval.com.br/equipe/brasilia-wizards/,https://www.salaooval.com.br/equipe/goianos-fa/,,,superliga-2025,
2025-08-03 14:00:00,Recife Mariners,14 - 00,Fortaleza Tritões,Superliga D1,http://www.salaooval.com.br/times/recife-mariners/,https://www.salaooval.com.br/equipe/fortaleza-tritoes/,,,superliga-2025,
2025-08-03 14:00:00,Moura Lacerda Dragons,13 - 20,Rio Preto Weilers,Superliga D1,https://www.salaooval.com.br/times/moura-lacerda-dragons,http://www.salaooval.com.br/times/rio-preto-weilers,,,superliga-2025,
2025-08-03 14:00:00,Ocelots FA,43 - 06,Corinthians Steamrollers,Superliga D1,http://www.salaooval.com.br/times/ocelots-fa,http://www.salaooval.com.br/times/corinthians-steamrollers/,,,superliga-2025,
2025-08-03 14:00:00,Caucaia Sabres,13 - 14,João Pessoa Espectros,Superliga D1,https://www.salaooval.com.br/equipe/caucaia-sabres/,http://www.salaooval.com.br/times/joao-pessoa-espectros/,,,superliga-2025,
2025-08-03 14:00:00,Calvary Cavaliers,00 - 54,Coritiba Crocodiles,Superliga D1,https://www.salaooval.com.br/equipe/calvary-cavaliers/,http://www.salaooval.com.br/times/coritiba-crocodiles/,,,superliga-2025,
2025-08-03 14:00:00,Ponta Grossa Phantoms,09 - 37,Londrina Bristlebacks,Superliga D2,https://www.salaooval.com.br/equipe/ponta-grossa-phantoms/,http://www.salaooval.com.br/times/londrina-bristlebacks,,,superliga-2025,
2025-08-09 00:00:00,Tubarões do Cerrado,00:00:00Adiado,Manaus FA,Superliga D1,https://www.salaooval.com.br/equipe/tubaroes-do-cerrado/,http://www.salaooval.com.br/times/manaus-fa/,,,superliga-2025,
2025-08-09 16:00:00,Cuiabá Arsenal,13 - 21,Rondonópolis Hawks,Superliga D1,http://www.salaooval.com.br/times/cuiaba-arsenal/,http://www.salaooval.com.br/times/rondonopolis-hawks,,,superliga-2025,
2025-08-10 10:00:00,Cascavel Olympians,06 - 47,Arapongas Golden Phoenix,Superliga D3,https://www.salaooval.com.br/equipe/cascavel-olympians/,https://www.salaooval.com.br/equipe/arapongas-golden-phoenix/,,,superliga-2025,
2025-08-10 10:00:00,Lusa Jaguars,13 - 09,Curitiba Silverhawks,Superliga Feminina,https://www.salaooval.com.br/equipe/lusa-jaguars/,https://www.salaooval.com.br/equipe/curitiba-silverhawks/,,,superliga-2025,
2025-08-10 14:00:00,Bravos FA,28 - 34,Juventude FA,Superliga D1,https://www.salaooval.com.br/equipe/bravos-fa/,https://www.salaooval.com.br/times/uniao-da-serra/,,,superliga-2025,
2025-09-20 14:30:35,Juventude FA,07 - 25,Brown Spiders,Superliga D1 - Playoffs,https://www.salaooval.com.br/times/uniao-da-serra/,http://www.salaooval.com.br/times/brown-spiders/,Wildcard Sul,,superliga-2025,
2025-09-20 18:20:38,T-Rex,50 - 06,Bravos FA,Superliga D1 - Playoffs,http://www.salaooval.com.br/times/timbo-rex,https://www.salaooval.com.br/equipe/bravos-fa/,Wildcard Sul,,superliga-2025,
2025-10-04 14:00:09,Galo FA,12 - 35,Vasco Almirantes,Superliga D1 - Playoffs,http://www.salaooval.com.br/times/galo-fa/,http://www.salaooval.com.br/times/vasco-almirantes/,Wildcard SE,,superliga-2025,
2025-10-04 14:00:59,Guarulhos Rhynos,59 - 58,Ocelots FA,Superliga D1 - Playoffs,https://www.salaooval.com.br/times/Guarulhos-Rhynos/,http://www.salaooval.com.br/times/ocelots-fa,Wildcard SE,,superliga-2025,
2025-10-05 14:00:46,João Pessoa Espectros,14 - 30,Caruaru Wolves,Superliga D1 - Playoffs,http://www.salaooval.com.br/times/joao-pessoa-espectros/,http://www.salaooval.com.br/times/caruaru-wolves,Wildcard NE,,superliga-2025,
2025-10-11 18:00:49,Rondonópolis Hawks,13 - 07,Tubarões do Cerrado,Superliga D1 - Playoffs,http://www.salaooval.com.br/times/rondonopolis-hawks,https://www.salaooval.com.br/equipe/tubaroes-do-cerrado/,Final CO,,superliga-2025,
2025-10-19 10:00:24,Locomotiva FA,27 - 28,Vasco Almirantes,Superliga D1 - Playoffs,http://www.salaooval.com.br/times/america-locomotiva/,http://www.salaooval.com.br/times/vasco-almirantes/,Semi SE,,superliga-2025,
2025-10-19 10:00:25,Spartans Football,17 - 00,Guarulhos Rhynos,Superliga D1 - Playoffs,http://www.salaooval.com.br/times/spartans-football/,https://www.salaooval.com.br/times/Guarulhos-Rhynos/,Semi SE,,superliga-2025,
2025-10-19 10:00:49,Cavalaria 2 de Julho,28 - 29,Fortaleza Tritões,Superliga D1 - Playoffs,http://www.salaooval.com.br/times/cavalaria-2-de-julho/,https://www.salaooval.com.br/equipe/fortaleza-tritoes/,Semi NE,,superliga-2025,
2025-10-19 14:00:52,Istepôs FA,00 - 35,T-Rex,Superliga D1 - Playoffs,https://www.salaooval.com.br/times/istepos-fa/,http://www.salaooval.com.br/times/timbo-rex,Semi Sul,,superliga-2025,
2025-10-19 14:00:59,Coritiba Crocodiles,38 - 00,Brown Spiders,Superliga D1 - Playoffs,http://www.salaooval.com.br/times/coritiba-crocodiles/,http://www.salaooval.com.br/times/brown-spiders/,Semi Sul,,superliga-2025,
2025-10-19 15:00:37,Recife Mariners,28 - 00,Caruaru Wolves,Superliga D1 - Playoffs,http://www.salaooval.com.br/times/recife-mariners/,http://www.salaooval.com.br/times/caruaru-wolves,Semi NE,,superliga-2025,
2025-11-01 14:00:55,Coritiba Crocodiles,13 - 10,T-Rex,Superliga D1 - Playoffs,http://www.salaooval.com.br/times/coritiba-crocodiles/,http://www.salaooval.com.br/times/timbo-rex,Semi Sul,,superliga-2025,
2025-11-02 10:00:45,São Raimundo C. Cavaliers,00 - 76,Rondonópolis Hawks,Superliga D1 - Playoffs,http://www.salaooval.com.br/times/manaus-cavaliers/,http://www.salaooval.com.br/times/rondonopolis-hawks,Final CO,,superliga-2025,
2025-11-02 11:00:52,Spartans Football,06 - 00,Vasco Almirantes,Superliga D1 - Playoffs,http://www.salaooval.com.br/times/spartans-football/,http://www.salaooval.com.br/times/vasco-almirantes/,Final SE,,superliga-2025,
2025-11-02 15:00:54,Recife Mariners,17 - 14,Fortaleza Tritões,Superliga D1 - Playoffs,http://www.salaooval.com.br/times/recife-mariners/,https://www.salaooval.com.br/equipe/fortaleza-tritoes/,Semi NE,,superliga-2025,
2025-11-15 14:00:46,Coritiba Crocodiles,17 - 00,Spartans Football,Superliga D1 - Playoffs,http://www.salaooval.com.br/times/coritiba-crocodiles/,http://www.salaooval.com.br/times/spartans-football/,Semi Sul,,superliga-2025,
2025-11-16 10:00:45,Recife Mariners,35 - 33,Rondonópolis Hawks,Superliga D1 - Playoffs,http://www.salaooval.com.br/times/recife-mariners/,http://www.salaooval.com.br/times/rondonopolis-hawks,Semi NE,,superliga-2025,
2025-12-06 17:00:25,Coritiba Crocodiles,28 - 22,Recife Mariners,"Brasil Bowl, Superliga D1 - Playoffs",http://www.salaooval.com.br/times/coritiba-crocodiles/,http://www.salaooval.com.br/times/recife-mariners/,Brasil Bowl,,superliga-2025,
2025-07-05 15:00:00,Recife Mariners,35 - 14,Caruaru Wolves,Superliga D1,http://www.salaooval.com.br/times/recife-mariners/,http://www.salaooval.com.br/times/caruaru-wolves,,,superliga-2025,
2025-07-06 10:00:00,Chape FA,09 - 14,Francisco Beltrão Red Feet,Superliga D3,https://www.salaooval.com.br/equipe/chape-fa/,http://www.salaooval.com.br/times/francisco-beltrao-red-feet/,,,superliga-2025,
2025-07-06 10:00:00,Lusa Jaguars,14 - 17,Brasília Pilots,Superliga Feminina,https://www.salaooval.com.br/equipe/lusa-jaguars/,https://www.salaooval.com.br/equipe/brasilia-pilots/,,,superliga-2025,
2025-07-06 13:30:00,Goianos FA,28 - 00,Gama Leões de Judá,Superliga D2,https://www.salaooval.com.br/equipe/goianos-fa/,http://www.salaooval.com.br/times/leoes-de-juda,,,superliga-2025,
2025-07-06 14:00:00,Caucaia Sabres,20 - 37,Fortaleza Tritões,Superliga D1,https://www.salaooval.com.br/equipe/caucaia-sabres/,https://www.salaooval.com.br/equipe/fortaleza-tritoes/,,,superliga-2025,
2025-07-13 10:00:00,Curitiba Silverhawks,17 - 07,Curitiba Phoenix,Superliga Feminina,https://www.salaooval.com.br/equipe/curitiba-silverhawks/,https://www.salaooval.com.br/equipe/curitiba-phoenix/,,,superliga-2025,
2025-07-13 13:30:00,Juventude FA,14 - 17,Santa Maria Soldiers,Superliga D1,https://www.salaooval.com.br/times/uniao-da-serra/,http://www.salaooval.com.br/times/santa-maria-soldiers,,,superliga-2025,
2025-07-13 14:00:00,Coritiba Crocodiles B,12 - 00,JEC Gladiators,Superliga D3,https://www.salaooval.com.br/equipe/coritiba-crocodiles-b/,http://www.salaooval.com.br/times/joinville-gladiators,,,superliga-2025,
2025-07-13 14:30:00,Istepôs FA,17 - 20,Bravos FA,Superliga D1,https://www.salaooval.com.br/times/istepos-fa/,https://www.salaooval.com.br/equipe/bravos-fa/,,,superliga-2025,
2025-07-17 09:00:00,Porto Velho Miners,31 - 00,São Raimundo C. Cavaliers,Superliga D1,https://www.salaooval.com.br/equipe/porto-velho-miners/,http://www.salaooval.com.br/times/manaus-cavaliers/,,,superliga-2025,
2025-07-19 14:00:00,Erechim Coroados,48 - 06,Chape FA,Superliga D3,https://www.salaooval.com.br/equipe/erechim-coroados/,https://www.salaooval.com.br/equipe/chape-fa/,,,superliga-2025,
2025-07-20 09:30:00,Brown Spiders,21 - 18,Calvary Cavaliers,Superliga D1,http://www.salaooval.com.br/times/brown-spiders/,https://www.salaooval.com.br/equipe/calvary-cavaliers/,,,superliga-2025,
2025-07-20 14:00:00,Coritiba Crocodiles,35 - 29,T-Rex,Superliga D1,http://www.salaooval.com.br/times/coritiba-crocodiles/,http://www.salaooval.com.br/times/timbo-rex,,,superliga-2025,
2025-07-20 14:00:00,Gama Leões de Judá,21 - 00,Brasília Wizards,Superliga D2,http://www.salaooval.com.br/times/leoes-de-juda,https://www.salaooval.com.br/equipe/brasilia-wizards/,,,superliga-2025,
2025-07-26 14:00:00,Santa Maria Soldiers,06 - 07,Istepôs FA,Superliga D1,http://www.salaooval.com.br/times/santa-maria-soldiers,https://www.salaooval.com.br/times/istepos-fa/,,,superliga-2025,
2025-07-26 15:00:00,Cuiabá Arsenal,13 - 16,Tubarões do Cerrado,Superliga D1,http://www.salaooval.com.br/times/cuiaba-arsenal/,https://www.salaooval.com.br/equipe/tubaroes-do-cerrado/,,,superliga-2025,
2025-07-26 15:00:00,JEC Gladiators,22 - 34,PRC Guardian Saints,Superliga D3,http://www.salaooval.com.br/times/joinville-gladiators,https://www.salaooval.com.br/times/guardian-saints,,,superliga-2025,
2025-07-27 09:00:00,São Raimundo C. Cavaliers,03 - 55,Manaus FA,Superliga D1,http://www.salaooval.com.br/times/manaus-cavaliers/,http://www.salaooval.com.br/times/manaus-fa/,,,superliga-2025,
2025-07-27 14:00:00,Criciúma Iron Tigers,03 - 27,Bears FA,Superliga D3,https://www.salaooval.com.br/equipe/criciuma-iron-tigers/,https://www.salaooval.com.br/equipe/bears-fa/,,,superliga-2025,
2025-07-28 14:30:00,Gravataí Spartans,24 - 18,Matilha dos Vales,Superliga D3,https://www.salaooval.com.br/equipe/gravatai-spartans/,https://www.salaooval.com.br/equipe/matilha-dos-vales/,,,superliga-2025,
2025-08-02 14:00:00,Tritões FA,06 - 35,Vasco Almirantes,Superliga D1,http://www.salaooval.com.br/times/tritoes-fa/,http://www.salaooval.com.br/times/vasco-almirantes/,,,superliga-2025,
2025-08-02 14:00:00,Galo FA,14 - 17,Spartans Football,Superliga D1,http://www.salaooval.com.br/times/galo-fa/,http://www.salaooval.com.br/times/spartans-football/,,,superliga-2025,
2025-08-02 15:00:00,Brasília Pilots,34 - 00,Curitiba Phoenix,Superliga Feminina,https://www.salaooval.com.br/equipe/brasilia-pilots/,https://www.salaooval.com.br/equipe/curitiba-phoenix/,,,superliga-2025,
2025-08-02 16:00:00,T-Rex,39 - 00,Brown Spiders,Superliga D1,http://www.salaooval.com.br/times/timbo-rex,http://www.salaooval.com.br/times/brown-spiders/,,,superliga-2025,
2025-08-02 19:00:00,Cruzeiro FA,07 - 09,Guarulhos Rhynos,Superliga D1,https://www.salaooval.com.br/times/cruzeiro_fa/,https://www.salaooval.com.br/times/Guarulhos-Rhynos/,,,superliga-2025,
2025-08-03 10:00:00,Locomotiva FA,33 - 13,Flamengo Imperadores,Superliga D1,http://www.salaooval.com.br/times/america-locomotiva/,http://www.salaooval.com.br/times/flamengo-imperadores/,,,superliga-2025,
2025-08-03 10:00:00,Cavalaria 2 de Julho,28 - 12,Caruaru Wolves,Superliga D1,http://www.salaooval.com.br/times/cavalaria-2-de-julho/,http://www.salaooval.com.br/times/caruaru-wolves,,,superliga-2025,
2025-08-03 10:00:00,Sorocaba Vipers,07 - 14,Vikings FA,Superliga D2,http://www.salaooval.com.br/times/sorocaba-vipers/,https://www.salaooval.com.br/equipe/vikings-fa/,,,superliga-2025,
2025-08-03 10:00:00,Brasília Wizards,00 - 48,Goianos FA,Superliga D2,https://www.salaooval.com.br/equipe/brasilia-wizards/,https://www.salaooval.com.br/equipe/goianos-fa/,,,superliga-2025,
2025-08-03 14:00:00,Recife Mariners,14 - 00,Fortaleza Tritões,Superliga D1,http://www.salaooval.com.br/times/recife-mariners/,https://www.salaooval.com.br/equipe/fortaleza-tritoes/,,,superliga-2025,
2025-08-03 14:00:00,Moura Lacerda Dragons,13 - 20,Rio Preto Weilers,Superliga D1,https://www.salaooval.com.br/times/moura-lacerda-dragons,http://www.salaooval.com.br/times/rio-preto-weilers,,,superliga-2025,
2025-08-03 14:00:00,Ocelots FA,43 - 06,Corinthians Steamrollers,Superliga D1,http://www.salaooval.com.br/times/ocelots-fa,http://www.salaooval.com.br/times/corinthians-steamrollers/,,,superliga-2025,
2025-08-03 14:00:00,Caucaia Sabres,13 - 14,João Pessoa Espectros,Superliga D1,https://www.salaooval.com.br/equipe/caucaia-sabres/,http://www.salaooval.com.br/times/joao-pessoa-espectros/,,,superliga-2025,
2025-08-03 14:00:00,Calvary Cavaliers,00 - 54,Coritiba Crocodiles,Superliga D1,https://www.salaooval.com.br/equipe/calvary-cavaliers/,http://www.salaooval.com.br/times/coritiba-crocodiles/,,,superliga-2025,
2025-08-03 14:00:00,Ponta Grossa Phantoms,09 - 37,Londrina Bristlebacks,Superliga D2,https://www.salaooval.com.br/equipe/ponta-grossa-phantoms/,http://www.salaooval.com.br/times/londrina-bristlebacks,,,superliga-2025,
2025-08-09 00:00:00,Tubarões do Cerrado,00:00:00Adiado,Manaus FA,Superliga D1,https://www.salaooval.com.br/equipe/tubaroes-do-cerrado/,http://www.salaooval.com.br/times/manaus-fa/,,,superliga-2025,
2025-08-09 16:00:00,Cuiabá Arsenal,13 - 21,Rondonópolis Hawks,Superliga D1,http://www.salaooval.com.br/times/cuiaba-arsenal/,http://www.salaooval.com.br/times/rondonopolis-hawks,,,superliga-2025,
2025-08-10 10:00:00,Cascavel Olympians,06 - 47,Arapongas Golden Phoenix,Superliga D3,https://www.salaooval.com.br/equipe/cascavel-olympians/,https://www.salaooval.com.br/equipe/arapongas-golden-phoenix/,,,superliga-2025,
2025-08-10 10:00:00,Lusa Jaguars,13 - 09,Curitiba Silverhawks,Superliga Feminina,https://www.salaooval.com.br/equipe/lusa-jaguars/,https://www.salaooval.com.br/equipe/curitiba-silverhawks/,,,superliga-2025,
2025-08-10 14:00:00,Bravos FA,28 - 34,Juventude FA,Superliga D1,https://www.salaooval.com.br/equipe/bravos-fa/,https://www.salaooval.com.br/times/uniao-da-serra/,,,superliga-2025,
2025-09-20 14:30:35,Juventude FA,07 - 25,Brown Spiders,Superliga D1 - Playoffs,https://www.salaooval.com.br/times/uniao-da-serra/,http://www.salaooval.com.br/times/brown-spiders/,Wildcard Sul,,superliga-2025,
2025-09-20 18:20:38,T-Rex,50 - 06,Bravos FA,Superliga D1 - Playoffs,http://www.salaooval.com.br/times/timbo-rex,https://www.salaooval.com.br/equipe/bravos-fa/,Wildcard Sul,,superliga-2025,
2025-10-04 14:00:09,Galo FA,12 - 35,Vasco Almirantes,Superliga D1 - Playoffs,http://www.salaooval.com.br/times/galo-fa/,http://www.salaooval.com.br/times/vasco-almirantes/,Wildcard SE,,superliga-2025,
2025-10-04 14:00:59,Guarulhos Rhynos,59 - 58,Ocelots FA,Superliga D1 - Playoffs,https://www.salaooval.com.br/times/Guarulhos-Rhynos/,http://www.salaooval.com.br/times/ocelots-fa,Wildcard SE,,superliga-2025,
2025-10-05 14:00:46,João Pessoa Espectros,14 - 30,Caruaru Wolves,Superliga D1 - Playoffs,http://www.salaooval.com.br/times/joao-pessoa-espectros/,http://www.salaooval.com.br/times/caruaru-wolves,Wildcard NE,,superliga-2025,
2025-10-11 18:00:49,Rondonópolis Hawks,13 - 07,Tubarões do Cerrado,Superliga D1 - Playoffs,http://www.salaooval.com.br/times/rondonopolis-hawks,https://www.salaooval.com.br/equipe/tubaroes-do-cerrado/,Final CO,,superliga-2025,
2025-10-19 10:00:24,Locomotiva FA,27 - 28,Vasco Almirantes,Superliga D1 - Playoffs,http://www.salaooval.com.br/times/america-locomotiva/,http://www.salaooval.com.br/times/vasco-almirantes/,Semi SE,,superliga-2025,
2025-10-19 10:00:25,Spartans Football,17 - 00,Guarulhos Rhynos,Superliga D1 - Playoffs,http://www.salaooval.com.br/times/spartans-football/,https://www.salaooval.com.br/times/Guarulhos-Rhynos/,Semi SE,,superliga-2025,
2025-10-19 10:00:49,Cavalaria 2 de Julho,28 - 29,Fortaleza Tritões,Superliga D1 - Playoffs,http://www.salaooval.com.br/times/cavalaria-2-de-julho/,https://www.salaooval.com.br/equipe/fortaleza-tritoes/,Semi NE,,superliga-2025,
2025-10-19 14:00:52,Istepôs FA,00 - 35,T-Rex,Superliga D1 - Playoffs,https://www.salaooval.com.br/times/istepos-fa/,http://www.salaooval.com.br/times/timbo-rex,Semi Sul,,superliga-2025,
2025-10-19 14:00:59,Coritiba Crocodiles,38 - 00,Brown Spiders,Superliga D1 - Playoffs,http://www.salaooval.com.br/times/coritiba-crocodiles/,http://www.salaooval.com.br/times/brown-spiders/,Semi Sul,,superliga-2025,
2025-10-19 15:00:37,Recife Mariners,28 - 00,Caruaru Wolves,Superliga D1 - Playoffs,http://www.salaooval.com.br/times/recife-mariners/,http://www.salaooval.com.br/times/caruaru-wolves,Semi NE,,superliga-2025,
2025-11-01 14:00:55,Coritiba Crocodiles,13 - 10,T-Rex,Superliga D1 - Playoffs,http://www.salaooval.com.br/times/coritiba-crocodiles/,http://www.salaooval.com.br/times/timbo-rex,Semi Sul,,superliga-2025,
2025-11-02 10:00:45,São Raimundo C. Cavaliers,00 - 76,Rondonópolis Hawks,Superliga D1 - Playoffs,http://www.salaooval.com.br/times/manaus-cavaliers/,http://www.salaooval.com.br/times/rondonopolis-hawks,Final CO,,superliga-2025,
2025-11-02 11:00:52,Spartans Football,06 - 00,Vasco Almirantes,Superliga D1 - Playoffs,http://www.salaooval.com.br/times/spartans-football/,http://www.salaooval.com.br/times/vasco-almirantes/,Final SE,,superliga-2025,
2025-11-02 15:00:54,Recife Mariners,17 - 14,Fortaleza Tritões,Superliga D1 - Playoffs,http://www.salaooval.com.br/times/recife-mariners/,https://www.salaooval.com.br/equipe/fortaleza-tritoes/,Semi NE,,superliga-2025,
2025-11-15 14:00:46,Coritiba Crocodiles,17 - 00,Spartans Football,Superliga D1 - Playoffs,http://www.salaooval.com.br/times/coritiba-crocodiles/,http://www.salaooval.com.br/times/spartans-football/,Semi Sul,,superliga-2025,
2025-11-16 10:00:45,Recife Mariners,35 - 33,Rondonópolis Hawks,Superliga D1 - Playoffs,http://www.salaooval.com.br/times/recife-mariners/,http://www.salaooval.com.br/times/rondonopolis-hawks,Semi NE,,superliga-2025,
2025-12-06 17:00:25,Coritiba Crocodiles,28 - 22,Recife Mariners,"Brasil Bowl, Superliga D1 - Playoffs",http://www.salaooval.com.br/times/coritiba-crocodiles/,http://www.salaooval.com.br/times/recife-mariners/,Brasil Bowl,,superliga-2025,
2025-08-16 14:00:00,Vasco Almirantes,00 - 68,Locomotiva FA,Superliga D1,http://www.salaooval.com.br/times/vasco-almirantes/,http://www.salaooval.com.br/times/america-locomotiva/,,,superliga-2025,
2025-08-16 14:00:00,Flamengo Imperadores,44 - 06,Tritões FA,Superliga D1,http://www.salaooval.com.br/times/flamengo-imperadores/,http://www.salaooval.com.br/times/tritoes-fa/,,,superliga-2025,
2025-08-16 14:00:00,Calvary Cavaliers,00 - 55,T-Rex,Superliga D1,https://www.salaooval.com.br/equipe/calvary-cavaliers/,http://www.salaooval.com.br/times/timbo-rex,,,superliga-2025,
2025-08-16 17:00:00,Rio Preto Weilers,13 - 31,Galo FA,Superliga D1,http://www.salaooval.com.br/times/rio-preto-weilers,http://www.salaooval.com.br/times/galo-fa/,,,superliga-2025,
2025-08-16 18:00:00,Corinthians Steamrollers,10 - 31,Cruzeiro FA,Superliga D1,http://www.salaooval.com.br/times/corinthians-steamrollers/,https://www.salaooval.com.br/times/cruzeiro_fa/,,,superliga-2025,
2025-08-17 09:00:00,São Raimundo C. Cavaliers,09:00:00Adiado,Porto Velho Miners,Superliga D1,http://www.salaooval.com.br/times/manaus-cavaliers/,https://www.salaooval.com.br/equipe/porto-velho-miners/,,,superliga-2025,
2025-08-17 09:30:00,Coritiba Crocodiles B,30 - 00,PRC Guardian Saints,Superliga D3,https://www.salaooval.com.br/equipe/coritiba-crocodiles-b/,https://www.salaooval.com.br/times/guardian-saints,,,superliga-2025,
2025-08-17 10:00:00,Spartans Football,18 - 00,Moura Lacerda Dragons,Superliga D1,http://www.salaooval.com.br/times/spartans-football/,https://www.salaooval.com.br/times/moura-lacerda-dragons,,,superliga-2025,
2025-08-17 10:00:00,Bravos FA,33 - 26,Santa Maria Soldiers,Superliga D1,https://www.salaooval.com.br/equipe/bravos-fa/,http://www.salaooval.com.br/times/santa-maria-soldiers,,,superliga-2025,
2025-08-17 10:00:00,Istepôs FA,16 - 13,Juventude FA,Superliga D1,https://www.salaooval.com.br/times/istepos-fa/,https://www.salaooval.com.br/times/uniao-da-serra/,,,superliga-2025,
2025-08-17 10:00:00,São José Jets,18 - 12,Caniballs Football,Superliga D3,https://www.salaooval.com.br/equipe/sao-jose-jets/,https://www.salaooval.com.br/equipe/caniballs-football/,,,superliga-2025,
2025-08-17 10:00:00,Empyreo Leme Lizards,44 - 00,Vikings Berserker,Superliga D3,http://www.salaooval.com.br/times/empyreo-leme-lizards/,https://www.salaooval.com.br/equipe/vikings-berserker/,,,superliga-2025,
2025-08-17 14:00:00,Guarulhos Rhynos,19 - 14,Ocelots FA,Superliga D1,https://www.salaooval.com.br/times/Guarulhos-Rhynos/,http://www.salaooval.com.br/times/ocelots-fa,,,superliga-2025,
2025-08-17 14:00:00,Coritiba Crocodiles,21 - 00,Brown Spiders,Superliga D1,http://www.salaooval.com.br/times/coritiba-crocodiles/,http://www.salaooval.com.br/times/brown-spiders/,,,superliga-2025,
2025-08-17 14:00:00,Gama Leões de Judá,00 - 35,Goianos FA,Superliga D2,http://www.salaooval.com.br/times/leoes-de-juda,https://www.salaooval.com.br/equipe/goianos-fa/,,,superliga-2025,
2025-08-17 14:00:00,Matilha dos Vales,03 - 07,Bears FA,Superliga D3,https://www.salaooval.com.br/equipe/matilha-dos-vales/,https://www.salaooval.com.br/equipe/bears-fa/,,,superliga-2025,
2025-08-17 14:00:00,Gravataí Spartans,14 - 28,Criciúma Iron Tigers,Superliga D3,https://www.salaooval.com.br/equipe/gravatai-spartans/,https://www.salaooval.com.br/equipe/criciuma-iron-tigers/,,,superliga-2025,
2025-08-17 14:00:00,Taubaté Football,07 - 10,Tatuapé Monsters,Superliga D3,https://www.salaooval.com.br/equipe/taubate-football/,https://www.salaooval.com.br/equipe/tatuape-monsters/,,,superliga-2025,
2025-08-17 14:30:00,Francisco Beltrão Red Feet,39 - 06,Chape FA,Superliga D3,http://www.salaooval.com.br/times/francisco-beltrao-red-feet/,https://www.salaooval.com.br/equipe/chape-fa/,,,superliga-2025,
2025-08-23 17:00:00,Rondonópolis Hawks,36 - 17,Tubarões do Cerrado,Superliga D1,http://www.salaooval.com.br/times/rondonopolis-hawks,https://www.salaooval.com.br/equipe/tubaroes-do-cerrado/,,,superliga-2025,
2025-08-24 10:00:00,Fortaleza Tritões,32 - 07,João Pessoa Espectros,Superliga D1,https://www.salaooval.com.br/equipe/fortaleza-tritoes/,http://www.salaooval.com.br/times/joao-pessoa-espectros/,,,superliga-2025,
2025-08-24 10:00:00,Cavalaria 2 de Julho,26 - 27,Recife Mariners,Superliga D1,http://www.salaooval.com.br/times/cavalaria-2-de-julho/,http://www.salaooval.com.br/times/recife-mariners/,,,superliga-2025,
2025-08-24 14:00:00,Caruaru Wolves,34 - 07,Caucaia Sabres,Superliga D1,http://www.salaooval.com.br/times/caruaru-wolves,https://www.salaooval.com.br/equipe/caucaia-sabres/,,,superliga-2025,
2025-08-30 14:00:00,Porto Velho Miners,09 - 28,Cuiabá Arsenal,Superliga D1,https://www.salaooval.com.br/equipe/porto-velho-miners/,http://www.salaooval.com.br/times/cuiaba-arsenal/,,,superliga-2025,
2025-08-30 14:00:00,Flamengo Imperadores,42 - 21,Ocelots FA,Superliga D1,http://www.salaooval.com.br/times/flamengo-imperadores/,http://www.salaooval.com.br/times/ocelots-fa,,,superliga-2025,
2025-08-30 14:00:00,Santa Maria Soldiers,13 - 40,Coritiba Crocodiles,Superliga D1,http://www.salaooval.com.br/times/santa-maria-soldiers,http://www.salaooval.com.br/times/coritiba-crocodiles/,,,superliga-2025,
2025-08-30 14:00:00,Brown Spiders,16 - 20,Istepôs FA,Superliga D1,http://www.salaooval.com.br/times/brown-spiders/,https://www.salaooval.com.br/times/istepos-fa/,,,superliga-2025,
2025-08-30 14:00:00,Tritões FA,00 - 64,Locomotiva FA,Superliga D1,http://www.salaooval.com.br/times/tritoes-fa/,http://www.salaooval.com.br/times/america-locomotiva/,,,superliga-2025,
2025-08-30 14:00:00,Moura Lacerda Dragons,12 - 30,Galo FA,Superliga D1,https://www.salaooval.com.br/times/moura-lacerda-dragons,http://www.salaooval.com.br/times/galo-fa/,,,superliga-2025,
2025-08-30 14:00:00,Londrina Bristlebacks,27 - 09,Vikings FA,Superliga D2,http://www.salaooval.com.br/times/londrina-bristlebacks,https://www.salaooval.com.br/equipe/vikings-fa/,,,superliga-2025,
2025-08-30 14:00:00,PRC Guardian Saints,06 - 00,JEC Gladiators,Superliga D3,https://www.salaooval.com.br/times/guardian-saints,http://www.salaooval.com.br/times/joinville-gladiators,,,superliga-2025,
2025-08-30 14:00:00,Chape FA,06 - 28,Erechim Coroados,Superliga D3,https://www.salaooval.com.br/equipe/chape-fa/,https://www.salaooval.com.br/equipe/erechim-coroados/,,,superliga-2025,
2025-08-30 14:00:00,Bears FA,39 - 34,Gravataí Spartans,Superliga D3,https://www.salaooval.com.br/equipe/bears-fa/,https://www.salaooval.com.br/equipe/gravatai-spartans/,,,superliga-2025,
2025-08-30 14:30:00,Juventude FA,34 - 00,Calvary Cavaliers,Superliga D1,https://www.salaooval.com.br/times/uniao-da-serra/,https://www.salaooval.com.br/equipe/calvary-cavaliers/,,,superliga-2025,
2025-08-30 16:00:00,Cruzeiro FA,00 - 19,Rio Preto Weilers,Superliga D1,https://www.salaooval.com.br/times/cruzeiro_fa/,http://www.salaooval.com.br/times/rio-preto-weilers,,,superliga-2025,
2025-08-30 16:00:00,T-Rex,49 - 06,Bravos FA,Superliga D1,http://www.salaooval.com.br/times/timbo-rex,https://www.salaooval.com.br/equipe/bravos-fa/,,,superliga-2025,
2025-08-30 18:00:00,Corinthians Steamrollers,10 - 49,Vasco Almirantes,Superliga D1,http://www.salaooval.com.br/times/corinthians-steamrollers/,http://www.salaooval.com.br/times/vasco-almirantes/,,,superliga-2025,
2025-08-31 09:00:00,Ponta Grossa Phantoms,30 - 00,Sorocaba Vipers,Superliga D2,https://www.salaooval.com.br/equipe/ponta-grossa-phantoms/,http://www.salaooval.com.br/times/sorocaba-vipers/,,,superliga-2025,
2025-08-31 10:00:00,Spartans Football,35 - 25,Guarulhos Rhynos,Superliga D1,http://www.salaooval.com.br/times/spartans-football/,https://www.salaooval.com.br/times/Guarulhos-Rhynos/,,,superliga-2025,
2025-08-31 10:00:00,Arapongas Golden Phoenix,38 - 00,Cascavel Olympians,Superliga D3,https://www.salaooval.com.br/equipe/arapongas-golden-phoenix/,https://www.salaooval.com.br/equipe/cascavel-olympians/,,,superliga-2025,
2025-09-20 14:30:35,Juventude FA,07 - 25,Brown Spiders,Superliga D1 - Playoffs,https://www.salaooval.com.br/times/uniao-da-serra/,http://www.salaooval.com.br/times/brown-spiders/,Wildcard Sul,,superliga-2025,
2025-09-20 18:20:38,T-Rex,50 - 06,Bravos FA,Superliga D1 - Playoffs,http://www.salaooval.com.br/times/timbo-rex,https://www.salaooval.com.br/equipe/bravos-fa/,Wildcard Sul,,superliga-2025,
2025-10-04 14:00:09,Galo FA,12 - 35,Vasco Almirantes,Superliga D1 - Playoffs,http://www.salaooval.com.br/times/galo-fa/,http://www.salaooval.com.br/times/vasco-almirantes/,Wildcard SE,,superliga-2025,
2025-10-04 14:00:59,Guarulhos Rhynos,59 - 58,Ocelots FA,Superliga D1 - Playoffs,https://www.salaooval.com.br/times/Guarulhos-Rhynos/,http://www.salaooval.com.br/times/ocelots-fa,Wildcard SE,,superliga-2025,
2025-10-05 14:00:46,João Pessoa Espectros,14 - 30,Caruaru Wolves,Superliga D1 - Playoffs,http://www.salaooval.com.br/times/joao-pessoa-espectros/,http://www.salaooval.com.br/times/caruaru-wolves,Wildcard NE,,superliga-2025,
2025-10-11 18:00:49,Rondonópolis Hawks,13 - 07,Tubarões do Cerrado,Superliga D1 - Playoffs,http://www.salaooval.com.br/times/rondonopolis-hawks,https://www.salaooval.com.br/equipe/tubaroes-do-cerrado/,Final CO,,superliga-2025,
2025-10-19 10:00:24,Locomotiva FA,27 - 28,Vasco Almirantes,Superliga D1 - Playoffs,http://www.salaooval.com.br/times/america-locomotiva/,http://www.salaooval.com.br/times/vasco-almirantes/,Semi SE,,superliga-2025,
2025-10-19 10:00:25,Spartans Football,17 - 00,Guarulhos Rhynos,Superliga D1 - Playoffs,http://www.salaooval.com.br/times/spartans-football/,https://www.salaooval.com.br/times/Guarulhos-Rhynos/,Semi SE,,superliga-2025,
2025-10-19 10:00:49,Cavalaria 2 de Julho,28 - 29,Fortaleza Tritões,Superliga D1 - Playoffs,http://www.salaooval.com.br/times/cavalaria-2-de-julho/,https://www.salaooval.com.br/equipe/fortaleza-tritoes/,Semi NE,,superliga-2025,
2025-10-19 14:00:52,Istepôs FA,00 - 35,T-Rex,Superliga D1 - Playoffs,https://www.salaooval.com.br/times/istepos-fa/,http://www.salaooval.com.br/times/timbo-rex,Semi Sul,,superliga-2025,
2025-10-19 14:00:59,Coritiba Crocodiles,38 - 00,Brown Spiders,Superliga D1 - Playoffs,http://www.salaooval.com.br/times/coritiba-crocodiles/,http://www.salaooval.com.br/times/brown-spiders/,Semi Sul,,superliga-2025,
2025-10-19 15:00:37,Recife Mariners,28 - 00,Caruaru Wolves,Superliga D1 - Playoffs,http://www.salaooval.com.br/times/recife-mariners/,http://www.salaooval.com.br/times/caruaru-wolves,Semi NE,,superliga-2025,
2025-11-01 14:00:55,Coritiba Crocodiles,13 - 10,T-Rex,Superliga D1 - Playoffs,http://www.salaooval.com.br/times/coritiba-crocodiles/,http://www.salaooval.com.br/times/timbo-rex,Semi Sul,,superliga-2025,
2025-11-02 10:00:45,São Raimundo C. Cavaliers,00 - 76,Rondonópolis Hawks,Superliga D1 - Playoffs,http://www.salaooval.com.br/times/manaus-cavaliers/,http://www.salaooval.com.br/times/rondonopolis-hawks,Final CO,,superliga-2025,
2025-11-02 11:00:52,Spartans Football,06 - 00,Vasco Almirantes,Superliga D1 - Playoffs,http://www.salaooval.com.br/times/spartans-football/,http://www.salaooval.com.br/times/vasco-almirantes/,Final SE,,superliga-2025,
2025-11-02 15:00:54,Recife Mariners,17 - 14,Fortaleza Tritões,Superliga D1 - Playoffs,http://www.salaooval.com.br/times/recife-mariners/,https://www.salaooval.com.br/equipe/fortaleza-tritoes/,Semi NE,,superliga-2025,
2025-11-15 14:00:46,Coritiba Crocodiles,17 - 00,Spartans Football,Superliga D1 - Playoffs,http://www.salaooval.com.br/times/coritiba-crocodiles/,http://www.salaooval.com.br/times/spartans-football/,Semi Sul,,superliga-2025,
2025-11-16 10:00:45,Recife Mariners,35 - 33,Rondonópolis Hawks,Superliga D1 - Playoffs,http://www.salaooval.com.br/times/recife-mariners/,http://www.salaooval.com.br/times/rondonopolis-hawks,Semi NE,,superliga-2025,
2025-12-06 17:00:25,Coritiba Crocodiles,28 - 22,Recife Mariners,"Brasil Bowl, Superliga D1 - Playoffs",http://www.salaooval.com.br/times/coritiba-crocodiles/,http://www.salaooval.com.br/times/recife-mariners/,Brasil Bowl,,superliga-2025,
2025-04-13 09:00:00,Caruaru Wolves,06 - 09,Santa Cruz Imortais,,http://www.salaooval.com.br/times/caruaru-wolves,https://www.salaooval.com.br/equipe/recife-imortais/,,,campeonato-pernambucano-2025,CT Ninho do Gavião - Caruaru/PE
2025-04-27 15:00:00,Caruaru Wolves,15 - 06,Recife Mariners,,http://www.salaooval.com.br/times/caruaru-wolves,http://www.salaooval.com.br/times/recife-mariners/,,,campeonato-pernambucano-2025,Estádio da Vera Cruz - Caruaru/PE
2025-05-10 14:00:00,Santa Cruz Imortais,06 - 39,Recife Mariners,,https://www.salaooval.com.br/equipe/recife-imortais/,http://www.salaooval.com.br/times/recife-mariners/,,,campeonato-pernambucano-2025,Cabo de Sto. Agostinho/PE
2025-06-08 14:00:43,Recife Mariners,21 - 20,Caruaru Wolves,,http://www.salaooval.com.br/times/recife-mariners/,http://www.salaooval.com.br/times/caruaru-wolves,,,campeonato-pernambucano-2025,
2025-03-29 16:00:00,T-Rex,46 - 00,JEC Gladiators,,http://www.salaooval.com.br/times/timbo-rex,http://www.salaooval.com.br/times/joinville-gladiators,,,campeonato-catarinense-2025,Complexo Esportivo - Timbó/SC
2025-03-30 09:30:00,São Miguel Indians,29 - 00,Chape FA,,https://www.salaooval.com.br/equipe/sao-miguel-indians/,https://www.salaooval.com.br/equipe/chape-fa/,,,campeonato-catarinense-2025,Campo do Montese - São Miguel do Oeste/SC
2025-04-13 10:00:00,Istepôs FA,06 - 24,T-Rex,,https://www.salaooval.com.br/times/istepos-fa/,http://www.salaooval.com.br/times/timbo-rex,,,campeonato-catarinense-2025,Palhoça/SC
2025-04-26 16:00:00,Chape FA,14 - 46,São Miguel Indians,,https://www.salaooval.com.br/equipe/chape-fa/,https://www.salaooval.com.br/equipe/sao-miguel-indians/,,,campeonato-catarinense-2025,Chapecó/SC
2025-04-27 14:30:00,JEC Gladiators,00 - 47,Istepôs FA,,http://www.salaooval.com.br/times/joinville-gladiators,https://www.salaooval.com.br/times/istepos-fa/,,,campeonato-catarinense-2025,Grêmio Whirlpool - Joinville/SC
2025-05-17 16:00:16,São Miguel Indians,00 - 17,Istepôs FA,,https://www.salaooval.com.br/equipe/sao-miguel-indians/,https://www.salaooval.com.br/times/istepos-fa/,,,campeonato-catarinense-2025,
2025-05-17 16:00:16,São Miguel Indians,00 - 17,Istepôs FA,,https://www.salaooval.com.br/equipe/sao-miguel-indians/,https://www.salaooval.com.br/times/istepos-fa/,,,campeonato-catarinense-2025,
2025-06-08 14:00:29,Timbó Rex,16 - 14,Istepôs FA,,http://www.salaooval.com.br/times/timbo-rex,https://www.salaooval.com.br/times/istepos-fa/,,,campeonato-catarinense-2025,
2025-04-06 09:00:00,Bravos FA,52 - 14,Bears FA,,https://www.salaooval.com.br/equipe/bravos-fa/,https://www.salaooval.com.br/equipe/bears-fa/,,,campeonato-gaucho-2025,Estádio dos Eucaliptos - Santa Maria/RS
2025-04-06 14:30:00,Santa Maria Soldiers,53 - 00,Gravataí Spartans,,http://www.salaooval.com.br/times/santa-maria-soldiers,https://www.salaooval.com.br/equipe/gravatai-spartans/,,,campeonato-gaucho-2025,Estádio dos Eucaliptos - Santa Maria/RS
2025-04-27 09:00:00,Santa Maria Soldiers,49 - 00,Bears FA,,http://www.salaooval.com.br/times/santa-maria-soldiers,https://www.salaooval.com.br/equipe/bears-fa/,,,campeonato-gaucho-2025,Viamão/RS
2025-04-27 14:30:00,Gravataí Spartans,00 - 50,Bravos FA,,https://www.salaooval.com.br/equipe/gravatai-spartans/,https://www.salaooval.com.br/equipe/bravos-fa/,,,campeonato-gaucho-2025,Viamão/RS
2025-05-18 09:00:00,Bears FA,29 - 00,Gravataí Spartans,,https://www.salaooval.com.br/equipe/bears-fa/,https://www.salaooval.com.br/equipe/gravatai-spartans/,,,campeonato-gaucho-2025,
2025-05-18 09:00:00,Bears FA,29 - 00,Gravataí Spartans,,https://www.salaooval.com.br/equipe/bears-fa/,https://www.salaooval.com.br/equipe/gravatai-spartans/,,,campeonato-gaucho-2025,
2025-05-18 14:30:00,Santa Maria Soldiers,06 - 14,Bravos FA,,http://www.salaooval.com.br/times/santa-maria-soldiers,https://www.salaooval.com.br/equipe/bravos-fa/,,,campeonato-gaucho-2025,
2025-03-15 15:00:40,Uberlândia Lobos,00 - 21,Cruzeiro FA,,http://www.salaooval.com.br/times/uberlandia-lobos,https://www.salaooval.com.br/times/cruzeiro_fa/,,,campeonato-mineiro-2025,Uberlândia/MG
2025-03-23 10:00:00,Forgeds Tigres,07 - 00,Juiz de Fora Imperadores,,https://www.salaooval.com.br/equipe/forgeds-tigres/,http://www.salaooval.com.br/times/juiz-de-fora-imperadores/,,,campeonato-mineiro-2025,Campo Frei Ambrósio - Nova Serrana/MG
2025-04-06 10:00:00,Forgeds Tigres,13 - 42,Flamengo Imperadores,,https://www.salaooval.com.br/equipe/forgeds-tigres/,http://www.salaooval.com.br/times/flamengo-imperadores/,,,campeonato-mineiro-2025,Ipatingão - Ipatinga/MG
2025-04-12 14:00:00,Cruzeiro FA,21 - 00,Tritões FA,,https://www.salaooval.com.br/times/cruzeiro_fa/,http://www.salaooval.com.br/times/tritoes-fa/,,,campeonato-mineiro-2025,Estádio Municipal - Ibirité/MG
2025-04-26 14:00:00,Uberlândia Lobos,13 - 18,Tritões FA,,http://www.salaooval.com.br/times/uberlandia-lobos,http://www.salaooval.com.br/times/tritoes-fa/,,,campeonato-mineiro-2025,Uberlândia/MG
2025-04-27 14:00:00,Juiz de Fora Imperadores,02 - 40,Flamengo Imperadores,,http://www.salaooval.com.br/times/juiz-de-fora-imperadores/,http://www.salaooval.com.br/times/flamengo-imperadores/,,,campeonato-mineiro-2025,Esporte Clube Benfica - Juiz de Fora/MG
2025-05-10 14:00:00,Flamengo Imperadores,33 - 07,Tritões FA,,http://www.salaooval.com.br/times/flamengo-imperadores/,http://www.salaooval.com.br/times/tritoes-fa/,,,campeonato-mineiro-2025,
2025-05-10 14:00:00,Flamengo Imperadores,33 - 07,Tritões FA,,http://www.salaooval.com.br/times/flamengo-imperadores/,http://www.salaooval.com.br/times/tritoes-fa/,,,campeonato-mineiro-2025,
2025-05-10 19:00:57,Cruzeiro FA,37 - 00,Juiz de Fora Imperadores,,https://www.salaooval.com.br/times/cruzeiro_fa/,http://www.salaooval.com.br/times/juiz-de-fora-imperadores/,,,campeonato-mineiro-2025,
2025-05-10 14:00:00,Flamengo Imperadores,33 - 07,Tritões FA,,http://www.salaooval.com.br/times/flamengo-imperadores/,http://www.salaooval.com.br/times/tritoes-fa/,,,campeonato-mineiro-2025,
2025-05-10 19:00:57,Cruzeiro FA,37 - 00,Juiz de Fora Imperadores,,https://www.salaooval.com.br/times/cruzeiro_fa/,http://www.salaooval.com.br/times/juiz-de-fora-imperadores/,,,campeonato-mineiro-2025,
2025-05-17 14:00:53,Forgeds Tigres,00 - 27,Uberlândia Lobos,,https://www.salaooval.com.br/equipe/forgeds-tigres/,http://www.salaooval.com.br/times/uberlandia-lobos,,,campeonato-mineiro-2025,
2025-05-10 14:00:00,Flamengo Imperadores,33 - 07,Tritões FA,,http://www.salaooval.com.br/times/flamengo-imperadores/,http://www.salaooval.com.br/times/tritoes-fa/,,,campeonato-mineiro-2025,
2025-05-10 19:00:57,Cruzeiro FA,37 - 00,Juiz de Fora Imperadores,,https://www.salaooval.com.br/times/cruzeiro_fa/,http://www.salaooval.com.br/times/juiz-de-fora-imperadores/,,,campeonato-mineiro-2025,
2025-05-17 14:00:53,Forgeds Tigres,00 - 27,Uberlândia Lobos,,https://www.salaooval.com.br/equipe/forgeds-tigres/,http://www.salaooval.com.br/times/uberlandia-lobos,,,campeonato-mineiro-2025,
2025-05-31 14:00:58,Cruzeiro FA,55 - 00,Uberlândia Lobos,,https://www.salaooval.com.br/times/cruzeiro_fa/,http://www.salaooval.com.br/times/uberlandia-lobos,,,campeonato-mineiro-2025,
2025-05-10 14:00:00,Flamengo Imperadores,33 - 07,Tritões FA,,http://www.salaooval.com.br/times/flamengo-imperadores/,http://www.salaooval.com.br/times/tritoes-fa/,,,campeonato-mineiro-2025,
2025-05-10 19:00:57,Cruzeiro FA,37 - 00,Juiz de Fora Imperadores,,https://www.salaooval.com.br/times/cruzeiro_fa/,http://www.salaooval.com.br/times/juiz-de-fora-imperadores/,,,campeonato-mineiro-2025,
2025-05-17 14:00:53,Forgeds Tigres,00 - 27,Uberlândia Lobos,,https://www.salaooval.com.br/equipe/forgeds-tigres/,http://www.salaooval.com.br/times/uberlandia-lobos,,,campeonato-mineiro-2025,
2025-05-31 14:00:58,Cruzeiro FA,55 - 00,Uberlândia Lobos,,https://www.salaooval.com.br/times/cruzeiro_fa/,http://www.salaooval.com.br/times/uberlandia-lobos,,,campeonato-mineiro-2025,
2025-06-14 14:00:20,Galo FA,49 - 00,Juiz de Fora Imperadores,,http://www.salaooval.com.br/times/galo-fa/,http://www.salaooval.com.br/times/juiz-de-fora-imperadores/,,,campeonato-mineiro-2025,
2025-05-10 14:00:00,Flamengo Imperadores,33 - 07,Tritões FA,,http://www.salaooval.com.br/times/flamengo-imperadores/,http://www.salaooval.com.br/times/tritoes-fa/,,,campeonato-mineiro-2025,
2025-05-10 19:00:57,Cruzeiro FA,37 - 00,Juiz de Fora Imperadores,,https://www.salaooval.com.br/times/cruzeiro_fa/,http://www.salaooval.com.br/times/juiz-de-fora-imperadores/,,,campeonato-mineiro-2025,
2025-05-17 14:00:53,Forgeds Tigres,00 - 27,Uberlândia Lobos,,https://www.salaooval.com.br/equipe/forgeds-tigres/,http://www.salaooval.com.br/times/uberlandia-lobos,,,campeonato-mineiro-2025,
2025-05-31 14:00:58,Cruzeiro FA,55 - 00,Uberlândia Lobos,,https://www.salaooval.com.br/times/cruzeiro_fa/,http://www.salaooval.com.br/times/uberlandia-lobos,,,campeonato-mineiro-2025,
2025-06-14 14:00:20,Galo FA,49 - 00,Juiz de Fora Imperadores,,http://www.salaooval.com.br/times/galo-fa/,http://www.salaooval.com.br/times/juiz-de-fora-imperadores/,,,campeonato-mineiro-2025,
2025-06-15 10:00:21,Locomotiva FA,42 - 00,Forgeds Tigres,,http://www.salaooval.com.br/times/america-locomotiva/,https://www.salaooval.com.br/equipe/forgeds-tigres/,,,campeonato-mineiro-2025,
2025-05-10 14:00:00,Flamengo Imperadores,33 - 07,Tritões FA,,http://www.salaooval.com.br/times/flamengo-imperadores/,http://www.salaooval.com.br/times/tritoes-fa/,,,campeonato-mineiro-2025,
2025-05-10 19:00:57,Cruzeiro FA,37 - 00,Juiz de Fora Imperadores,,https://www.salaooval.com.br/times/cruzeiro_fa/,http://www.salaooval.com.br/times/juiz-de-fora-imperadores/,,,campeonato-mineiro-2025,
2025-05-17 14:00:53,Forgeds Tigres,00 - 27,Uberlândia Lobos,,https://www.salaooval.com.br/equipe/forgeds-tigres/,http://www.salaooval.com.br/times/uberlandia-lobos,,,campeonato-mineiro-2025,
2025-05-31 14:00:58,Cruzeiro FA,55 - 00,Uberlândia Lobos,,https://www.salaooval.com.br/times/cruzeiro_fa/,http://www.salaooval.com.br/times/uberlandia-lobos,,,campeonato-mineiro-2025,
2025-06-14 14:00:20,Galo FA,49 - 00,Juiz de Fora Imperadores,,http://www.salaooval.com.br/times/galo-fa/,http://www.salaooval.com.br/times/juiz-de-fora-imperadores/,,,campeonato-mineiro-2025,
2025-06-15 10:00:21,Locomotiva FA,42 - 00,Forgeds Tigres,,http://www.salaooval.com.br/times/america-locomotiva/,https://www.salaooval.com.br/equipe/forgeds-tigres/,,,campeonato-mineiro-2025,
2025-06-28 14:30:53,Locomotiva FA,19 - 13,Cruzeiro FA,,http://www.salaooval.com.br/times/america-locomotiva/,https://www.salaooval.com.br/times/cruzeiro_fa/,,,campeonato-mineiro-2025,
2025-05-10 14:00:00,Flamengo Imperadores,33 - 07,Tritões FA,,http://www.salaooval.com.br/times/flamengo-imperadores/,http://www.salaooval.com.br/times/tritoes-fa/,,,campeonato-mineiro-2025,
2025-05-10 19:00:57,Cruzeiro FA,37 - 00,Juiz de Fora Imperadores,,https://www.salaooval.com.br/times/cruzeiro_fa/,http://www.salaooval.com.br/times/juiz-de-fora-imperadores/,,,campeonato-mineiro-2025,
2025-05-17 14:00:53,Forgeds Tigres,00 - 27,Uberlândia Lobos,,https://www.salaooval.com.br/equipe/forgeds-tigres/,http://www.salaooval.com.br/times/uberlandia-lobos,,,campeonato-mineiro-2025,
2025-05-31 14:00:58,Cruzeiro FA,55 - 00,Uberlândia Lobos,,https://www.salaooval.com.br/times/cruzeiro_fa/,http://www.salaooval.com.br/times/uberlandia-lobos,,,campeonato-mineiro-2025,
2025-06-14 14:00:20,Galo FA,49 - 00,Juiz de Fora Imperadores,,http://www.salaooval.com.br/times/galo-fa/,http://www.salaooval.com.br/times/juiz-de-fora-imperadores/,,,campeonato-mineiro-2025,
2025-06-15 10:00:21,Locomotiva FA,42 - 00,Forgeds Tigres,,http://www.salaooval.com.br/times/america-locomotiva/,https://www.salaooval.com.br/equipe/forgeds-tigres/,,,campeonato-mineiro-2025,
2025-06-28 14:30:53,Locomotiva FA,19 - 13,Cruzeiro FA,,http://www.salaooval.com.br/times/america-locomotiva/,https://www.salaooval.com.br/times/cruzeiro_fa/,,,campeonato-mineiro-2025,
2025-06-29 11:00:48,Galo FA,49 - 13,Uberlândia Lobos,,http://www.salaooval.com.br/times/galo-fa/,http://www.salaooval.com.br/times/uberlandia-lobos,,,campeonato-mineiro-2025,
2025-05-10 14:00:00,Flamengo Imperadores,33 - 07,Tritões FA,,http://www.salaooval.com.br/times/flamengo-imperadores/,http://www.salaooval.com.br/times/tritoes-fa/,,,campeonato-mineiro-2025,
2025-05-10 19:00:57,Cruzeiro FA,37 - 00,Juiz de Fora Imperadores,,https://www.salaooval.com.br/times/cruzeiro_fa/,http://www.salaooval.com.br/times/juiz-de-fora-imperadores/,,,campeonato-mineiro-2025,
2025-05-17 14:00:53,Forgeds Tigres,00 - 27,Uberlândia Lobos,,https://www.salaooval.com.br/equipe/forgeds-tigres/,http://www.salaooval.com.br/times/uberlandia-lobos,,,campeonato-mineiro-2025,
2025-05-31 14:00:58,Cruzeiro FA,55 - 00,Uberlândia Lobos,,https://www.salaooval.com.br/times/cruzeiro_fa/,http://www.salaooval.com.br/times/uberlandia-lobos,,,campeonato-mineiro-2025,
2025-06-14 14:00:20,Galo FA,49 - 00,Juiz de Fora Imperadores,,http://www.salaooval.com.br/times/galo-fa/,http://www.salaooval.com.br/times/juiz-de-fora-imperadores/,,,campeonato-mineiro-2025,
2025-06-15 10:00:21,Locomotiva FA,42 - 00,Forgeds Tigres,,http://www.salaooval.com.br/times/america-locomotiva/,https://www.salaooval.com.br/equipe/forgeds-tigres/,,,campeonato-mineiro-2025,
2025-06-28 14:30:53,Locomotiva FA,19 - 13,Cruzeiro FA,,http://www.salaooval.com.br/times/america-locomotiva/,https://www.salaooval.com.br/times/cruzeiro_fa/,,,campeonato-mineiro-2025,
2025-06-29 11:00:48,Galo FA,49 - 13,Uberlândia Lobos,,http://www.salaooval.com.br/times/galo-fa/,http://www.salaooval.com.br/times/uberlandia-lobos,,,campeonato-mineiro-2025,
2025-07-12 15:00:42,Galo FA,07 - 23,Locomotiva FA,,http://www.salaooval.com.br/times/galo-fa/,http://www.salaooval.com.br/times/america-locomotiva/,,,campeonato-mineiro-2025,
2025-03-08 14:00:46,Coritiba Crocodiles,35 - 13,Ponta Grossa Phantoms,,http://www.salaooval.com.br/times/coritiba-crocodiles/,https://www.salaooval.com.br/equipe/ponta-grossa-phantoms/,,,campeonato-paranaense-2025,Croco Stadium - Curitiba/PR
2025-03-09 14:00:00,Londrina Bristlebacks,61 - 00,Cascavel Olympians,,http://www.salaooval.com.br/times/londrina-bristlebacks,https://www.salaooval.com.br/equipe/cascavel-olympians/,,,campeonato-paranaense-2025,Estádio do Café - Londrina/PR
2025-03-09 14:00:00,Curitiba Lions,06 - 21,PRC Guardian Saints,,https://www.salaooval.com.br/equipe/curitiba-lions/,https://www.salaooval.com.br/times/guardian-saints,,,campeonato-paranaense-2025,Croco Stadium - Curitiba/PR
2025-03-15 18:00:00,Francisco Beltrão Red Feet,06 - 19,Arapongas Golden Phoenix,,http://www.salaooval.com.br/times/francisco-beltrao-red-feet/,https://www.salaooval.com.br/equipe/arapongas-golden-phoenix/,,,campeonato-paranaense-2025,Estádio Anilado - Francisco Beltrão/PR
2025-03-16 14:00:00,Calvary Cavaliers,16 - 13,Brown Spiders,,https://www.salaooval.com.br/equipe/calvary-cavaliers/,http://www.salaooval.com.br/times/brown-spiders/,,,campeonato-paranaense-2025,Centro Esportivo Fanático - Campo Largo/PR
2025-03-23 14:00:00,Maringá Pyros,00 - 35,Londrina Bristlebacks,,http://www.salaooval.com.br/times/maringa-pyros/,http://www.salaooval.com.br/times/londrina-bristlebacks,,,campeonato-paranaense-2025,Maringá/PR
2025-03-23 14:00:00,PRC Guardian Saints,00 - 59,Coritiba Crocodiles,,https://www.salaooval.com.br/times/guardian-saints,http://www.salaooval.com.br/times/coritiba-crocodiles/,,,campeonato-paranaense-2025,Croco Stadium - Curitiba/PR
2025-03-29 14:00:00,Cascavel Olympians,07 - 69,Brown Spiders,,https://www.salaooval.com.br/equipe/cascavel-olympians/,http://www.salaooval.com.br/times/brown-spiders/,,,campeonato-paranaense-2025,Cascavel/PR
2025-03-30 10:00:00,Curitiba Lions,06 - 34,Arapongas Golden Phoenix,,https://www.salaooval.com.br/equipe/curitiba-lions/,https://www.salaooval.com.br/equipe/arapongas-golden-phoenix/,,,campeonato-paranaense-2025,Croco Stadium - Curitiba/PR
2025-04-06 09:00:00,Maringá Pyros,07 - 44,Calvary Cavaliers,,http://www.salaooval.com.br/times/maringa-pyros/,https://www.salaooval.com.br/equipe/calvary-cavaliers/,,,campeonato-paranaense-2025,Maringá/PR
2025-04-06 10:00:00,Coritiba Crocodiles,52 - 00,Francisco Beltrão Red Feet,,http://www.salaooval.com.br/times/coritiba-crocodiles/,http://www.salaooval.com.br/times/francisco-beltrao-red-feet/,,,campeonato-paranaense-2025,Croco Stadium - Curitiba/PR
2025-04-12 14:00:00,Brown Spiders,10 - 05,Londrina Bristlebacks,,http://www.salaooval.com.br/times/brown-spiders/,http://www.salaooval.com.br/times/londrina-bristlebacks,,,campeonato-paranaense-2025,Croco Stadium - Curitiba/PR
2025-04-12 20:00:00,Arapongas Golden Phoenix,16 - 14,PRC Guardian Saints,,https://www.salaooval.com.br/equipe/arapongas-golden-phoenix/,https://www.salaooval.com.br/times/guardian-saints,,,campeonato-paranaense-2025,Arapongas/PR
2025-04-13 14:30:00,Ponta Grossa Phantoms,60 - 00,Curitiba Lions,,https://www.salaooval.com.br/equipe/ponta-grossa-phantoms/,https://www.salaooval.com.br/equipe/curitiba-lions/,,,campeonato-paranaense-2025,Ponta Grossa/PR
2025-04-27 10:00:00,Arapongas Golden Phoenix,00 - 60,Coritiba Crocodiles,,https://www.salaooval.com.br/equipe/arapongas-golden-phoenix/,http://www.salaooval.com.br/times/coritiba-crocodiles/,,,campeonato-paranaense-2025,Arapongas/PR
2025-04-27 10:00:00,Londrina Bristlebacks,33 - 28,Calvary Cavaliers,,http://www.salaooval.com.br/times/londrina-bristlebacks,https://www.salaooval.com.br/equipe/calvary-cavaliers/,,,campeonato-paranaense-2025,Estádio do Café - Londrina/PR
2025-04-27 14:00:00,PRC Guardian Saints,00 - 28,Ponta Grossa Phantoms,,https://www.salaooval.com.br/times/guardian-saints,https://www.salaooval.com.br/equipe/ponta-grossa-phantoms/,,,campeonato-paranaense-2025,Croco Stadium - Curitiba/PR
2025-05-03 16:00:00,Francisco Beltrão Red Feet,34 - 27,Curitiba Lions,,http://www.salaooval.com.br/times/francisco-beltrao-red-feet/,https://www.salaooval.com.br/equipe/curitiba-lions/,,,campeonato-paranaense-2025,Estádio Anilado - Francisco Beltrão/PR
2025-05-04 10:00:00,Cascavel Olympians,06 - 23,Maringá Pyros,,https://www.salaooval.com.br/equipe/cascavel-olympians/,http://www.salaooval.com.br/times/maringa-pyros/,,,campeonato-paranaense-2025,Cascavel/PR
2025-05-18 10:00:00,Calvary Cavaliers,86 - 00,Cascavel Olympians,,https://www.salaooval.com.br/equipe/calvary-cavaliers/,https://www.salaooval.com.br/equipe/cascavel-olympians/,,,campeonato-paranaense-2025,Centro Esportivo Fanático - Campo Largo/PR
2025-05-18 10:00:00,Ponta Grossa Phantoms,38 - 08,Francisco Beltrão Red Feet,,https://www.salaooval.com.br/equipe/ponta-grossa-phantoms/,http://www.salaooval.com.br/times/francisco-beltrao-red-feet/,,,campeonato-paranaense-2025,Ponta Grossa/PR
2025-05-18 10:00:00,Brown Spiders,57 - 00,Maringá Pyros,,http://www.salaooval.com.br/times/brown-spiders/,http://www.salaooval.com.br/times/maringa-pyros/,,,campeonato-paranaense-2025,Croco Stadium - Curitiba/PR
2025-06-01 10:00:03,Calvary Cavaliers,48 - 00,Arapongas Golden Phoenix,,https://www.salaooval.com.br/equipe/calvary-cavaliers/,https://www.salaooval.com.br/equipe/arapongas-golden-phoenix/,,,campeonato-paranaense-2025,
2025-06-01 10:00:03,Calvary Cavaliers,48 - 00,Arapongas Golden Phoenix,,https://www.salaooval.com.br/equipe/calvary-cavaliers/,https://www.salaooval.com.br/equipe/arapongas-golden-phoenix/,,,campeonato-paranaense-2025,
2025-06-01 14:00:02,Ponta Grossa Phantoms,14 - 25,Londrina Bristlebacks,,https://www.salaooval.com.br/equipe/ponta-grossa-phantoms/,http://www.salaooval.com.br/times/londrina-bristlebacks,,,campeonato-paranaense-2025,
2025-06-01 10:00:03,Calvary Cavaliers,48 - 00,Arapongas Golden Phoenix,,https://www.salaooval.com.br/equipe/calvary-cavaliers/,https://www.salaooval.com.br/equipe/arapongas-golden-phoenix/,,,campeonato-paranaense-2025,
2025-06-01 14:00:02,Ponta Grossa Phantoms,14 - 25,Londrina Bristlebacks,,https://www.salaooval.com.br/equipe/ponta-grossa-phantoms/,http://www.salaooval.com.br/times/londrina-bristlebacks,,,campeonato-paranaense-2025,
2025-06-08 14:43:10,Brown Spiders,10 - 09,Calvary Cavaliers,,http://www.salaooval.com.br/times/brown-spiders/,https://www.salaooval.com.br/equipe/calvary-cavaliers/,,,campeonato-paranaense-2025,
2025-06-01 10:00:03,Calvary Cavaliers,48 - 00,Arapongas Golden Phoenix,,https://www.salaooval.com.br/equipe/calvary-cavaliers/,https://www.salaooval.com.br/equipe/arapongas-golden-phoenix/,,,campeonato-paranaense-2025,
2025-06-01 14:00:02,Ponta Grossa Phantoms,14 - 25,Londrina Bristlebacks,,https://www.salaooval.com.br/equipe/ponta-grossa-phantoms/,http://www.salaooval.com.br/times/londrina-bristlebacks,,,campeonato-paranaense-2025,
2025-06-08 14:43:10,Brown Spiders,10 - 09,Calvary Cavaliers,,http://www.salaooval.com.br/times/brown-spiders/,https://www.salaooval.com.br/equipe/calvary-cavaliers/,,,campeonato-paranaense-2025,
2025-06-14 14:30:30,Coritiba Crocodiles,28 - 06,Londrina Bristlebacks,,http://www.salaooval.com.br/times/coritiba-crocodiles/,http://www.salaooval.com.br/times/londrina-bristlebacks,,,campeonato-paranaense-2025,
2025-06-01 10:00:03,Calvary Cavaliers,48 - 00,Arapongas Golden Phoenix,,https://www.salaooval.com.br/equipe/calvary-cavaliers/,https://www.salaooval.com.br/equipe/arapongas-golden-phoenix/,,,campeonato-paranaense-2025,
2025-06-01 14:00:02,Ponta Grossa Phantoms,14 - 25,Londrina Bristlebacks,,https://www.salaooval.com.br/equipe/ponta-grossa-phantoms/,http://www.salaooval.com.br/times/londrina-bristlebacks,,,campeonato-paranaense-2025,
2025-06-08 14:43:10,Brown Spiders,10 - 09,Calvary Cavaliers,,http://www.salaooval.com.br/times/brown-spiders/,https://www.salaooval.com.br/equipe/calvary-cavaliers/,,,campeonato-paranaense-2025,
2025-06-14 14:30:30,Coritiba Crocodiles,28 - 06,Londrina Bristlebacks,,http://www.salaooval.com.br/times/coritiba-crocodiles/,http://www.salaooval.com.br/times/londrina-bristlebacks,,,campeonato-paranaense-2025,
2025-06-21 14:00:09,Arapongas Golden Phoenix,12 - 16,Ponta Grossa Phantoms,,https://www.salaooval.com.br/equipe/arapongas-golden-phoenix/,https://www.salaooval.com.br/equipe/ponta-grossa-phantoms/,,,campeonato-paranaense-2025,
2025-06-01 10:00:03,Calvary Cavaliers,48 - 00,Arapongas Golden Phoenix,,https://www.salaooval.com.br/equipe/calvary-cavaliers/,https://www.salaooval.com.br/equipe/arapongas-golden-phoenix/,,,campeonato-paranaense-2025,
2025-06-01 14:00:02,Ponta Grossa Phantoms,14 - 25,Londrina Bristlebacks,,https://www.salaooval.com.br/equipe/ponta-grossa-phantoms/,http://www.salaooval.com.br/times/londrina-bristlebacks,,,campeonato-paranaense-2025,
2025-06-08 14:43:10,Brown Spiders,10 - 09,Calvary Cavaliers,,http://www.salaooval.com.br/times/brown-spiders/,https://www.salaooval.com.br/equipe/calvary-cavaliers/,,,campeonato-paranaense-2025,
2025-06-14 14:30:30,Coritiba Crocodiles,28 - 06,Londrina Bristlebacks,,http://www.salaooval.com.br/times/coritiba-crocodiles/,http://www.salaooval.com.br/times/londrina-bristlebacks,,,campeonato-paranaense-2025,
2025-06-21 14:00:09,Arapongas Golden Phoenix,12 - 16,Ponta Grossa Phantoms,,https://www.salaooval.com.br/equipe/arapongas-golden-phoenix/,https://www.salaooval.com.br/equipe/ponta-grossa-phantoms/,,,campeonato-paranaense-2025,
2025-06-29 14:30:07,Coritiba Crocodiles,27 - 10,Brown Spiders,,http://www.salaooval.com.br/times/coritiba-crocodiles/,http://www.salaooval.com.br/times/brown-spiders/,,,campeonato-paranaense-2025,
2025-03-16 14:00:00,Empyreo Leme Lizards,07 - 21,Sorocaba Vipers,SPFL Diamante,http://www.salaooval.com.br/times/empyreo-leme-lizards/,http://www.salaooval.com.br/times/sorocaba-vipers/,,,spfl-2025,
2025-03-23 10:00:00,Franca Carrascos,20 - 06,Ponte Preta Gorilas,SPFL Ouro,https://www.salaooval.com.br/equipe/franca-carrascos/,https://www.salaooval.com.br/equipe/ponte-preta-gorilas/,,,spfl-2025,
2025-03-23 10:00:00,São José Jets,56 - 00,Piracicaba Cane Cutters,SPFL Prata,https://www.salaooval.com.br/equipe/sao-jose-jets/,http://www.salaooval.com.br/times/piracicaba-cane-cutters/,,,spfl-2025,
2025-03-23 10:00:00,Krakens Football,00 - 38,Vikings Berserker,SPFL Prata,https://www.salaooval.com.br/equipe/krakens-football/,https://www.salaooval.com.br/equipe/vikings-berserker/,,,spfl-2025,
2025-03-23 14:00:00,Ocelots FA,14 - 00,Moura Lacerda Dragons,SPFL Diamante,http://www.salaooval.com.br/times/ocelots-fa,https://www.salaooval.com.br/times/moura-lacerda-dragons,,,spfl-2025,
2025-03-23 14:00:00,Vikings FA,36 - 13,Corinthians Steamrollers,SPFL Diamante,https://www.salaooval.com.br/equipe/vikings-fa/,http://www.salaooval.com.br/times/corinthians-steamrollers/,,,spfl-2025,
2025-03-23 14:00:00,Avaré Lions,00 - 29,Guarani Indians,SPFL Ouro,https://www.salaooval.com.br/equipe/avare-lions/,http://www.salaooval.com.br/times/guarani-indians/,,,spfl-2025,
2025-03-30 14:00:00,Tatuapé Monsters,27 - 20,Caniballs Football,SPFL Ouro,https://www.salaooval.com.br/equipe/tatuape-monsters/,https://www.salaooval.com.br/equipe/caniballs-football/,,,spfl-2025,
2025-04-06 10:00:00,Spartans Football,35 - 09,Empyreo Leme Lizards,SPFL Diamante,http://www.salaooval.com.br/times/spartans-football/,http://www.salaooval.com.br/times/empyreo-leme-lizards/,,,spfl-2025,
2025-04-06 14:00:00,Guarulhos Rhynos,28 - 03,Sorocaba Vipers,SPFL Diamante,https://www.salaooval.com.br/times/Guarulhos-Rhynos/,http://www.salaooval.com.br/times/sorocaba-vipers/,,,spfl-2025,
2025-04-13 10:00:00,Assis Captains,03 - 25,Franca Carrascos,SPFL Ouro,https://www.salaooval.com.br/equipe/assis-captains/,https://www.salaooval.com.br/equipe/franca-carrascos/,,,spfl-2025,
2025-04-13 10:00:00,Avaré Lions,20 - 08,Ponte Preta Gorilas,SPFL Ouro,https://www.salaooval.com.br/equipe/avare-lions/,https://www.salaooval.com.br/equipe/ponte-preta-gorilas/,,,spfl-2025,
2025-04-13 10:00:00,Taubaté Football,06 - 20,Tatuapé Monsters,SPFL Ouro,https://www.salaooval.com.br/equipe/taubate-football/,https://www.salaooval.com.br/equipe/tatuape-monsters/,,,spfl-2025,
2025-04-13 10:00:00,São José Jets,13 - 06,Vikings Berserker,SPFL Prata,https://www.salaooval.com.br/equipe/sao-jose-jets/,https://www.salaooval.com.br/equipe/vikings-berserker/,,,spfl-2025,
2025-04-13 14:00:00,Moura Lacerda Dragons,41 - 00,Werewolves Football,SPFL Diamante,https://www.salaooval.com.br/times/moura-lacerda-dragons,https://www.salaooval.com.br/equipe/werewolves-football/,,,spfl-2025,
2025-04-13 14:00:00,Ocelots FA,38 - 14,Corinthians Steamrollers,SPFL Diamante,http://www.salaooval.com.br/times/ocelots-fa,http://www.salaooval.com.br/times/corinthians-steamrollers/,,,spfl-2025,
2025-04-13 14:00:00,Caraguá Ghostship,08 - 12,Caniballs Football,SPFL Ouro,https://www.salaooval.com.br/equipe/caragua-ghostship/,https://www.salaooval.com.br/equipe/caniballs-football/,,,spfl-2025,
2025-04-13 14:00:00,Black Panthers Football,00 - 13,Krakens Football,SPFL Prata,https://www.salaooval.com.br/equipe/black-panthers-football/,https://www.salaooval.com.br/equipe/krakens-football/,,,spfl-2025,
2025-04-27 10:00:00,Rio Preto Weilers,41 - 00,Empyreo Leme Lizards,SPFL Diamante,http://www.salaooval.com.br/times/rio-preto-weilers,http://www.salaooval.com.br/times/empyreo-leme-lizards/,,,spfl-2025,
2025-04-27 10:00:00,Assis Captains,03 - 47,Guarani Indians,SPFL Ouro,https://www.salaooval.com.br/equipe/assis-captains/,http://www.salaooval.com.br/times/guarani-indians/,,,spfl-2025,
2025-04-27 10:00:00,Franca Carrascos,23 - 00,Avaré Lions,SPFL Ouro,https://www.salaooval.com.br/equipe/franca-carrascos/,https://www.salaooval.com.br/equipe/avare-lions/,,,spfl-2025,
2025-04-27 14:00:00,Spartans Football,42 - 03,Sorocaba Vipers,SPFL Diamante,http://www.salaooval.com.br/times/spartans-football/,http://www.salaooval.com.br/times/sorocaba-vipers/,,,spfl-2025,
2025-04-27 14:00:00,Piracicaba Cane Cutters,00 - 27,Vikings Berserker,SPFL Prata,http://www.salaooval.com.br/times/piracicaba-cane-cutters/,https://www.salaooval.com.br/equipe/vikings-berserker/,,,spfl-2025,
2025-05-04 10:00:00,Corinthians Steamrollers,13 - 00,Werewolves Football,SPFL Diamante,http://www.salaooval.com.br/times/corinthians-steamrollers/,https://www.salaooval.com.br/equipe/werewolves-football/,,,spfl-2025,
2025-05-04 10:00:00,Rio Preto Weilers,27 - 26,Guarulhos Rhynos,SPFL Diamante,http://www.salaooval.com.br/times/rio-preto-weilers,https://www.salaooval.com.br/times/Guarulhos-Rhynos/,,,spfl-2025,
2025-05-04 10:00:00,Black Panthers Football,00 - 42,Vikings Berserker,SPFL Prata,https://www.salaooval.com.br/equipe/black-panthers-football/,https://www.salaooval.com.br/equipe/vikings-berserker/,,,spfl-2025,
2025-05-04 14:00:00,Ocelots FA,35 - 06,Vikings FA,SPFL Diamante,http://www.salaooval.com.br/times/ocelots-fa,https://www.salaooval.com.br/equipe/vikings-fa/,,,spfl-2025,
2025-05-04 14:00:00,Caraguá Ghostship,00 - 35,Tatuapé Monsters,SPFL Ouro,https://www.salaooval.com.br/equipe/caragua-ghostship/,https://www.salaooval.com.br/equipe/tatuape-monsters/,,,spfl-2025,
2025-05-10 14:00:00,Rio Preto Weilers,49 - 00,Spartans Football,SPFL Diamante,http://www.salaooval.com.br/times/rio-preto-weilers,http://www.salaooval.com.br/times/spartans-football/,,,spfl-2025,
2025-05-18 10:00:00,Ocelots FA,39 - 06,Werewolves Football,SPFL Diamante,http://www.salaooval.com.br/times/ocelots-fa,https://www.salaooval.com.br/equipe/werewolves-football/,,,spfl-2025,
2025-05-18 10:00:00,Moura Lacerda Dragons,44 - 12,Vikings FA,SPFL Diamante,https://www.salaooval.com.br/times/moura-lacerda-dragons,https://www.salaooval.com.br/equipe/vikings-fa/,,,spfl-2025,
2025-05-18 10:00:00,Assis Captains,11 - 06,Avaré Lions,SPFL Ouro,https://www.salaooval.com.br/equipe/assis-captains/,https://www.salaooval.com.br/equipe/avare-lions/,,,spfl-2025,
2025-05-18 14:00:00,Guarulhos Rhynos,49 - 12,Empyreo Leme Lizards,SPFL Diamante,https://www.salaooval.com.br/times/Guarulhos-Rhynos/,http://www.salaooval.com.br/times/empyreo-leme-lizards/,,,spfl-2025,
2025-05-18 14:00:00,Ponte Preta Gorilas,06 - 48,Guarani Indians,SPFL Ouro,https://www.salaooval.com.br/equipe/ponte-preta-gorilas/,http://www.salaooval.com.br/times/guarani-indians/,,,spfl-2025,
2025-05-25 10:00:00,Caraguá Ghostship,00 - 20,Taubaté Football,SPFL Ouro,https://www.salaooval.com.br/equipe/caragua-ghostship/,https://www.salaooval.com.br/equipe/taubate-football/,,,spfl-2025,
2025-05-25 10:00:00,Krakens Football,40 - 00,Piracicaba Cane Cutters,SPFL Prata,https://www.salaooval.com.br/equipe/krakens-football/,http://www.salaooval.com.br/times/piracicaba-cane-cutters/,,,spfl-2025,
2025-05-25 14:00:00,São José Jets,21 - 00,Black Panthers Football,SPFL Prata,https://www.salaooval.com.br/equipe/sao-jose-jets/,https://www.salaooval.com.br/equipe/black-panthers-football/,,,spfl-2025,
2025-06-01 10:00:00,Moura Lacerda Dragons,43 - 10,Corinthians Steamrollers,SPFL Diamante,https://www.salaooval.com.br/times/moura-lacerda-dragons,http://www.salaooval.com.br/times/corinthians-steamrollers/,,,spfl-2025,
2025-06-01 10:00:00,Guarulhos Rhynos,49 - 00,Spartans Football,SPFL Diamante,https://www.salaooval.com.br/times/Guarulhos-Rhynos/,http://www.salaooval.com.br/times/spartans-football/,,,spfl-2025,
2025-06-01 10:00:00,Assis Captains,07 - 06,Ponte Preta Gorilas,SPFL Ouro,https://www.salaooval.com.br/equipe/assis-captains/,https://www.salaooval.com.br/equipe/ponte-preta-gorilas/,,,spfl-2025,
2025-07-06 10:00:10,São José Jets,35 - 14,Vikings Berserker,,https://www.salaooval.com.br/equipe/sao-jose-jets/,https://www.salaooval.com.br/equipe/vikings-berserker/,,,spfl-2025,
2025-07-06 10:00:10,São José Jets,35 - 14,Vikings Berserker,,https://www.salaooval.com.br/equipe/sao-jose-jets/,https://www.salaooval.com.br/equipe/vikings-berserker/,,,spfl-2025,
2025-06-22 10:00:44,Tatuapé Monsters,21 - 00,Franca Carrascos,,https://www.salaooval.com.br/equipe/tatuape-monsters/,https://www.salaooval.com.br/equipe/franca-carrascos/,,,spfl-2025,
2025-07-06 10:00:10,São José Jets,35 - 14,Vikings Berserker,,https://www.salaooval.com.br/equipe/sao-jose-jets/,https://www.salaooval.com.br/equipe/vikings-berserker/,,,spfl-2025,
2025-06-22 10:00:44,Tatuapé Monsters,21 - 00,Franca Carrascos,,https://www.salaooval.com.br/equipe/tatuape-monsters/,https://www.salaooval.com.br/equipe/franca-carrascos/,,,spfl-2025,
2025-06-22 14:00:40,Guarani Indians,14 - 07,Caniballs Football,,http://www.salaooval.com.br/times/guarani-indians/,https://www.salaooval.com.br/equipe/caniballs-football/,,,spfl-2025,
2025-07-06 10:00:10,São José Jets,35 - 14,Vikings Berserker,,https://www.salaooval.com.br/equipe/sao-jose-jets/,https://www.salaooval.com.br/equipe/vikings-berserker/,,,spfl-2025,
2025-06-22 10:00:44,Tatuapé Monsters,21 - 00,Franca Carrascos,,https://www.salaooval.com.br/equipe/tatuape-monsters/,https://www.salaooval.com.br/equipe/franca-carrascos/,,,spfl-2025,
2025-06-22 14:00:40,Guarani Indians,14 - 07,Caniballs Football,,http://www.salaooval.com.br/times/guarani-indians/,https://www.salaooval.com.br/equipe/caniballs-football/,,,spfl-2025,
2025-07-06 14:00:51,Tatuapé Monsters,36 - 08,Guarani Indians,,https://www.salaooval.com.br/equipe/tatuape-monsters/,http://www.salaooval.com.br/times/guarani-indians/,,,spfl-2025,
2025-07-06 10:00:10,São José Jets,35 - 14,Vikings Berserker,,https://www.salaooval.com.br/equipe/sao-jose-jets/,https://www.salaooval.com.br/equipe/vikings-berserker/,,,spfl-2025,
2025-06-22 10:00:44,Tatuapé Monsters,21 - 00,Franca Carrascos,,https://www.salaooval.com.br/equipe/tatuape-monsters/,https://www.salaooval.com.br/equipe/franca-carrascos/,,,spfl-2025,
2025-06-22 14:00:40,Guarani Indians,14 - 07,Caniballs Football,,http://www.salaooval.com.br/times/guarani-indians/,https://www.salaooval.com.br/equipe/caniballs-football/,,,spfl-2025,
2025-07-06 14:00:51,Tatuapé Monsters,36 - 08,Guarani Indians,,https://www.salaooval.com.br/equipe/tatuape-monsters/,http://www.salaooval.com.br/times/guarani-indians/,,,spfl-2025,
2025-06-15 10:00:45,Moura Lacerda Dragons,20 - 16,Sorocaba Vipers,,https://www.salaooval.com.br/times/moura-lacerda-dragons,http://www.salaooval.com.br/times/sorocaba-vipers/,,,spfl-2025,
2025-07-06 10:00:10,São José Jets,35 - 14,Vikings Berserker,,https://www.salaooval.com.br/equipe/sao-jose-jets/,https://www.salaooval.com.br/equipe/vikings-berserker/,,,spfl-2025,
2025-06-22 10:00:44,Tatuapé Monsters,21 - 00,Franca Carrascos,,https://www.salaooval.com.br/equipe/tatuape-monsters/,https://www.salaooval.com.br/equipe/franca-carrascos/,,,spfl-2025,
2025-06-22 14:00:40,Guarani Indians,14 - 07,Caniballs Football,,http://www.salaooval.com.br/times/guarani-indians/,https://www.salaooval.com.br/equipe/caniballs-football/,,,spfl-2025,
2025-07-06 14:00:51,Tatuapé Monsters,36 - 08,Guarani Indians,,https://www.salaooval.com.br/equipe/tatuape-monsters/,http://www.salaooval.com.br/times/guarani-indians/,,,spfl-2025,
2025-06-15 10:00:45,Moura Lacerda Dragons,20 - 16,Sorocaba Vipers,,https://www.salaooval.com.br/times/moura-lacerda-dragons,http://www.salaooval.com.br/times/sorocaba-vipers/,,,spfl-2025,
2025-06-15 14:00:25,Guarulhos Rhynos,37 - 18,Vikings FA,,https://www.salaooval.com.br/times/Guarulhos-Rhynos/,https://www.salaooval.com.br/equipe/vikings-fa/,,,spfl-2025,
2025-07-06 10:00:10,São José Jets,35 - 14,Vikings Berserker,,https://www.salaooval.com.br/equipe/sao-jose-jets/,https://www.salaooval.com.br/equipe/vikings-berserker/,,,spfl-2025,
2025-06-22 10:00:44,Tatuapé Monsters,21 - 00,Franca Carrascos,,https://www.salaooval.com.br/equipe/tatuape-monsters/,https://www.salaooval.com.br/equipe/franca-carrascos/,,,spfl-2025,
2025-06-22 14:00:40,Guarani Indians,14 - 07,Caniballs Football,,http://www.salaooval.com.br/times/guarani-indians/,https://www.salaooval.com.br/equipe/caniballs-football/,,,spfl-2025,
2025-07-06 14:00:51,Tatuapé Monsters,36 - 08,Guarani Indians,,https://www.salaooval.com.br/equipe/tatuape-monsters/,http://www.salaooval.com.br/times/guarani-indians/,,,spfl-2025,
2025-06-15 10:00:45,Moura Lacerda Dragons,20 - 16,Sorocaba Vipers,,https://www.salaooval.com.br/times/moura-lacerda-dragons,http://www.salaooval.com.br/times/sorocaba-vipers/,,,spfl-2025,
2025-06-15 14:00:25,Guarulhos Rhynos,37 - 18,Vikings FA,,https://www.salaooval.com.br/times/Guarulhos-Rhynos/,https://www.salaooval.com.br/equipe/vikings-fa/,,,spfl-2025,
2025-06-29 10:00:15,Rio Preto Weilers,13 - 07,Moura Lacerda Dragons,,http://www.salaooval.com.br/times/rio-preto-weilers,https://www.salaooval.com.br/times/moura-lacerda-dragons,,,spfl-2025,
2025-07-06 10:00:10,São José Jets,35 - 14,Vikings Berserker,,https://www.salaooval.com.br/equipe/sao-jose-jets/,https://www.salaooval.com.br/equipe/vikings-berserker/,,,spfl-2025,
2025-06-22 10:00:44,Tatuapé Monsters,21 - 00,Franca Carrascos,,https://www.salaooval.com.br/equipe/tatuape-monsters/,https://www.salaooval.com.br/equipe/franca-carrascos/,,,spfl-2025,
2025-06-22 14:00:40,Guarani Indians,14 - 07,Caniballs Football,,http://www.salaooval.com.br/times/guarani-indians/,https://www.salaooval.com.br/equipe/caniballs-football/,,,spfl-2025,
2025-07-06 14:00:51,Tatuapé Monsters,36 - 08,Guarani Indians,,https://www.salaooval.com.br/equipe/tatuape-monsters/,http://www.salaooval.com.br/times/guarani-indians/,,,spfl-2025,
2025-06-15 10:00:45,Moura Lacerda Dragons,20 - 16,Sorocaba Vipers,,https://www.salaooval.com.br/times/moura-lacerda-dragons,http://www.salaooval.com.br/times/sorocaba-vipers/,,,spfl-2025,
2025-06-15 14:00:25,Guarulhos Rhynos,37 - 18,Vikings FA,,https://www.salaooval.com.br/times/Guarulhos-Rhynos/,https://www.salaooval.com.br/equipe/vikings-fa/,,,spfl-2025,
2025-06-29 10:00:15,Rio Preto Weilers,13 - 07,Moura Lacerda Dragons,,http://www.salaooval.com.br/times/rio-preto-weilers,https://www.salaooval.com.br/times/moura-lacerda-dragons,,,spfl-2025,
2025-06-29 14:00:07,Ocelots FA,03 - 20,Guarulhos Rhynos,,http://www.salaooval.com.br/times/ocelots-fa,https://www.salaooval.com.br/times/Guarulhos-Rhynos/,,,spfl-2025,
2025-07-06 10:00:10,São José Jets,35 - 14,Vikings Berserker,,https://www.salaooval.com.br/equipe/sao-jose-jets/,https://www.salaooval.com.br/equipe/vikings-berserker/,,,spfl-2025,
2025-06-22 10:00:44,Tatuapé Monsters,21 - 00,Franca Carrascos,,https://www.salaooval.com.br/equipe/tatuape-monsters/,https://www.salaooval.com.br/equipe/franca-carrascos/,,,spfl-2025,
2025-06-22 14:00:40,Guarani Indians,14 - 07,Caniballs Football,,http://www.salaooval.com.br/times/guarani-indians/,https://www.salaooval.com.br/equipe/caniballs-football/,,,spfl-2025,
2025-07-06 14:00:51,Tatuapé Monsters,36 - 08,Guarani Indians,,https://www.salaooval.com.br/equipe/tatuape-monsters/,http://www.salaooval.com.br/times/guarani-indians/,,,spfl-2025,
2025-06-15 10:00:45,Moura Lacerda Dragons,20 - 16,Sorocaba Vipers,,https://www.salaooval.com.br/times/moura-lacerda-dragons,http://www.salaooval.com.br/times/sorocaba-vipers/,,,spfl-2025,
2025-06-15 14:00:25,Guarulhos Rhynos,37 - 18,Vikings FA,,https://www.salaooval.com.br/times/Guarulhos-Rhynos/,https://www.salaooval.com.br/equipe/vikings-fa/,,,spfl-2025,
2025-06-29 10:00:15,Rio Preto Weilers,13 - 07,Moura Lacerda Dragons,,http://www.salaooval.com.br/times/rio-preto-weilers,https://www.salaooval.com.br/times/moura-lacerda-dragons,,,spfl-2025,
2025-06-29 14:00:07,Ocelots FA,03 - 20,Guarulhos Rhynos,,http://www.salaooval.com.br/times/ocelots-fa,https://www.salaooval.com.br/times/Guarulhos-Rhynos/,,,spfl-2025,
2025-07-12 18:30:38,Rio Preto Weilers,16 - 10,Guarulhos Rhynos,,http://www.salaooval.com.br/times/rio-preto-weilers,https://www.salaooval.com.br/times/Guarulhos-Rhynos/,,,spfl-2025,
2025-03-16 14:00:00,Empyreo Leme Lizards,07 - 21,Sorocaba Vipers,SPFL Diamante,http://www.salaooval.com.br/times/empyreo-leme-lizards/,http://www.salaooval.com.br/times/sorocaba-vipers/,,,spfl-2025,
2025-03-23 10:00:00,Franca Carrascos,20 - 06,Ponte Preta Gorilas,SPFL Ouro,https://www.salaooval.com.br/equipe/franca-carrascos/,https://www.salaooval.com.br/equipe/ponte-preta-gorilas/,,,spfl-2025,
2025-03-23 10:00:00,São José Jets,56 - 00,Piracicaba Cane Cutters,SPFL Prata,https://www.salaooval.com.br/equipe/sao-jose-jets/,http://www.salaooval.com.br/times/piracicaba-cane-cutters/,,,spfl-2025,
2025-03-23 10:00:00,Krakens Football,00 - 38,Vikings Berserker,SPFL Prata,https://www.salaooval.com.br/equipe/krakens-football/,https://www.salaooval.com.br/equipe/vikings-berserker/,,,spfl-2025,
2025-03-23 14:00:00,Ocelots FA,14 - 00,Moura Lacerda Dragons,SPFL Diamante,http://www.salaooval.com.br/times/ocelots-fa,https://www.salaooval.com.br/times/moura-lacerda-dragons,,,spfl-2025,
2025-03-23 14:00:00,Vikings FA,36 - 13,Corinthians Steamrollers,SPFL Diamante,https://www.salaooval.com.br/equipe/vikings-fa/,http://www.salaooval.com.br/times/corinthians-steamrollers/,,,spfl-2025,
2025-03-23 14:00:00,Avaré Lions,00 - 29,Guarani Indians,SPFL Ouro,https://www.salaooval.com.br/equipe/avare-lions/,http://www.salaooval.com.br/times/guarani-indians/,,,spfl-2025,
2025-03-30 14:00:00,Tatuapé Monsters,27 - 20,Caniballs Football,SPFL Ouro,https://www.salaooval.com.br/equipe/tatuape-monsters/,https://www.salaooval.com.br/equipe/caniballs-football/,,,spfl-2025,
2025-04-06 10:00:00,Spartans Football,35 - 09,Empyreo Leme Lizards,SPFL Diamante,http://www.salaooval.com.br/times/spartans-football/,http://www.salaooval.com.br/times/empyreo-leme-lizards/,,,spfl-2025,
2025-04-06 14:00:00,Guarulhos Rhynos,28 - 03,Sorocaba Vipers,SPFL Diamante,https://www.salaooval.com.br/times/Guarulhos-Rhynos/,http://www.salaooval.com.br/times/sorocaba-vipers/,,,spfl-2025,
2025-04-13 10:00:00,Assis Captains,03 - 25,Franca Carrascos,SPFL Ouro,https://www.salaooval.com.br/equipe/assis-captains/,https://www.salaooval.com.br/equipe/franca-carrascos/,,,spfl-2025,
2025-04-13 10:00:00,Avaré Lions,20 - 08,Ponte Preta Gorilas,SPFL Ouro,https://www.salaooval.com.br/equipe/avare-lions/,https://www.salaooval.com.br/equipe/ponte-preta-gorilas/,,,spfl-2025,
2025-04-13 10:00:00,Taubaté Football,06 - 20,Tatuapé Monsters,SPFL Ouro,https://www.salaooval.com.br/equipe/taubate-football/,https://www.salaooval.com.br/equipe/tatuape-monsters/,,,spfl-2025,
2025-04-13 10:00:00,São José Jets,13 - 06,Vikings Berserker,SPFL Prata,https://www.salaooval.com.br/equipe/sao-jose-jets/,https://www.salaooval.com.br/equipe/vikings-berserker/,,,spfl-2025,
2025-04-13 14:00:00,Moura Lacerda Dragons,41 - 00,Werewolves Football,SPFL Diamante,https://www.salaooval.com.br/times/moura-lacerda-dragons,https://www.salaooval.com.br/equipe/werewolves-football/,,,spfl-2025,
2025-04-13 14:00:00,Ocelots FA,38 - 14,Corinthians Steamrollers,SPFL Diamante,http://www.salaooval.com.br/times/ocelots-fa,http://www.salaooval.com.br/times/corinthians-steamrollers/,,,spfl-2025,
2025-04-13 14:00:00,Caraguá Ghostship,08 - 12,Caniballs Football,SPFL Ouro,https://www.salaooval.com.br/equipe/caragua-ghostship/,https://www.salaooval.com.br/equipe/caniballs-football/,,,spfl-2025,
2025-04-13 14:00:00,Black Panthers Football,00 - 13,Krakens Football,SPFL Prata,https://www.salaooval.com.br/equipe/black-panthers-football/,https://www.salaooval.com.br/equipe/krakens-football/,,,spfl-2025,
2025-04-27 10:00:00,Rio Preto Weilers,41 - 00,Empyreo Leme Lizards,SPFL Diamante,http://www.salaooval.com.br/times/rio-preto-weilers,http://www.salaooval.com.br/times/empyreo-leme-lizards/,,,spfl-2025,
2025-04-27 10:00:00,Assis Captains,03 - 47,Guarani Indians,SPFL Ouro,https://www.salaooval.com.br/equipe/assis-captains/,http://www.salaooval.com.br/times/guarani-indians/,,,spfl-2025,
2025-04-27 10:00:00,Franca Carrascos,23 - 00,Avaré Lions,SPFL Ouro,https://www.salaooval.com.br/equipe/franca-carrascos/,https://www.salaooval.com.br/equipe/avare-lions/,,,spfl-2025,
2025-04-27 14:00:00,Spartans Football,42 - 03,Sorocaba Vipers,SPFL Diamante,http://www.salaooval.com.br/times/spartans-football/,http://www.salaooval.com.br/times/sorocaba-vipers/,,,spfl-2025,
2025-04-27 14:00:00,Piracicaba Cane Cutters,00 - 27,Vikings Berserker,SPFL Prata,http://www.salaooval.com.br/times/piracicaba-cane-cutters/,https://www.salaooval.com.br/equipe/vikings-berserker/,,,spfl-2025,
2025-05-04 10:00:00,Corinthians Steamrollers,13 - 00,Werewolves Football,SPFL Diamante,http://www.salaooval.com.br/times/corinthians-steamrollers/,https://www.salaooval.com.br/equipe/werewolves-football/,,,spfl-2025,
2025-05-04 10:00:00,Rio Preto Weilers,27 - 26,Guarulhos Rhynos,SPFL Diamante,http://www.salaooval.com.br/times/rio-preto-weilers,https://www.salaooval.com.br/times/Guarulhos-Rhynos/,,,spfl-2025,
2025-05-04 10:00:00,Black Panthers Football,00 - 42,Vikings Berserker,SPFL Prata,https://www.salaooval.com.br/equipe/black-panthers-football/,https://www.salaooval.com.br/equipe/vikings-berserker/,,,spfl-2025,
2025-05-04 14:00:00,Ocelots FA,35 - 06,Vikings FA,SPFL Diamante,http://www.salaooval.com.br/times/ocelots-fa,https://www.salaooval.com.br/equipe/vikings-fa/,,,spfl-2025,
2025-05-04 14:00:00,Caraguá Ghostship,00 - 35,Tatuapé Monsters,SPFL Ouro,https://www.salaooval.com.br/equipe/caragua-ghostship/,https://www.salaooval.com.br/equipe/tatuape-monsters/,,,spfl-2025,
2025-05-10 14:00:00,Rio Preto Weilers,49 - 00,Spartans Football,SPFL Diamante,http://www.salaooval.com.br/times/rio-preto-weilers,http://www.salaooval.com.br/times/spartans-football/,,,spfl-2025,
2025-05-18 10:00:00,Ocelots FA,39 - 06,Werewolves Football,SPFL Diamante,http://www.salaooval.com.br/times/ocelots-fa,https://www.salaooval.com.br/equipe/werewolves-football/,,,spfl-2025,
2025-05-18 10:00:00,Moura Lacerda Dragons,44 - 12,Vikings FA,SPFL Diamante,https://www.salaooval.com.br/times/moura-lacerda-dragons,https://www.salaooval.com.br/equipe/vikings-fa/,,,spfl-2025,
2025-05-18 10:00:00,Assis Captains,11 - 06,Avaré Lions,SPFL Ouro,https://www.salaooval.com.br/equipe/assis-captains/,https://www.salaooval.com.br/equipe/avare-lions/,,,spfl-2025,
2025-05-18 14:00:00,Guarulhos Rhynos,49 - 12,Empyreo Leme Lizards,SPFL Diamante,https://www.salaooval.com.br/times/Guarulhos-Rhynos/,http://www.salaooval.com.br/times/empyreo-leme-lizards/,,,spfl-2025,
2025-05-18 14:00:00,Ponte Preta Gorilas,06 - 48,Guarani Indians,SPFL Ouro,https://www.salaooval.com.br/equipe/ponte-preta-gorilas/,http://www.salaooval.com.br/times/guarani-indians/,,,spfl-2025,
2025-05-25 10:00:00,Caraguá Ghostship,00 - 20,Taubaté Football,SPFL Ouro,https://www.salaooval.com.br/equipe/caragua-ghostship/,https://www.salaooval.com.br/equipe/taubate-football/,,,spfl-2025,
2025-05-25 10:00:00,Krakens Football,40 - 00,Piracicaba Cane Cutters,SPFL Prata,https://www.salaooval.com.br/equipe/krakens-football/,http://www.salaooval.com.br/times/piracicaba-cane-cutters/,,,spfl-2025,
2025-05-25 14:00:00,São José Jets,21 - 00,Black Panthers Football,SPFL Prata,https://www.salaooval.com.br/equipe/sao-jose-jets/,https://www.salaooval.com.br/equipe/black-panthers-football/,,,spfl-2025,
2025-06-01 10:00:00,Moura Lacerda Dragons,43 - 10,Corinthians Steamrollers,SPFL Diamante,https://www.salaooval.com.br/times/moura-lacerda-dragons,http://www.salaooval.com.br/times/corinthians-steamrollers/,,,spfl-2025,
2025-06-01 10:00:00,Guarulhos Rhynos,49 - 00,Spartans Football,SPFL Diamante,https://www.salaooval.com.br/times/Guarulhos-Rhynos/,http://www.salaooval.com.br/times/spartans-football/,,,spfl-2025,
2025-06-01 10:00:00,Assis Captains,07 - 06,Ponte Preta Gorilas,SPFL Ouro,https://www.salaooval.com.br/equipe/assis-captains/,https://www.salaooval.com.br/equipe/ponte-preta-gorilas/,,,spfl-2025,
2025-07-06 10:00:10,São José Jets,35 - 14,Vikings Berserker,,https://www.salaooval.com.br/equipe/sao-jose-jets/,https://www.salaooval.com.br/equipe/vikings-berserker/,,,spfl-2025,
2025-07-06 10:00:10,São José Jets,35 - 14,Vikings Berserker,,https://www.salaooval.com.br/equipe/sao-jose-jets/,https://www.salaooval.com.br/equipe/vikings-berserker/,,,spfl-2025,
2025-06-22 10:00:44,Tatuapé Monsters,21 - 00,Franca Carrascos,,https://www.salaooval.com.br/equipe/tatuape-monsters/,https://www.salaooval.com.br/equipe/franca-carrascos/,,,spfl-2025,
2025-07-06 10:00:10,São José Jets,35 - 14,Vikings Berserker,,https://www.salaooval.com.br/equipe/sao-jose-jets/,https://www.salaooval.com.br/equipe/vikings-berserker/,,,spfl-2025,
2025-06-22 10:00:44,Tatuapé Monsters,21 - 00,Franca Carrascos,,https://www.salaooval.com.br/equipe/tatuape-monsters/,https://www.salaooval.com.br/equipe/franca-carrascos/,,,spfl-2025,
2025-06-22 14:00:40,Guarani Indians,14 - 07,Caniballs Football,,http://www.salaooval.com.br/times/guarani-indians/,https://www.salaooval.com.br/equipe/caniballs-football/,,,spfl-2025,
2025-07-06 10:00:10,São José Jets,35 - 14,Vikings Berserker,,https://www.salaooval.com.br/equipe/sao-jose-jets/,https://www.salaooval.com.br/equipe/vikings-berserker/,,,spfl-2025,
2025-06-22 10:00:44,Tatuapé Monsters,21 - 00,Franca Carrascos,,https://www.salaooval.com.br/equipe/tatuape-monsters/,https://www.salaooval.com.br/equipe/franca-carrascos/,,,spfl-2025,
2025-06-22 14:00:40,Guarani Indians,14 - 07,Caniballs Football,,http://www.salaooval.com.br/times/guarani-indians/,https://www.salaooval.com.br/equipe/caniballs-football/,,,spfl-2025,
2025-07-06 14:00:51,Tatuapé Monsters,36 - 08,Guarani Indians,,https://www.salaooval.com.br/equipe/tatuape-monsters/,http://www.salaooval.com.br/times/guarani-indians/,,,spfl-2025,
2025-07-06 10:00:10,São José Jets,35 - 14,Vikings Berserker,,https://www.salaooval.com.br/equipe/sao-jose-jets/,https://www.salaooval.com.br/equipe/vikings-berserker/,,,spfl-2025,
2025-06-22 10:00:44,Tatuapé Monsters,21 - 00,Franca Carrascos,,https://www.salaooval.com.br/equipe/tatuape-monsters/,https://www.salaooval.com.br/equipe/franca-carrascos/,,,spfl-2025,
2025-06-22 14:00:40,Guarani Indians,14 - 07,Caniballs Football,,http://www.salaooval.com.br/times/guarani-indians/,https://www.salaooval.com.br/equipe/caniballs-football/,,,spfl-2025,
2025-07-06 14:00:51,Tatuapé Monsters,36 - 08,Guarani Indians,,https://www.salaooval.com.br/equipe/tatuape-monsters/,http://www.salaooval.com.br/times/guarani-indians/,,,spfl-2025,
2025-06-15 10:00:45,Moura Lacerda Dragons,20 - 16,Sorocaba Vipers,,https://www.salaooval.com.br/times/moura-lacerda-dragons,http://www.salaooval.com.br/times/sorocaba-vipers/,,,spfl-2025,
2025-07-06 10:00:10,São José Jets,35 - 14,Vikings Berserker,,https://www.salaooval.com.br/equipe/sao-jose-jets/,https://www.salaooval.com.br/equipe/vikings-berserker/,,,spfl-2025,
2025-06-22 10:00:44,Tatuapé Monsters,21 - 00,Franca Carrascos,,https://www.salaooval.com.br/equipe/tatuape-monsters/,https://www.salaooval.com.br/equipe/franca-carrascos/,,,spfl-2025,
2025-06-22 14:00:40,Guarani Indians,14 - 07,Caniballs Football,,http://www.salaooval.com.br/times/guarani-indians/,https://www.salaooval.com.br/equipe/caniballs-football/,,,spfl-2025,
2025-07-06 14:00:51,Tatuapé Monsters,36 - 08,Guarani Indians,,https://www.salaooval.com.br/equipe/tatuape-monsters/,http://www.salaooval.com.br/times/guarani-indians/,,,spfl-2025,
2025-06-15 10:00:45,Moura Lacerda Dragons,20 - 16,Sorocaba Vipers,,https://www.salaooval.com.br/times/moura-lacerda-dragons,http://www.salaooval.com.br/times/sorocaba-vipers/,,,spfl-2025,
2025-06-15 14:00:25,Guarulhos Rhynos,37 - 18,Vikings FA,,https://www.salaooval.com.br/times/Guarulhos-Rhynos/,https://www.salaooval.com.br/equipe/vikings-fa/,,,spfl-2025,
2025-07-06 10:00:10,São José Jets,35 - 14,Vikings Berserker,,https://www.salaooval.com.br/equipe/sao-jose-jets/,https://www.salaooval.com.br/equipe/vikings-berserker/,,,spfl-2025,
2025-06-22 10:00:44,Tatuapé Monsters,21 - 00,Franca Carrascos,,https://www.salaooval.com.br/equipe/tatuape-monsters/,https://www.salaooval.com.br/equipe/franca-carrascos/,,,spfl-2025,
2025-06-22 14:00:40,Guarani Indians,14 - 07,Caniballs Football,,http://www.salaooval.com.br/times/guarani-indians/,https://www.salaooval.com.br/equipe/caniballs-football/,,,spfl-2025,
2025-07-06 14:00:51,Tatuapé Monsters,36 - 08,Guarani Indians,,https://www.salaooval.com.br/equipe/tatuape-monsters/,http://www.salaooval.com.br/times/guarani-indians/,,,spfl-2025,
2025-06-15 10:00:45,Moura Lacerda Dragons,20 - 16,Sorocaba Vipers,,https://www.salaooval.com.br/times/moura-lacerda-dragons,http://www.salaooval.com.br/times/sorocaba-vipers/,,,spfl-2025,
2025-06-15 14:00:25,Guarulhos Rhynos,37 - 18,Vikings FA,,https://www.salaooval.com.br/times/Guarulhos-Rhynos/,https://www.salaooval.com.br/equipe/vikings-fa/,,,spfl-2025,
2025-06-29 10:00:15,Rio Preto Weilers,13 - 07,Moura Lacerda Dragons,,http://www.salaooval.com.br/times/rio-preto-weilers,https://www.salaooval.com.br/times/moura-lacerda-dragons,,,spfl-2025,
2025-07-06 10:00:10,São José Jets,35 - 14,Vikings Berserker,,https://www.salaooval.com.br/equipe/sao-jose-jets/,https://www.salaooval.com.br/equipe/vikings-berserker/,,,spfl-2025,
2025-06-22 10:00:44,Tatuapé Monsters,21 - 00,Franca Carrascos,,https://www.salaooval.com.br/equipe/tatuape-monsters/,https://www.salaooval.com.br/equipe/franca-carrascos/,,,spfl-2025,
2025-06-22 14:00:40,Guarani Indians,14 - 07,Caniballs Football,,http://www.salaooval.com.br/times/guarani-indians/,https://www.salaooval.com.br/equipe/caniballs-football/,,,spfl-2025,
2025-07-06 14:00:51,Tatuapé Monsters,36 - 08,Guarani Indians,,https://www.salaooval.com.br/equipe/tatuape-monsters/,http://www.salaooval.com.br/times/guarani-indians/,,,spfl-2025,
2025-06-15 10:00:45,Moura Lacerda Dragons,20 - 16,Sorocaba Vipers,,https://www.salaooval.com.br/times/moura-lacerda-dragons,http://www.salaooval.com.br/times/sorocaba-vipers/,,,spfl-2025,
2025-06-15 14:00:25,Guarulhos Rhynos,37 - 18,Vikings FA,,https://www.salaooval.com.br/times/Guarulhos-Rhynos/,https://www.salaooval.com.br/equipe/vikings-fa/,,,spfl-2025,
2025-06-29 10:00:15,Rio Preto Weilers,13 - 07,Moura Lacerda Dragons,,http://www.salaooval.com.br/times/rio-preto-weilers,https://www.salaooval.com.br/times/moura-lacerda-dragons,,,spfl-2025,
2025-06-29 14:00:07,Ocelots FA,03 - 20,Guarulhos Rhynos,,http://www.salaooval.com.br/times/ocelots-fa,https://www.salaooval.com.br/times/Guarulhos-Rhynos/,,,spfl-2025,
2025-07-06 10:00:10,São José Jets,35 - 14,Vikings Berserker,,https://www.salaooval.com.br/equipe/sao-jose-jets/,https://www.salaooval.com.br/equipe/vikings-berserker/,,,spfl-2025,
2025-06-22 10:00:44,Tatuapé Monsters,21 - 00,Franca Carrascos,,https://www.salaooval.com.br/equipe/tatuape-monsters/,https://www.salaooval.com.br/equipe/franca-carrascos/,,,spfl-2025,
2025-06-22 14:00:40,Guarani Indians,14 - 07,Caniballs Football,,http://www.salaooval.com.br/times/guarani-indians/,https://www.salaooval.com.br/equipe/caniballs-football/,,,spfl-2025,
2025-07-06 14:00:51,Tatuapé Monsters,36 - 08,Guarani Indians,,https://www.salaooval.com.br/equipe/tatuape-monsters/,http://www.salaooval.com.br/times/guarani-indians/,,,spfl-2025,
2025-06-15 10:00:45,Moura Lacerda Dragons,20 - 16,Sorocaba Vipers,,https://www.salaooval.com.br/times/moura-lacerda-dragons,http://www.salaooval.com.br/times/sorocaba-vipers/,,,spfl-2025,
2025-06-15 14:00:25,Guarulhos Rhynos,37 - 18,Vikings FA,,https://www.salaooval.com.br/times/Guarulhos-Rhynos/,https://www.salaooval.com.br/equipe/vikings-fa/,,,spfl-2025,
2025-06-29 10:00:15,Rio Preto Weilers,13 - 07,Moura Lacerda Dragons,,http://www.salaooval.com.br/times/rio-preto-weilers,https://www.salaooval.com.br/times/moura-lacerda-dragons,,,spfl-2025,
2025-06-29 14:00:07,Ocelots FA,03 - 20,Guarulhos Rhynos,,http://www.salaooval.com.br/times/ocelots-fa,https://www.salaooval.com.br/times/Guarulhos-Rhynos/,,,spfl-2025,
2025-07-12 18:30:38,Rio Preto Weilers,16 - 10,Guarulhos Rhynos,,http://www.salaooval.com.br/times/rio-preto-weilers,https://www.salaooval.com.br/times/Guarulhos-Rhynos/,,,spfl-2025,
2025-03-16 14:00:00,Empyreo Leme Lizards,07 - 21,Sorocaba Vipers,SPFL Diamante,http://www.salaooval.com.br/times/empyreo-leme-lizards/,http://www.salaooval.com.br/times/sorocaba-vipers/,,,spfl-2025,
2025-03-23 10:00:00,Franca Carrascos,20 - 06,Ponte Preta Gorilas,SPFL Ouro,https://www.salaooval.com.br/equipe/franca-carrascos/,https://www.salaooval.com.br/equipe/ponte-preta-gorilas/,,,spfl-2025,
2025-03-23 10:00:00,São José Jets,56 - 00,Piracicaba Cane Cutters,SPFL Prata,https://www.salaooval.com.br/equipe/sao-jose-jets/,http://www.salaooval.com.br/times/piracicaba-cane-cutters/,,,spfl-2025,
2025-03-23 10:00:00,Krakens Football,00 - 38,Vikings Berserker,SPFL Prata,https://www.salaooval.com.br/equipe/krakens-football/,https://www.salaooval.com.br/equipe/vikings-berserker/,,,spfl-2025,
2025-03-23 14:00:00,Ocelots FA,14 - 00,Moura Lacerda Dragons,SPFL Diamante,http://www.salaooval.com.br/times/ocelots-fa,https://www.salaooval.com.br/times/moura-lacerda-dragons,,,spfl-2025,
2025-03-23 14:00:00,Vikings FA,36 - 13,Corinthians Steamrollers,SPFL Diamante,https://www.salaooval.com.br/equipe/vikings-fa/,http://www.salaooval.com.br/times/corinthians-steamrollers/,,,spfl-2025,
2025-03-23 14:00:00,Avaré Lions,00 - 29,Guarani Indians,SPFL Ouro,https://www.salaooval.com.br/equipe/avare-lions/,http://www.salaooval.com.br/times/guarani-indians/,,,spfl-2025,
2025-03-30 14:00:00,Tatuapé Monsters,27 - 20,Caniballs Football,SPFL Ouro,https://www.salaooval.com.br/equipe/tatuape-monsters/,https://www.salaooval.com.br/equipe/caniballs-football/,,,spfl-2025,
2025-04-06 10:00:00,Spartans Football,35 - 09,Empyreo Leme Lizards,SPFL Diamante,http://www.salaooval.com.br/times/spartans-football/,http://www.salaooval.com.br/times/empyreo-leme-lizards/,,,spfl-2025,
2025-04-06 14:00:00,Guarulhos Rhynos,28 - 03,Sorocaba Vipers,SPFL Diamante,https://www.salaooval.com.br/times/Guarulhos-Rhynos/,http://www.salaooval.com.br/times/sorocaba-vipers/,,,spfl-2025,
2025-04-13 10:00:00,Assis Captains,03 - 25,Franca Carrascos,SPFL Ouro,https://www.salaooval.com.br/equipe/assis-captains/,https://www.salaooval.com.br/equipe/franca-carrascos/,,,spfl-2025,
2025-04-13 10:00:00,Avaré Lions,20 - 08,Ponte Preta Gorilas,SPFL Ouro,https://www.salaooval.com.br/equipe/avare-lions/,https://www.salaooval.com.br/equipe/ponte-preta-gorilas/,,,spfl-2025,
2025-04-13 10:00:00,Taubaté Football,06 - 20,Tatuapé Monsters,SPFL Ouro,https://www.salaooval.com.br/equipe/taubate-football/,https://www.salaooval.com.br/equipe/tatuape-monsters/,,,spfl-2025,
2025-04-13 10:00:00,São José Jets,13 - 06,Vikings Berserker,SPFL Prata,https://www.salaooval.com.br/equipe/sao-jose-jets/,https://www.salaooval.com.br/equipe/vikings-berserker/,,,spfl-2025,
2025-04-13 14:00:00,Moura Lacerda Dragons,41 - 00,Werewolves Football,SPFL Diamante,https://www.salaooval.com.br/times/moura-lacerda-dragons,https://www.salaooval.com.br/equipe/werewolves-football/,,,spfl-2025,
2025-04-13 14:00:00,Ocelots FA,38 - 14,Corinthians Steamrollers,SPFL Diamante,http://www.salaooval.com.br/times/ocelots-fa,http://www.salaooval.com.br/times/corinthians-steamrollers/,,,spfl-2025,
2025-04-13 14:00:00,Caraguá Ghostship,08 - 12,Caniballs Football,SPFL Ouro,https://www.salaooval.com.br/equipe/caragua-ghostship/,https://www.salaooval.com.br/equipe/caniballs-football/,,,spfl-2025,
2025-04-13 14:00:00,Black Panthers Football,00 - 13,Krakens Football,SPFL Prata,https://www.salaooval.com.br/equipe/black-panthers-football/,https://www.salaooval.com.br/equipe/krakens-football/,,,spfl-2025,
2025-04-27 10:00:00,Rio Preto Weilers,41 - 00,Empyreo Leme Lizards,SPFL Diamante,http://www.salaooval.com.br/times/rio-preto-weilers,http://www.salaooval.com.br/times/empyreo-leme-lizards/,,,spfl-2025,
2025-04-27 10:00:00,Assis Captains,03 - 47,Guarani Indians,SPFL Ouro,https://www.salaooval.com.br/equipe/assis-captains/,http://www.salaooval.com.br/times/guarani-indians/,,,spfl-2025,
2025-04-27 10:00:00,Franca Carrascos,23 - 00,Avaré Lions,SPFL Ouro,https://www.salaooval.com.br/equipe/franca-carrascos/,https://www.salaooval.com.br/equipe/avare-lions/,,,spfl-2025,
2025-04-27 14:00:00,Spartans Football,42 - 03,Sorocaba Vipers,SPFL Diamante,http://www.salaooval.com.br/times/spartans-football/,http://www.salaooval.com.br/times/sorocaba-vipers/,,,spfl-2025,
2025-04-27 14:00:00,Piracicaba Cane Cutters,00 - 27,Vikings Berserker,SPFL Prata,http://www.salaooval.com.br/times/piracicaba-cane-cutters/,https://www.salaooval.com.br/equipe/vikings-berserker/,,,spfl-2025,
2025-05-04 10:00:00,Corinthians Steamrollers,13 - 00,Werewolves Football,SPFL Diamante,http://www.salaooval.com.br/times/corinthians-steamrollers/,https://www.salaooval.com.br/equipe/werewolves-football/,,,spfl-2025,
2025-05-04 10:00:00,Rio Preto Weilers,27 - 26,Guarulhos Rhynos,SPFL Diamante,http://www.salaooval.com.br/times/rio-preto-weilers,https://www.salaooval.com.br/times/Guarulhos-Rhynos/,,,spfl-2025,
2025-05-04 10:00:00,Black Panthers Football,00 - 42,Vikings Berserker,SPFL Prata,https://www.salaooval.com.br/equipe/black-panthers-football/,https://www.salaooval.com.br/equipe/vikings-berserker/,,,spfl-2025,
2025-05-04 14:00:00,Ocelots FA,35 - 06,Vikings FA,SPFL Diamante,http://www.salaooval.com.br/times/ocelots-fa,https://www.salaooval.com.br/equipe/vikings-fa/,,,spfl-2025,
2025-05-04 14:00:00,Caraguá Ghostship,00 - 35,Tatuapé Monsters,SPFL Ouro,https://www.salaooval.com.br/equipe/caragua-ghostship/,https://www.salaooval.com.br/equipe/tatuape-monsters/,,,spfl-2025,
2025-05-10 14:00:00,Rio Preto Weilers,49 - 00,Spartans Football,SPFL Diamante,http://www.salaooval.com.br/times/rio-preto-weilers,http://www.salaooval.com.br/times/spartans-football/,,,spfl-2025,
2025-05-18 10:00:00,Ocelots FA,39 - 06,Werewolves Football,SPFL Diamante,http://www.salaooval.com.br/times/ocelots-fa,https://www.salaooval.com.br/equipe/werewolves-football/,,,spfl-2025,
2025-05-18 10:00:00,Moura Lacerda Dragons,44 - 12,Vikings FA,SPFL Diamante,https://www.salaooval.com.br/times/moura-lacerda-dragons,https://www.salaooval.com.br/equipe/vikings-fa/,,,spfl-2025,
2025-05-18 10:00:00,Assis Captains,11 - 06,Avaré Lions,SPFL Ouro,https://www.salaooval.com.br/equipe/assis-captains/,https://www.salaooval.com.br/equipe/avare-lions/,,,spfl-2025,
2025-05-18 14:00:00,Guarulhos Rhynos,49 - 12,Empyreo Leme Lizards,SPFL Diamante,https://www.salaooval.com.br/times/Guarulhos-Rhynos/,http://www.salaooval.com.br/times/empyreo-leme-lizards/,,,spfl-2025,
2025-05-18 14:00:00,Ponte Preta Gorilas,06 - 48,Guarani Indians,SPFL Ouro,https://www.salaooval.com.br/equipe/ponte-preta-gorilas/,http://www.salaooval.com.br/times/guarani-indians/,,,spfl-2025,
2025-05-25 10:00:00,Caraguá Ghostship,00 - 20,Taubaté Football,SPFL Ouro,https://www.salaooval.com.br/equipe/caragua-ghostship/,https://www.salaooval.com.br/equipe/taubate-football/,,,spfl-2025,
2025-05-25 10:00:00,Krakens Football,40 - 00,Piracicaba Cane Cutters,SPFL Prata,https://www.salaooval.com.br/equipe/krakens-football/,http://www.salaooval.com.br/times/piracicaba-cane-cutters/,,,spfl-2025,
2025-05-25 14:00:00,São José Jets,21 - 00,Black Panthers Football,SPFL Prata,https://www.salaooval.com.br/equipe/sao-jose-jets/,https://www.salaooval.com.br/equipe/black-panthers-football/,,,spfl-2025,
2025-06-01 10:00:00,Moura Lacerda Dragons,43 - 10,Corinthians Steamrollers,SPFL Diamante,https://www.salaooval.com.br/times/moura-lacerda-dragons,http://www.salaooval.com.br/times/corinthians-steamrollers/,,,spfl-2025,
2025-06-01 10:00:00,Guarulhos Rhynos,49 - 00,Spartans Football,SPFL Diamante,https://www.salaooval.com.br/times/Guarulhos-Rhynos/,http://www.salaooval.com.br/times/spartans-football/,,,spfl-2025,
2025-06-01 10:00:00,Assis Captains,07 - 06,Ponte Preta Gorilas,SPFL Ouro,https://www.salaooval.com.br/equipe/assis-captains/,https://www.salaooval.com.br/equipe/ponte-preta-gorilas/,,,spfl-2025,
2025-07-06 10:00:10,São José Jets,35 - 14,Vikings Berserker,,https://www.salaooval.com.br/equipe/sao-jose-jets/,https://www.salaooval.com.br/equipe/vikings-berserker/,,,spfl-2025,
2025-07-06 10:00:10,São José Jets,35 - 14,Vikings Berserker,,https://www.salaooval.com.br/equipe/sao-jose-jets/,https://www.salaooval.com.br/equipe/vikings-berserker/,,,spfl-2025,
2025-06-22 10:00:44,Tatuapé Monsters,21 - 00,Franca Carrascos,,https://www.salaooval.com.br/equipe/tatuape-monsters/,https://www.salaooval.com.br/equipe/franca-carrascos/,,,spfl-2025,
2025-07-06 10:00:10,São José Jets,35 - 14,Vikings Berserker,,https://www.salaooval.com.br/equipe/sao-jose-jets/,https://www.salaooval.com.br/equipe/vikings-berserker/,,,spfl-2025,
2025-06-22 10:00:44,Tatuapé Monsters,21 - 00,Franca Carrascos,,https://www.salaooval.com.br/equipe/tatuape-monsters/,https://www.salaooval.com.br/equipe/franca-carrascos/,,,spfl-2025,
2025-06-22 14:00:40,Guarani Indians,14 - 07,Caniballs Football,,http://www.salaooval.com.br/times/guarani-indians/,https://www.salaooval.com.br/equipe/caniballs-football/,,,spfl-2025,
2025-07-06 10:00:10,São José Jets,35 - 14,Vikings Berserker,,https://www.salaooval.com.br/equipe/sao-jose-jets/,https://www.salaooval.com.br/equipe/vikings-berserker/,,,spfl-2025,
2025-06-22 10:00:44,Tatuapé Monsters,21 - 00,Franca Carrascos,,https://www.salaooval.com.br/equipe/tatuape-monsters/,https://www.salaooval.com.br/equipe/franca-carrascos/,,,spfl-2025,
2025-06-22 14:00:40,Guarani Indians,14 - 07,Caniballs Football,,http://www.salaooval.com.br/times/guarani-indians/,https://www.salaooval.com.br/equipe/caniballs-football/,,,spfl-2025,
2025-07-06 14:00:51,Tatuapé Monsters,36 - 08,Guarani Indians,,https://www.salaooval.com.br/equipe/tatuape-monsters/,http://www.salaooval.com.br/times/guarani-indians/,,,spfl-2025,
2025-07-06 10:00:10,São José Jets,35 - 14,Vikings Berserker,,https://www.salaooval.com.br/equipe/sao-jose-jets/,https://www.salaooval.com.br/equipe/vikings-berserker/,,,spfl-2025,
2025-06-22 10:00:44,Tatuapé Monsters,21 - 00,Franca Carrascos,,https://www.salaooval.com.br/equipe/tatuape-monsters/,https://www.salaooval.com.br/equipe/franca-carrascos/,,,spfl-2025,
2025-06-22 14:00:40,Guarani Indians,14 - 07,Caniballs Football,,http://www.salaooval.com.br/times/guarani-indians/,https://www.salaooval.com.br/equipe/caniballs-football/,,,spfl-2025,
2025-07-06 14:00:51,Tatuapé Monsters,36 - 08,Guarani Indians,,https://www.salaooval.com.br/equipe/tatuape-monsters/,http://www.salaooval.com.br/times/guarani-indians/,,,spfl-2025,
2025-06-15 10:00:45,Moura Lacerda Dragons,20 - 16,Sorocaba Vipers,,https://www.salaooval.com.br/times/moura-lacerda-dragons,http://www.salaooval.com.br/times/sorocaba-vipers/,,,spfl-2025,
2025-07-06 10:00:10,São José Jets,35 - 14,Vikings Berserker,,https://www.salaooval.com.br/equipe/sao-jose-jets/,https://www.salaooval.com.br/equipe/vikings-berserker/,,,spfl-2025,
2025-06-22 10:00:44,Tatuapé Monsters,21 - 00,Franca Carrascos,,https://www.salaooval.com.br/equipe/tatuape-monsters/,https://www.salaooval.com.br/equipe/franca-carrascos/,,,spfl-2025,
2025-06-22 14:00:40,Guarani Indians,14 - 07,Caniballs Football,,http://www.salaooval.com.br/times/guarani-indians/,https://www.salaooval.com.br/equipe/caniballs-football/,,,spfl-2025,
2025-07-06 14:00:51,Tatuapé Monsters,36 - 08,Guarani Indians,,https://www.salaooval.com.br/equipe/tatuape-monsters/,http://www.salaooval.com.br/times/guarani-indians/,,,spfl-2025,
2025-06-15 10:00:45,Moura Lacerda Dragons,20 - 16,Sorocaba Vipers,,https://www.salaooval.com.br/times/moura-lacerda-dragons,http://www.salaooval.com.br/times/sorocaba-vipers/,,,spfl-2025,
2025-06-15 14:00:25,Guarulhos Rhynos,37 - 18,Vikings FA,,https://www.salaooval.com.br/times/Guarulhos-Rhynos/,https://www.salaooval.com.br/equipe/vikings-fa/,,,spfl-2025,
2025-07-06 10:00:10,São José Jets,35 - 14,Vikings Berserker,,https://www.salaooval.com.br/equipe/sao-jose-jets/,https://www.salaooval.com.br/equipe/vikings-berserker/,,,spfl-2025,
2025-06-22 10:00:44,Tatuapé Monsters,21 - 00,Franca Carrascos,,https://www.salaooval.com.br/equipe/tatuape-monsters/,https://www.salaooval.com.br/equipe/franca-carrascos/,,,spfl-2025,
2025-06-22 14:00:40,Guarani Indians,14 - 07,Caniballs Football,,http://www.salaooval.com.br/times/guarani-indians/,https://www.salaooval.com.br/equipe/caniballs-football/,,,spfl-2025,
2025-07-06 14:00:51,Tatuapé Monsters,36 - 08,Guarani Indians,,https://www.salaooval.com.br/equipe/tatuape-monsters/,http://www.salaooval.com.br/times/guarani-indians/,,,spfl-2025,
2025-06-15 10:00:45,Moura Lacerda Dragons,20 - 16,Sorocaba Vipers,,https://www.salaooval.com.br/times/moura-lacerda-dragons,http://www.salaooval.com.br/times/sorocaba-vipers/,,,spfl-2025,
2025-06-15 14:00:25,Guarulhos Rhynos,37 - 18,Vikings FA,,https://www.salaooval.com.br/times/Guarulhos-Rhynos/,https://www.salaooval.com.br/equipe/vikings-fa/,,,spfl-2025,
2025-06-29 10:00:15,Rio Preto Weilers,13 - 07,Moura Lacerda Dragons,,http://www.salaooval.com.br/times/rio-preto-weilers,https://www.salaooval.com.br/times/moura-lacerda-dragons,,,spfl-2025,
2025-07-06 10:00:10,São José Jets,35 - 14,Vikings Berserker,,https://www.salaooval.com.br/equipe/sao-jose-jets/,https://www.salaooval.com.br/equipe/vikings-berserker/,,,spfl-2025,
2025-06-22 10:00:44,Tatuapé Monsters,21 - 00,Franca Carrascos,,https://www.salaooval.com.br/equipe/tatuape-monsters/,https://www.salaooval.com.br/equipe/franca-carrascos/,,,spfl-2025,
2025-06-22 14:00:40,Guarani Indians,14 - 07,Caniballs Football,,http://www.salaooval.com.br/times/guarani-indians/,https://www.salaooval.com.br/equipe/caniballs-football/,,,spfl-2025,
2025-07-06 14:00:51,Tatuapé Monsters,36 - 08,Guarani Indians,,https://www.salaooval.com.br/equipe/tatuape-monsters/,http://www.salaooval.com.br/times/guarani-indians/,,,spfl-2025,
2025-06-15 10:00:45,Moura Lacerda Dragons,20 - 16,Sorocaba Vipers,,https://www.salaooval.com.br/times/moura-lacerda-dragons,http://www.salaooval.com.br/times/sorocaba-vipers/,,,spfl-2025,
2025-06-15 14:00:25,Guarulhos Rhynos,37 - 18,Vikings FA,,https://www.salaooval.com.br/times/Guarulhos-Rhynos/,https://www.salaooval.com.br/equipe/vikings-fa/,,,spfl-2025,
2025-06-29 10:00:15,Rio Preto Weilers,13 - 07,Moura Lacerda Dragons,,http://www.salaooval.com.br/times/rio-preto-weilers,https://www.salaooval.com.br/times/moura-lacerda-dragons,,,spfl-2025,
2025-06-29 14:00:07,Ocelots FA,03 - 20,Guarulhos Rhynos,,http://www.salaooval.com.br/times/ocelots-fa,https://www.salaooval.com.br/times/Guarulhos-Rhynos/,,,spfl-2025,
2025-07-06 10:00:10,São José Jets,35 - 14,Vikings Berserker,,https://www.salaooval.com.br/equipe/sao-jose-jets/,https://www.salaooval.com.br/equipe/vikings-berserker/,,,spfl-2025,
2025-06-22 10:00:44,Tatuapé Monsters,21 - 00,Franca Carrascos,,https://www.salaooval.com.br/equipe/tatuape-monsters/,https://www.salaooval.com.br/equipe/franca-carrascos/,,,spfl-2025,
2025-06-22 14:00:40,Guarani Indians,14 - 07,Caniballs Football,,http://www.salaooval.com.br/times/guarani-indians/,https://www.salaooval.com.br/equipe/caniballs-football/,,,spfl-2025,
2025-07-06 14:00:51,Tatuapé Monsters,36 - 08,Guarani Indians,,https://www.salaooval.com.br/equipe/tatuape-monsters/,http://www.salaooval.com.br/times/guarani-indians/,,,spfl-2025,
2025-06-15 10:00:45,Moura Lacerda Dragons,20 - 16,Sorocaba Vipers,,https://www.salaooval.com.br/times/moura-lacerda-dragons,http://www.salaooval.com.br/times/sorocaba-vipers/,,,spfl-2025,
2025-06-15 14:00:25,Guarulhos Rhynos,37 - 18,Vikings FA,,https://www.salaooval.com.br/times/Guarulhos-Rhynos/,https://www.salaooval.com.br/equipe/vikings-fa/,,,spfl-2025,
2025-06-29 10:00:15,Rio Preto Weilers,13 - 07,Moura Lacerda Dragons,,http://www.salaooval.com.br/times/rio-preto-weilers,https://www.salaooval.com.br/times/moura-lacerda-dragons,,,spfl-2025,
2025-06-29 14:00:07,Ocelots FA,03 - 20,Guarulhos Rhynos,,http://www.salaooval.com.br/times/ocelots-fa,https://www.salaooval.com.br/times/Guarulhos-Rhynos/,,,spfl-2025,
2025-07-12 18:30:38,Rio Preto Weilers,16 - 10,Guarulhos Rhynos,,http://www.salaooval.com.br/times/rio-preto-weilers,https://www.salaooval.com.br/times/Guarulhos-Rhynos/,,,spfl-2025,
2025-06-01 14:00:00,Rio Preto Weilers,52 - 00,Sorocaba Vipers,SPFL Diamante,http://www.salaooval.com.br/times/rio-preto-weilers,http://www.salaooval.com.br/times/sorocaba-vipers/,,,spfl-2025,
2025-06-01 14:00:00,Vikings FA,48 - 00,Werewolves Football,SPFL Diamante,https://www.salaooval.com.br/equipe/vikings-fa/,https://www.salaooval.com.br/equipe/werewolves-football/,,,spfl-2025,
2025-06-08 10:00:00,Franca Carrascos,08 - 21,Guarani Indians,SPFL Ouro,https://www.salaooval.com.br/equipe/franca-carrascos/,http://www.salaooval.com.br/times/guarani-indians/,,,spfl-2025,
2025-06-08 14:00:00,Taubaté Football,08 - 21,Caniballs Football,SPFL Ouro,https://www.salaooval.com.br/equipe/taubate-football/,https://www.salaooval.com.br/equipe/caniballs-football/,,,spfl-2025,
2025-06-08 14:00:00,Black Panthers Football,00 - 13,Piracicaba Cane Cutters,SPFL Prata,https://www.salaooval.com.br/equipe/black-panthers-football/,http://www.salaooval.com.br/times/piracicaba-cane-cutters/,,,spfl-2025,
2025-06-08 14:00:00,São José Jets,34 - 00,Krakens Football,SPFL Prata,https://www.salaooval.com.br/equipe/sao-jose-jets/,https://www.salaooval.com.br/equipe/krakens-football/,,,spfl-2025,
2025-07-06 10:00:10,São José Jets,35 - 14,Vikings Berserker,,https://www.salaooval.com.br/equipe/sao-jose-jets/,https://www.salaooval.com.br/equipe/vikings-berserker/,,,spfl-2025,
2025-07-06 10:00:10,São José Jets,35 - 14,Vikings Berserker,,https://www.salaooval.com.br/equipe/sao-jose-jets/,https://www.salaooval.com.br/equipe/vikings-berserker/,,,spfl-2025,
2025-06-22 10:00:44,Tatuapé Monsters,21 - 00,Franca Carrascos,,https://www.salaooval.com.br/equipe/tatuape-monsters/,https://www.salaooval.com.br/equipe/franca-carrascos/,,,spfl-2025,
2025-07-06 10:00:10,São José Jets,35 - 14,Vikings Berserker,,https://www.salaooval.com.br/equipe/sao-jose-jets/,https://www.salaooval.com.br/equipe/vikings-berserker/,,,spfl-2025,
2025-06-22 10:00:44,Tatuapé Monsters,21 - 00,Franca Carrascos,,https://www.salaooval.com.br/equipe/tatuape-monsters/,https://www.salaooval.com.br/equipe/franca-carrascos/,,,spfl-2025,
2025-06-22 14:00:40,Guarani Indians,14 - 07,Caniballs Football,,http://www.salaooval.com.br/times/guarani-indians/,https://www.salaooval.com.br/equipe/caniballs-football/,,,spfl-2025,
2025-07-06 10:00:10,São José Jets,35 - 14,Vikings Berserker,,https://www.salaooval.com.br/equipe/sao-jose-jets/,https://www.salaooval.com.br/equipe/vikings-berserker/,,,spfl-2025,
2025-06-22 10:00:44,Tatuapé Monsters,21 - 00,Franca Carrascos,,https://www.salaooval.com.br/equipe/tatuape-monsters/,https://www.salaooval.com.br/equipe/franca-carrascos/,,,spfl-2025,
2025-06-22 14:00:40,Guarani Indians,14 - 07,Caniballs Football,,http://www.salaooval.com.br/times/guarani-indians/,https://www.salaooval.com.br/equipe/caniballs-football/,,,spfl-2025,
2025-07-06 14:00:51,Tatuapé Monsters,36 - 08,Guarani Indians,,https://www.salaooval.com.br/equipe/tatuape-monsters/,http://www.salaooval.com.br/times/guarani-indians/,,,spfl-2025,
2025-07-06 10:00:10,São José Jets,35 - 14,Vikings Berserker,,https://www.salaooval.com.br/equipe/sao-jose-jets/,https://www.salaooval.com.br/equipe/vikings-berserker/,,,spfl-2025,
2025-06-22 10:00:44,Tatuapé Monsters,21 - 00,Franca Carrascos,,https://www.salaooval.com.br/equipe/tatuape-monsters/,https://www.salaooval.com.br/equipe/franca-carrascos/,,,spfl-2025,
2025-06-22 14:00:40,Guarani Indians,14 - 07,Caniballs Football,,http://www.salaooval.com.br/times/guarani-indians/,https://www.salaooval.com.br/equipe/caniballs-football/,,,spfl-2025,
2025-07-06 14:00:51,Tatuapé Monsters,36 - 08,Guarani Indians,,https://www.salaooval.com.br/equipe/tatuape-monsters/,http://www.salaooval.com.br/times/guarani-indians/,,,spfl-2025,
2025-06-15 10:00:45,Moura Lacerda Dragons,20 - 16,Sorocaba Vipers,,https://www.salaooval.com.br/times/moura-lacerda-dragons,http://www.salaooval.com.br/times/sorocaba-vipers/,,,spfl-2025,
2025-07-06 10:00:10,São José Jets,35 - 14,Vikings Berserker,,https://www.salaooval.com.br/equipe/sao-jose-jets/,https://www.salaooval.com.br/equipe/vikings-berserker/,,,spfl-2025,
2025-06-22 10:00:44,Tatuapé Monsters,21 - 00,Franca Carrascos,,https://www.salaooval.com.br/equipe/tatuape-monsters/,https://www.salaooval.com.br/equipe/franca-carrascos/,,,spfl-2025,
2025-06-22 14:00:40,Guarani Indians,14 - 07,Caniballs Football,,http://www.salaooval.com.br/times/guarani-indians/,https://www.salaooval.com.br/equipe/caniballs-football/,,,spfl-2025,
2025-07-06 14:00:51,Tatuapé Monsters,36 - 08,Guarani Indians,,https://www.salaooval.com.br/equipe/tatuape-monsters/,http://www.salaooval.com.br/times/guarani-indians/,,,spfl-2025,
2025-06-15 10:00:45,Moura Lacerda Dragons,20 - 16,Sorocaba Vipers,,https://www.salaooval.com.br/times/moura-lacerda-dragons,http://www.salaooval.com.br/times/sorocaba-vipers/,,,spfl-2025,
2025-06-15 14:00:25,Guarulhos Rhynos,37 - 18,Vikings FA,,https://www.salaooval.com.br/times/Guarulhos-Rhynos/,https://www.salaooval.com.br/equipe/vikings-fa/,,,spfl-2025,
2025-07-06 10:00:10,São José Jets,35 - 14,Vikings Berserker,,https://www.salaooval.com.br/equipe/sao-jose-jets/,https://www.salaooval.com.br/equipe/vikings-berserker/,,,spfl-2025,
2025-06-22 10:00:44,Tatuapé Monsters,21 - 00,Franca Carrascos,,https://www.salaooval.com.br/equipe/tatuape-monsters/,https://www.salaooval.com.br/equipe/franca-carrascos/,,,spfl-2025,
2025-06-22 14:00:40,Guarani Indians,14 - 07,Caniballs Football,,http://www.salaooval.com.br/times/guarani-indians/,https://www.salaooval.com.br/equipe/caniballs-football/,,,spfl-2025,
2025-07-06 14:00:51,Tatuapé Monsters,36 - 08,Guarani Indians,,https://www.salaooval.com.br/equipe/tatuape-monsters/,http://www.salaooval.com.br/times/guarani-indians/,,,spfl-2025,
2025-06-15 10:00:45,Moura Lacerda Dragons,20 - 16,Sorocaba Vipers,,https://www.salaooval.com.br/times/moura-lacerda-dragons,http://www.salaooval.com.br/times/sorocaba-vipers/,,,spfl-2025,
2025-06-15 14:00:25,Guarulhos Rhynos,37 - 18,Vikings FA,,https://www.salaooval.com.br/times/Guarulhos-Rhynos/,https://www.salaooval.com.br/equipe/vikings-fa/,,,spfl-2025,
2025-06-29 10:00:15,Rio Preto Weilers,13 - 07,Moura Lacerda Dragons,,http://www.salaooval.com.br/times/rio-preto-weilers,https://www.salaooval.com.br/times/moura-lacerda-dragons,,,spfl-2025,
2025-07-06 10:00:10,São José Jets,35 - 14,Vikings Berserker,,https://www.salaooval.com.br/equipe/sao-jose-jets/,https://www.salaooval.com.br/equipe/vikings-berserker/,,,spfl-2025,
2025-06-22 10:00:44,Tatuapé Monsters,21 - 00,Franca Carrascos,,https://www.salaooval.com.br/equipe/tatuape-monsters/,https://www.salaooval.com.br/equipe/franca-carrascos/,,,spfl-2025,
2025-06-22 14:00:40,Guarani Indians,14 - 07,Caniballs Football,,http://www.salaooval.com.br/times/guarani-indians/,https://www.salaooval.com.br/equipe/caniballs-football/,,,spfl-2025,
2025-07-06 14:00:51,Tatuapé Monsters,36 - 08,Guarani Indians,,https://www.salaooval.com.br/equipe/tatuape-monsters/,http://www.salaooval.com.br/times/guarani-indians/,,,spfl-2025,
2025-06-15 10:00:45,Moura Lacerda Dragons,20 - 16,Sorocaba Vipers,,https://www.salaooval.com.br/times/moura-lacerda-dragons,http://www.salaooval.com.br/times/sorocaba-vipers/,,,spfl-2025,
2025-06-15 14:00:25,Guarulhos Rhynos,37 - 18,Vikings FA,,https://www.salaooval.com.br/times/Guarulhos-Rhynos/,https://www.salaooval.com.br/equipe/vikings-fa/,,,spfl-2025,
2025-06-29 10:00:15,Rio Preto Weilers,13 - 07,Moura Lacerda Dragons,,http://www.salaooval.com.br/times/rio-preto-weilers,https://www.salaooval.com.br/times/moura-lacerda-dragons,,,spfl-2025,
2025-06-29 14:00:07,Ocelots FA,03 - 20,Guarulhos Rhynos,,http://www.salaooval.com.br/times/ocelots-fa,https://www.salaooval.com.br/times/Guarulhos-Rhynos/,,,spfl-2025,
2025-07-06 10:00:10,São José Jets,35 - 14,Vikings Berserker,,https://www.salaooval.com.br/equipe/sao-jose-jets/,https://www.salaooval.com.br/equipe/vikings-berserker/,,,spfl-2025,
2025-06-22 10:00:44,Tatuapé Monsters,21 - 00,Franca Carrascos,,https://www.salaooval.com.br/equipe/tatuape-monsters/,https://www.salaooval.com.br/equipe/franca-carrascos/,,,spfl-2025,
2025-06-22 14:00:40,Guarani Indians,14 - 07,Caniballs Football,,http://www.salaooval.com.br/times/guarani-indians/,https://www.salaooval.com.br/equipe/caniballs-football/,,,spfl-2025,
2025-07-06 14:00:51,Tatuapé Monsters,36 - 08,Guarani Indians,,https://www.salaooval.com.br/equipe/tatuape-monsters/,http://www.salaooval.com.br/times/guarani-indians/,,,spfl-2025,
2025-06-15 10:00:45,Moura Lacerda Dragons,20 - 16,Sorocaba Vipers,,https://www.salaooval.com.br/times/moura-lacerda-dragons,http://www.salaooval.com.br/times/sorocaba-vipers/,,,spfl-2025,
2025-06-15 14:00:25,Guarulhos Rhynos,37 - 18,Vikings FA,,https://www.salaooval.com.br/times/Guarulhos-Rhynos/,https://www.salaooval.com.br/equipe/vikings-fa/,,,spfl-2025,
2025-06-29 10:00:15,Rio Preto Weilers,13 - 07,Moura Lacerda Dragons,,http://www.salaooval.com.br/times/rio-preto-weilers,https://www.salaooval.com.br/times/moura-lacerda-dragons,,,spfl-2025,
2025-06-29 14:00:07,Ocelots FA,03 - 20,Guarulhos Rhynos,,http://www.salaooval.com.br/times/ocelots-fa,https://www.salaooval.com.br/times/Guarulhos-Rhynos/,,,spfl-2025,
2025-07-12 18:30:38,Rio Preto Weilers,16 - 10,Guarulhos Rhynos,,http://www.salaooval.com.br/times/rio-preto-weilers,https://www.salaooval.com.br/times/Guarulhos-Rhynos/,,,spfl-2025,
2014-03-23 14:00:00,Pouso Alegre Gladiadores,07 - 19,Vinhedo Lumberjacks,,http://www.salaooval.com.br/times/pouso-alegre-gladiadores/,http://www.salaooval.com.br/times/ponte-preta-gorilas,,,iii-super-copa-sao-paulo,Clube de Campo Empyreo - Leme/SP
2014-03-23 14:00:00,Ribeirão Preto Challengers,27 - 05,Empyreo Leme Lizards,,http://www.salaooval.com.br/times/challengers-fa/,http://www.salaooval.com.br/times/empyreo-leme-lizards/,,,iii-super-copa-sao-paulo,Clube de Campo Empyreo - Leme/SP
2014-03-23 14:00:00,Nemesis Football,12 - 13,Avaré Mustangs,,https://www.salaooval.com.br/equipe/nemesis-football/,https://www.salaooval.com.br/equipe/avare-mustangs/,,,iii-super-copa-sao-paulo,Mairinque/SP
2014-03-23 14:00:00,Paulínia Mavericks,15 - 21,Independente Tomahawk,,http://www.salaooval.com.br/times/guarani-indians,http://www.salaooval.com.br/times/tomahawk-fa/,,,iii-super-copa-sao-paulo,Mairinque/SP
2014-04-06 14:00:00,Pouso Alegre Gladiadores,21 - 07,Independente Tomahawk,,http://www.salaooval.com.br/times/pouso-alegre-gladiadores/,http://www.salaooval.com.br/times/tomahawk-fa/,,,iii-super-copa-sao-paulo,Pouso Alegre/MG
2014-04-06 14:00:00,Vinhedo Lumberjacks,34 - 06,Paulínia Mavericks,,http://www.salaooval.com.br/times/ponte-preta-gorilas,http://www.salaooval.com.br/times/guarani-indians,,,iii-super-copa-sao-paulo,Clube de Campo Empyreo - Leme/SP
2014-04-06 14:00:00,Empyreo Leme Lizards,12 - 14,Nemesis Football,,http://www.salaooval.com.br/times/empyreo-leme-lizards/,https://www.salaooval.com.br/equipe/nemesis-football/,,,iii-super-copa-sao-paulo,Clube de Campo Empyreo - Leme/SP
2014-04-13 14:00:00,Nemesis Football,32 - 20,ABC Corsários,,https://www.salaooval.com.br/equipe/nemesis-football/,https://www.salaooval.com.br/equipe/abc-corsarios/,,,iii-super-copa-sao-paulo,São Roque/SP
2014-04-13 14:00:00,Ribeirão Preto Challengers,40 - 08,Avaré Mustangs,,http://www.salaooval.com.br/times/challengers-fa/,https://www.salaooval.com.br/equipe/avare-mustangs/,,,iii-super-copa-sao-paulo,Tambaú/SP
2014-04-26 14:00:00,Pouso Alegre Gladiadores,03 - 40,Cabritos FA,,http://www.salaooval.com.br/times/pouso-alegre-gladiadores/,https://www.salaooval.com.br/equipe/cabritos-fa/,,,iii-super-copa-sao-paulo,Pouso Alegre/MG
2014-04-27 14:00:00,Ocelots FA,08 - 00,Paulínia Mavericks,,http://www.salaooval.com.br/times/ocelots-fa,http://www.salaooval.com.br/times/guarani-indians,,,iii-super-copa-sao-paulo,Jundiaí/SP
2014-04-27 14:00:00,Cougars Football,14 - 07,Independente Tomahawk,,https://www.salaooval.com.br/equipe/cougars-football/,http://www.salaooval.com.br/times/tomahawk-fa/,,,iii-super-copa-sao-paulo,Clube de Campo Empyreo - Leme/SP
2014-04-27 14:00:00,Empyreo Leme Lizards,35 - 06,Vikings FA,,http://www.salaooval.com.br/times/empyreo-leme-lizards/,https://www.salaooval.com.br/equipe/vikings-fa/,,,iii-super-copa-sao-paulo,
2014-05-03 14:00:00,Ribeirão Preto Challengers,41 - 00,São Paulo Saints,,http://www.salaooval.com.br/times/challengers-fa/,https://www.salaooval.com.br/equipe/sao-paulo-saints/,,,iii-super-copa-sao-paulo,Secretaria Municipal de Esporte - Cravinhos/SP
2014-05-04 14:00:00,Vinhedo Lumberjacks,00 - 68,Corinthians Steamrollers,,http://www.salaooval.com.br/times/ponte-preta-gorilas,http://www.salaooval.com.br/times/corinthians-steamrollers/,,,iii-super-copa-sao-paulo,Vinhedo/SP
2014-05-10 14:00:00,Ocelots FA,25 - 07,Independente Tomahawk,,http://www.salaooval.com.br/times/ocelots-fa,http://www.salaooval.com.br/times/tomahawk-fa/,,,iii-super-copa-sao-paulo,Jundiaí/SP
2014-05-11 14:00:00,Avaré Mustangs,43 - 14,ABC Corsários,,https://www.salaooval.com.br/equipe/avare-mustangs/,https://www.salaooval.com.br/equipe/abc-corsarios/,,,iii-super-copa-sao-paulo,Avaré/SP
2014-05-11 14:00:00,Ribeirão Preto Challengers,52 - 00,Vikings FA,,http://www.salaooval.com.br/times/challengers-fa/,https://www.salaooval.com.br/equipe/vikings-fa/,,,iii-super-copa-sao-paulo,Paulínia/SP
2014-05-11 14:00:00,Cougars Football,14 - 28,Paulínia Mavericks,,https://www.salaooval.com.br/equipe/cougars-football/,http://www.salaooval.com.br/times/guarani-indians,,,iii-super-copa-sao-paulo,Paulínia/SP
2014-05-17 14:00:00,Pouso Alegre Gladiadores,00 - 57,Corinthians Steamrollers,,http://www.salaooval.com.br/times/pouso-alegre-gladiadores/,http://www.salaooval.com.br/times/corinthians-steamrollers/,,,iii-super-copa-sao-paulo,Pouso Alegre/MG
2014-05-17 14:00:00,Cabritos FA,31 - 09,Vinhedo Lumberjacks,,https://www.salaooval.com.br/equipe/cabritos-fa/,http://www.salaooval.com.br/times/ponte-preta-gorilas,,,iii-super-copa-sao-paulo,Pouso Alegre/MG
2014-05-18 14:00:00,Empyreo Leme Lizards,31 - 00,São Paulo Saints,,http://www.salaooval.com.br/times/empyreo-leme-lizards/,https://www.salaooval.com.br/equipe/sao-paulo-saints/,,,iii-super-copa-sao-paulo,Mairinque/SP
2014-05-18 14:00:00,Nemesis Football,12 - 02,Ocelots FA,,https://www.salaooval.com.br/equipe/nemesis-football/,http://www.salaooval.com.br/times/ocelots-fa,,,iii-super-copa-sao-paulo,Mairinque/SP
2014-05-25 14:00:00,Avaré Mustangs,36 - 06,Paulínia Mavericks,,https://www.salaooval.com.br/equipe/avare-mustangs/,http://www.salaooval.com.br/times/guarani-indians,,,iii-super-copa-sao-paulo,Avaré/SP
2014-05-25 14:00:00,Nemesis Football,35 - 06,Independente Tomahawk,,https://www.salaooval.com.br/equipe/nemesis-football/,http://www.salaooval.com.br/times/tomahawk-fa/,,,iii-super-copa-sao-paulo,Avaré/SP
2014-06-01 14:00:00,Vinhedo Lumberjacks,21 - 43,Ribeirão Preto Challengers,,http://www.salaooval.com.br/times/ponte-preta-gorilas,http://www.salaooval.com.br/times/challengers-fa/,,,iii-super-copa-sao-paulo,Clube de Campo Empyreo - Leme/SP
2014-06-01 14:00:00,Empyreo Leme Lizards,42 - 00,Pouso Alegre Gladiadores,,http://www.salaooval.com.br/times/empyreo-leme-lizards/,http://www.salaooval.com.br/times/pouso-alegre-gladiadores/,,,iii-super-copa-sao-paulo,Clube de Campo Empyreo - Leme/SP
2014-06-07 14:00:00,Vinhedo Lumberjacks,20 - 16,Avaré Mustangs,,http://www.salaooval.com.br/times/ponte-preta-gorilas,https://www.salaooval.com.br/equipe/avare-mustangs/,,,iii-super-copa-sao-paulo,Vinhedo/SP
2014-06-08 14:00:00,Pouso Alegre Gladiadores,09 - 16,Nemesis Football,,http://www.salaooval.com.br/times/pouso-alegre-gladiadores/,https://www.salaooval.com.br/equipe/nemesis-football/,,,iii-super-copa-sao-paulo,Pouso Alegre/MG
2014-06-08 14:00:00,Paulínia Mavericks,06 - 41,Ribeirão Preto Challengers,,http://www.salaooval.com.br/times/guarani-indians,http://www.salaooval.com.br/times/challengers-fa/,,,iii-super-copa-sao-paulo,Paulínia/SP
2014-06-08 14:00:00,Empyreo Leme Lizards,41 - 06,Independente Tomahawk,,http://www.salaooval.com.br/times/empyreo-leme-lizards/,http://www.salaooval.com.br/times/tomahawk-fa/,,,iii-super-copa-sao-paulo,Paulínia/SP
2014-06-15 14:00:00,Avaré Mustangs,06 - 33,Corinthians Steamrollers,,https://www.salaooval.com.br/equipe/avare-mustangs/,http://www.salaooval.com.br/times/corinthians-steamrollers/,,,iii-super-copa-sao-paulo,Guarulhos/SP
2014-03-30 14:00:00,Cabritos FA,12 - 57,Corinthians Steamrollers,,https://www.salaooval.com.br/equipe/cabritos-fa/,http://www.salaooval.com.br/times/corinthians-steamrollers/,,,iii-super-copa-sao-paulo,Serra/ES
2014-03-30 14:00:00,Vikings FA,00 - 20,ABC Corsários,,https://www.salaooval.com.br/equipe/vikings-fa/,https://www.salaooval.com.br/equipe/abc-corsarios/,,,iii-super-copa-sao-paulo,São Bernardo do Campo/SP
2014-04-12 14:00:00,Vikings FA,09 - 25,São Paulo Saints,,https://www.salaooval.com.br/equipe/vikings-fa/,https://www.salaooval.com.br/equipe/sao-paulo-saints/,,,iii-super-copa-sao-paulo,Ribeirão Pires/SP
2014-04-12 14:00:00,Cougars Football,06 - 16,Cabritos FA,,https://www.salaooval.com.br/equipe/cougars-football/,https://www.salaooval.com.br/equipe/cabritos-fa/,,,iii-super-copa-sao-paulo,Ribeirão Pires/SP
2014-04-13 14:00:00,Ocelots FA,00 - 71,Corinthians Steamrollers,,http://www.salaooval.com.br/times/ocelots-fa,http://www.salaooval.com.br/times/corinthians-steamrollers/,,,iii-super-copa-sao-paulo,São Roque/SP
2014-04-27 14:00:00,São Paulo Saints,06 - 22,ABC Corsários,,https://www.salaooval.com.br/equipe/sao-paulo-saints/,https://www.salaooval.com.br/equipe/abc-corsarios/,,,iii-super-copa-sao-paulo,Jundiaí/SP
2014-06-01 14:00:00,ABC Corsários,27 - 19,Cougars Football,,https://www.salaooval.com.br/equipe/abc-corsarios/,https://www.salaooval.com.br/equipe/cougars-football/,,,iii-super-copa-sao-paulo,Guarulhos/SP
2014-06-01 14:00:00,Corinthians Steamrollers,00 - 06,São Paulo Saints,,http://www.salaooval.com.br/times/corinthians-steamrollers/,https://www.salaooval.com.br/equipe/sao-paulo-saints/,,,iii-super-copa-sao-paulo,Guarulhos/SP
2014-06-14 14:00:00,São Paulo Saints,12 - 43,Ocelots FA,,https://www.salaooval.com.br/equipe/sao-paulo-saints/,http://www.salaooval.com.br/times/ocelots-fa,,,iii-super-copa-sao-paulo,Osasco/SP
2014-06-14 14:00:00,ABC Corsários,23 - 43,Cabritos FA,,https://www.salaooval.com.br/equipe/abc-corsarios/,https://www.salaooval.com.br/equipe/cabritos-fa/,,,iii-super-copa-sao-paulo,Osasco/SP
2014-06-15 14:00:00,Vikings FA,11 - 22,Cougars Football,,https://www.salaooval.com.br/equipe/vikings-fa/,https://www.salaooval.com.br/equipe/cougars-football/,,,iii-super-copa-sao-paulo,Guarulhos/SP
2014-06-21 14:00:00,Cougars Football,15 - 20,Ocelots FA,,https://www.salaooval.com.br/equipe/cougars-football/,http://www.salaooval.com.br/times/ocelots-fa,,,iii-super-copa-sao-paulo,Guarulhos/SP
2014-06-21 14:00:00,Vikings FA,28 - 00,Cabritos FA,,https://www.salaooval.com.br/equipe/vikings-fa/,https://www.salaooval.com.br/equipe/cabritos-fa/,,,iii-super-copa-sao-paulo,W.O.
2014-06-29 14:00:00,Corinthians Steamrollers,68 - 00,ABC Corsários,,http://www.salaooval.com.br/times/corinthians-steamrollers/,https://www.salaooval.com.br/equipe/abc-corsarios/,,,iii-super-copa-sao-paulo,
2014-06-29 14:00:00,Nemesis Football,12 - 20,Vinhedo Lumberjacks,,https://www.salaooval.com.br/equipe/nemesis-football/,http://www.salaooval.com.br/times/ponte-preta-gorilas,,,iii-super-copa-sao-paulo,
2014-06-29 14:00:00,Ribeirão Preto Challengers,20 - 00,Empyreo Leme Lizards,,http://www.salaooval.com.br/times/challengers-fa/,http://www.salaooval.com.br/times/empyreo-leme-lizards/,,,iii-super-copa-sao-paulo,
2014-07-05 14:00:00,Cabritos FA,34 - 10,Ocelots FA,,https://www.salaooval.com.br/equipe/cabritos-fa/,http://www.salaooval.com.br/times/ocelots-fa,,,iii-super-copa-sao-paulo,
2014-07-12 14:00:00,Vinhedo Lumberjacks,15 - 20,Ribeirão Preto Challengers,,http://www.salaooval.com.br/times/ponte-preta-gorilas,http://www.salaooval.com.br/times/challengers-fa/,,,iii-super-copa-sao-paulo,
2014-07-12 14:00:00,Cabritos FA,00 - 42,Corinthians Steamrollers,,https://www.salaooval.com.br/equipe/cabritos-fa/,http://www.salaooval.com.br/times/corinthians-steamrollers/,,,iii-super-copa-sao-paulo,
2014-07-20 14:00:00,Corinthians Steamrollers,13 - 00,Ribeirão Preto Challengers,,http://www.salaooval.com.br/times/corinthians-steamrollers/,http://www.salaooval.com.br/times/challengers-fa/,,,iii-super-copa-sao-paulo,
